-- Generated by Craft v2.6.3011 on 1 mrt. 2018 09:14:27.

--
-- Disable foreign key checks and autocommit.
--

SET FOREIGN_KEY_CHECKS = 0;
SET SQL_MODE = "NO_AUTO_VALUE_ON_ZERO";
SET AUTOCOMMIT = 0;
SET NAMES utf8;


DROP TABLE IF EXISTS `craft_assetfiles`;


--
-- Schema for table `craft_assetfiles`
--
CREATE TABLE `craft_assetfiles` (
  `id` int(11) NOT NULL,
  `sourceId` int(11) DEFAULT NULL,
  `folderId` int(11) NOT NULL,
  `filename` varchar(255) COLLATE utf8_unicode_ci NOT NULL,
  `kind` varchar(50) COLLATE utf8_unicode_ci NOT NULL DEFAULT 'unknown',
  `width` int(11) unsigned DEFAULT NULL,
  `height` int(11) unsigned DEFAULT NULL,
  `size` bigint(20) unsigned DEFAULT NULL,
  `dateModified` datetime DEFAULT NULL,
  `dateCreated` datetime NOT NULL,
  `dateUpdated` datetime NOT NULL,
  `uid` char(36) COLLATE utf8_unicode_ci NOT NULL DEFAULT '0',
  PRIMARY KEY (`id`),
  UNIQUE KEY `craft_assetfiles_filename_folderId_unq_idx` (`filename`,`folderId`),
  KEY `craft_assetfiles_sourceId_fk` (`sourceId`),
  KEY `craft_assetfiles_folderId_fk` (`folderId`)
) ENGINE=InnoDB DEFAULT CHARSET=utf8 COLLATE=utf8_unicode_ci;

--
-- Data for table `craft_assetfiles`
--

INSERT INTO `craft_assetfiles` (`id`, `sourceId`, `folderId`, `filename`, `kind`, `width`, `height`, `size`, `dateModified`, `dateCreated`, `dateUpdated`, `uid`) VALUES
 ('24', '2', '14', 'AER-Compact60-150x150.jpg', 'image', '1200', '1200', '442433', '2018-02-21 15:03:36', '2018-02-21 15:03:36', '2018-02-21 15:03:36', '76b796c1-7773-4ec6-ba4e-c08ca333cc52'),
 ('25', '2', '14', 'marshall-2203.jpg', 'image', '730', '730', '87499', '2018-02-21 15:03:36', '2018-02-21 15:03:36', '2018-02-21 15:03:36', '936f211d-f865-4906-9598-72d86386c35b'),
 ('26', '2', '14', 'marshall-2204-150x150.jpg', 'image', '575', '575', '36396', '2018-02-21 15:03:37', '2018-02-21 15:03:37', '2018-02-21 15:03:37', 'af99e73b-b566-4374-bafc-f125a3faa516'),
 ('28', '4', '17', 'dilan.jpg', 'image', '640', '640', '20605', '2018-02-21 15:43:07', '2018-02-21 15:43:07', '2018-02-21 15:43:07', 'a7c56346-ec82-4988-a23e-24c6a23337b1'),
 ('29', '4', '17', 'Faya-Milla-Ellis-Moore.jpg', 'image', '538', '538', '49448', '2018-02-21 15:43:07', '2018-02-21 15:43:07', '2018-02-21 15:43:07', '1dea3e59-2ba0-485f-a7b0-696e226c1f4f'),
 ('30', '4', '17', 'remco-hoeneveld.jpg', 'image', '640', '640', '71162', '2018-02-21 15:43:07', '2018-02-21 15:43:07', '2018-02-21 15:43:07', '0b2f1a24-6119-49db-9211-0335c5a8d1fe'),
 ('31', '3', '16', '1204-ONE-WORLD-BAND_02.jpg', 'image', '737', '507', '104483', '2018-02-21 15:44:02', '2018-02-21 15:44:02', '2018-02-21 15:44:02', 'a3473a5b-d48d-4988-bdcc-043a3fa47fe7'),
 ('33', '5', '18', 'JamaicaPR6_2_14P02H.jpg', 'image', '960', '637', '90797', '2018-02-21 15:44:22', '2018-02-21 15:44:22', '2018-02-21 15:44:22', '6b3c998c-f078-4684-bd36-4f748618b24e'),
 ('34', '5', '18', 'maxresdefault-1.jpg', 'image', '1280', '720', '149049', '2018-02-21 15:44:22', '2018-02-21 15:44:22', '2018-02-21 15:44:22', 'd6d7e488-bc8d-4355-8daf-1b7fd1fde735'),
 ('35', '5', '18', 'maxresdefault.jpg', 'image', '1280', '720', '62953', '2018-02-21 15:44:22', '2018-02-21 15:44:22', '2018-02-21 15:44:22', '043a2b9e-dcc3-4f97-9474-58168dcf4f41'),
 ('36', '5', '18', 'reggae-night.jpg', 'image', '550', '413', '29950', '2018-02-21 15:44:23', '2018-02-21 15:44:23', '2018-02-21 15:44:23', '298b403d-998f-4647-b13b-7f7530386c1e'),
 ('37', '5', '18', 'StephenZiggyMarley.jpg', 'image', '620', '400', '123405', '2018-02-21 15:44:23', '2018-02-21 15:44:23', '2018-02-21 15:44:23', '13628354-a0df-4ee9-be9c-86d1accc0a94'),
 ('38', '1', '1', '20108570_756867254493142_1608030923218655468_n.jpg', 'image', '766', '766', '153798', '2018-02-21 15:46:07', '2018-02-21 15:46:07', '2018-02-21 15:46:07', '6884b5b2-91c2-47e5-a00b-f99c9930393b'),
 ('39', '1', '1', '20139960_756858411160693_1824294467137751100_n.jpg', 'image', '960', '540', '72526', '2018-02-21 15:46:07', '2018-02-21 15:46:07', '2018-02-21 15:46:07', '810efd16-dcfa-47b4-bc27-e9b13fc8a2c8'),
 ('40', '6', '19', '20108570_756867254493142_1608030923218655468_n.jpg', 'image', '766', '766', '153798', '2018-02-21 16:11:32', '2018-02-21 16:11:32', '2018-02-21 16:11:32', '7d5ec6c6-6096-4db3-bb95-60e04dee4aa1'),
 ('41', '6', '19', '20139960_756858411160693_1824294467137751100_n.jpg', 'image', '960', '540', '72526', '2018-02-21 16:11:33', '2018-02-21 16:11:33', '2018-02-21 16:11:33', '051fcb34-7252-49ae-903b-a8a2b125e8ff'),
 ('42', '6', '19', '1204-ONE-WORLD-BAND_02.jpg', 'image', '737', '507', '104483', '2018-02-21 16:11:42', '2018-02-21 16:11:42', '2018-02-21 16:11:42', '013ceaad-40f3-4f43-a81c-e0c41863b85e'),
 ('44', '1', '1', 'backline.jpg', 'image', '1280', '853', '456172', '2018-02-21 16:22:52', '2018-02-21 16:22:52', '2018-02-21 16:22:52', '26dd997b-04aa-4bc0-b713-024e8b7f4c15'),
 ('45', '6', '19', 'wc1696785.png', 'image', '1280', '800', '369067', '2018-02-22 13:03:16', '2018-02-22 13:03:16', '2018-02-22 13:03:16', '47020297-271d-48c4-bc62-daa2fd254648'),
 ('46', '6', '19', 'wc1696786.jpg', 'image', '2560', '1440', '538736', '2018-02-22 13:03:17', '2018-02-22 13:03:17', '2018-02-22 13:03:17', '177b8b34-d350-4627-963c-6904366a048f'),
 ('47', '6', '19', 'wc1696789.jpg', 'image', '1600', '900', '70686', '2018-02-22 13:03:17', '2018-02-22 13:03:17', '2018-02-22 13:03:17', 'c4dee30c-8ccd-4b7b-b8c5-1e2ee033e1cc'),
 ('48', '6', '19', 'wc1696790.jpg', 'image', '1920', '1080', '97058', '2018-02-22 13:03:18', '2018-02-22 13:03:18', '2018-02-22 13:03:18', 'e94800b2-2710-44eb-9ca0-14e0fe74aaaf'),
 ('49', '6', '19', 'wc1696791.jpg', 'image', '2560', '1600', '690539', '2018-02-22 13:03:18', '2018-02-22 13:03:18', '2018-02-22 13:03:18', 'fca773f8-d621-498c-9bad-d7b3c83e5ebe'),
 ('50', '6', '19', 'wc1696805.jpg', 'image', '1280', '1024', '129070', '2018-02-22 13:03:18', '2018-02-22 13:03:18', '2018-02-22 13:03:18', 'a86b9f12-a09d-431f-806d-580af40e71f1'),
 ('51', '6', '19', 'wc1696809.jpg', 'image', '1600', '900', '77127', '2018-02-22 13:03:19', '2018-02-22 13:03:19', '2018-02-22 13:03:19', 'd2c4ea2e-53dc-4a59-ac27-1759815ee591'),
 ('52', '6', '19', 'wc1696811.jpg', 'image', '1920', '1080', '377360', '2018-02-22 13:03:19', '2018-02-22 13:03:19', '2018-02-22 13:03:19', '25d08d2a-a3ae-4c27-97fa-2b7137d37cfa'),
 ('53', '6', '19', 'wc1696813.jpg', 'image', '1920', '1080', '51694', '2018-02-22 13:03:19', '2018-02-22 13:03:19', '2018-02-22 13:03:19', '933c0bd1-bbd3-41af-ae40-7bc59ad969bf'),
 ('54', '6', '19', 'wc1696814.jpg', 'image', '1024', '819', '29806', '2018-02-22 13:03:20', '2018-02-22 13:03:20', '2018-02-22 13:03:20', '4fa4b4a4-de15-466c-ac5e-f6d72782b594'),
 ('55', '6', '19', 'wc1696817.jpg', 'image', '1300', '813', '36431', '2018-02-22 13:03:20', '2018-02-22 13:03:20', '2018-02-22 13:03:20', 'f952b1d3-295e-4e83-9925-78e18bfbacf8'),
 ('56', '3', '16', 'dubtonic-kru.jpg', 'image', '579', '371', '154852', '2018-02-22 16:37:53', '2018-02-22 16:37:53', '2018-02-22 16:37:53', 'd1450e61-1c0d-4d96-92b1-c3d59b63f571'),
 ('57', '3', '16', 'Hurricane-Reggae-Band.jpg', 'image', '593', '369', '52717', '2018-02-22 16:37:53', '2018-02-22 16:37:53', '2018-02-22 16:37:53', '338bab35-2493-4342-a63f-aae442d75de4'),
 ('58', '3', '16', 'Rubera-Roots-Band-photo-11.jpg', 'image', '1300', '753', '245290', '2018-02-22 16:37:53', '2018-02-22 16:37:53', '2018-02-22 16:37:53', '57169f8e-bde2-4ad9-8810-f0a4a34b9ae1'),
 ('62', '4', '17', 'AAEAAQAAAAAAAAZSAAAAJDU2NjQ3ZDEwLTcxYzktNDRjZS1iNmRkLTdhOTk1MjEzNTI4NQ.jpg', 'image', '450', '450', '31105', '2018-02-24 12:52:04', '2018-02-24 12:35:12', '2018-02-24 12:35:12', '4c712074-b819-4d03-be0b-2c44bf7adcff'),
 ('63', '4', '17', 'AAMAAgDGAAwAAQAAAAAAABFkAAAAJDJkMjQ4YTM4LWJlZTYtNDM0NS1hMTIxLTE1ZmYyNDZhMjU5Mg.jpg', 'image', '400', '400', '40024', '2018-02-24 12:52:04', '2018-02-24 12:35:12', '2018-02-24 12:35:12', '8fbe0669-d338-41f8-84a5-3ad3b070e7e5');



DROP TABLE IF EXISTS `craft_assetfolders`;


--
-- Schema for table `craft_assetfolders`
--
CREATE TABLE `craft_assetfolders` (
  `id` int(11) NOT NULL AUTO_INCREMENT,
  `parentId` int(11) DEFAULT NULL,
  `sourceId` int(11) DEFAULT NULL,
  `name` varchar(255) COLLATE utf8_unicode_ci NOT NULL,
  `path` varchar(255) COLLATE utf8_unicode_ci DEFAULT NULL,
  `dateCreated` datetime NOT NULL,
  `dateUpdated` datetime NOT NULL,
  `uid` char(36) COLLATE utf8_unicode_ci NOT NULL DEFAULT '0',
  PRIMARY KEY (`id`),
  UNIQUE KEY `craft_assetfolders_name_parentId_sourceId_unq_idx` (`name`,`parentId`,`sourceId`),
  KEY `craft_assetfolders_parentId_fk` (`parentId`),
  KEY `craft_assetfolders_sourceId_fk` (`sourceId`)
) ENGINE=InnoDB AUTO_INCREMENT=20 DEFAULT CHARSET=utf8 COLLATE=utf8_unicode_ci;

--
-- Data for table `craft_assetfolders`
--

INSERT INTO `craft_assetfolders` (`id`, `parentId`, `sourceId`, `name`, `path`, `dateCreated`, `dateUpdated`, `uid`) VALUES
 ('1', NULL, '1', 'images', '', '2018-02-21 08:23:44', '2018-02-21 08:23:44', '375f36f2-66af-440e-946c-ae053f50de83'),
 ('2', NULL, NULL, 'Temporary source', NULL, '2018-02-21 08:29:46', '2018-02-21 08:29:46', 'c6796889-d381-4545-97f2-c667edb864c7'),
 ('3', '2', NULL, 'user_1', 'user_1/', '2018-02-21 08:29:46', '2018-02-21 08:29:46', '8cfba458-2164-464c-9912-e1846779656d'),
 ('4', '3', NULL, 'field_3', 'user_1/field_3/', '2018-02-21 08:29:46', '2018-02-21 08:29:46', '5454d6cd-9180-4d81-a9c9-4d39839e699f'),
 ('5', '1', '1', 'jamaica-p4', 'jamaica-p4/', '2018-02-21 08:31:54', '2018-02-21 08:31:54', '0a189f16-c74a-4bdd-907f-ddfd212e988b'),
 ('6', '1', '1', 'summerjam-2017', 'summerjam-2017/', '2018-02-21 08:32:24', '2018-02-21 08:32:24', '46e1294b-256e-46a8-8647-6b6fa752fa71'),
 ('7', '1', '1', 'reggae-night', 'reggae-night/', '2018-02-21 08:32:39', '2018-02-21 08:32:39', 'b9f41a5e-9b0c-4e50-aa82-0eaaecdc9a5e'),
 ('8', '1', '1', 'jam-around-the-world', 'jam-around-the-world/', '2018-02-21 08:33:01', '2018-02-21 08:33:01', '3e070751-7fe3-474d-b487-287ee397a58a'),
 ('9', '1', '1', 'ziggy-marley-ziggodome', 'ziggy-marley-ziggodome/', '2018-02-21 08:33:20', '2018-02-21 08:33:20', '95ed9690-c84d-47fb-bd32-18cb13f866ee'),
 ('10', '1', '1', 'homepage', 'homepage/', '2018-02-21 08:44:44', '2018-02-21 08:44:44', '9234caeb-2f68-4918-8a59-117bee041698'),
 ('11', '1', '1', 'dilan-tekin', 'dilan-tekin/', '2018-02-21 10:36:37', '2018-02-21 10:36:37', 'a88779a5-d9dd-4236-b025-64c8b7ab5e62'),
 ('12', '1', '1', 'faya-milla', 'faya-milla/', '2018-02-21 10:36:53', '2018-02-21 10:36:53', 'a644f2b2-ee48-45a7-b5ee-95a0beddc751'),
 ('13', '1', '1', 'remco-hoeneveld', 'remco-hoeneveld/', '2018-02-21 10:37:06', '2018-02-21 10:37:06', '6eb5ec52-bd2b-4e99-86c5-ae732c99a04f'),
 ('14', NULL, '2', 'backline', '', '2018-02-21 14:46:51', '2018-02-21 14:46:51', '70a48b33-4770-4297-86a1-61ffa55d5a4c'),
 ('15', '1', '1', 'backline', 'backline/', '2018-02-21 15:06:14', '2018-02-21 15:06:14', '3b44c073-dffe-4094-a94a-f5fe0df67631'),
 ('16', NULL, '3', 'bands', '', '2018-02-21 15:29:06', '2018-02-21 15:29:06', 'e9b90e5e-15b9-4df0-9754-49805797c982'),
 ('17', NULL, '4', 'artists', '', '2018-02-21 15:29:22', '2018-02-21 15:29:22', 'c4a2ca33-75b6-4309-bae1-4a31f2617288'),
 ('18', NULL, '5', 'shows', '', '2018-02-21 15:31:38', '2018-02-21 15:31:38', '08f3a158-3459-4cc8-9dff-4cd46ebf2d1c'),
 ('19', NULL, '6', 'media', '', '2018-02-21 16:06:33', '2018-02-21 16:06:33', '2402c3e5-c8a2-41ee-b836-5a173d798597');



DROP TABLE IF EXISTS `craft_assetindexdata`;


--
-- Schema for table `craft_assetindexdata`
--
CREATE TABLE `craft_assetindexdata` (
  `id` int(11) NOT NULL AUTO_INCREMENT,
  `sessionId` varchar(36) COLLATE utf8_unicode_ci NOT NULL DEFAULT '',
  `sourceId` int(10) NOT NULL,
  `offset` int(10) NOT NULL,
  `uri` varchar(255) COLLATE utf8_unicode_ci DEFAULT NULL,
  `size` varchar(255) COLLATE utf8_unicode_ci DEFAULT NULL,
  `recordId` int(10) DEFAULT NULL,
  `dateCreated` datetime NOT NULL,
  `dateUpdated` datetime NOT NULL,
  `uid` char(36) COLLATE utf8_unicode_ci NOT NULL DEFAULT '0',
  PRIMARY KEY (`id`),
  UNIQUE KEY `craft_assetindexdata_sessionId_sourceId_offset_unq_idx` (`sessionId`,`sourceId`,`offset`),
  KEY `craft_assetindexdata_sourceId_fk` (`sourceId`)
) ENGINE=InnoDB DEFAULT CHARSET=utf8 COLLATE=utf8_unicode_ci;

DROP TABLE IF EXISTS `craft_assetsources`;


--
-- Schema for table `craft_assetsources`
--
CREATE TABLE `craft_assetsources` (
  `id` int(11) NOT NULL AUTO_INCREMENT,
  `name` varchar(255) COLLATE utf8_unicode_ci NOT NULL,
  `handle` varchar(255) COLLATE utf8_unicode_ci NOT NULL,
  `type` varchar(150) COLLATE utf8_unicode_ci NOT NULL,
  `settings` text COLLATE utf8_unicode_ci,
  `sortOrder` smallint(6) unsigned DEFAULT NULL,
  `fieldLayoutId` int(10) DEFAULT NULL,
  `dateCreated` datetime NOT NULL,
  `dateUpdated` datetime NOT NULL,
  `uid` char(36) COLLATE utf8_unicode_ci NOT NULL DEFAULT '0',
  PRIMARY KEY (`id`),
  UNIQUE KEY `craft_assetsources_name_unq_idx` (`name`),
  UNIQUE KEY `craft_assetsources_handle_unq_idx` (`handle`),
  KEY `craft_assetsources_fieldLayoutId_fk` (`fieldLayoutId`)
) ENGINE=InnoDB AUTO_INCREMENT=7 DEFAULT CHARSET=utf8 COLLATE=utf8_unicode_ci;

--
-- Data for table `craft_assetsources`
--

INSERT INTO `craft_assetsources` (`id`, `name`, `handle`, `type`, `settings`, `sortOrder`, `fieldLayoutId`, `dateCreated`, `dateUpdated`, `uid`) VALUES
 ('1', 'images', 'images', 'Local', '{\"path\":\"images\\/\",\"publicURLs\":\"1\",\"url\":\"images\\/\"}', '1', '24', '2018-02-21 08:23:44', '2018-02-21 14:46:58', 'b65b4341-426f-4ed5-8fb5-89728cf22f48'),
 ('2', 'backline', 'backline', 'Local', '{\"path\":\"images\\/backline\\/\",\"publicURLs\":\"1\",\"url\":\"images\\/backline\\/\"}', '2', '26', '2018-02-21 14:46:51', '2018-02-21 15:03:29', '961d3412-70cc-46b9-a3d6-a31b1938c178'),
 ('3', 'bands', 'bands', 'Local', '{\"path\":\"images\\/bands\\/\",\"publicURLs\":\"1\",\"url\":\"images\\/bands\\/\"}', '3', '27', '2018-02-21 15:29:06', '2018-02-21 15:29:06', '64136d54-100f-40ad-9288-a4f9961d6101'),
 ('4', 'artists', 'artists', 'Local', '{\"path\":\"images\\/artists\\/\",\"publicURLs\":\"1\",\"url\":\"images\\/artists\\/\"}', '4', '28', '2018-02-21 15:29:22', '2018-02-21 15:29:22', '5850b843-6372-4e9a-8231-1c48f77b84ed'),
 ('5', 'shows', 'shows', 'Local', '{\"path\":\"images\\/shows\\/\",\"publicURLs\":\"1\",\"url\":\"images\\/shows\\/\"}', '5', '29', '2018-02-21 15:31:38', '2018-02-21 15:31:38', '5ed7a1d5-17e8-4e5b-a9d9-3a2fddc07680'),
 ('6', 'media', 'media', 'Local', '{\"path\":\"images\\/media\\/\",\"publicURLs\":\"1\",\"url\":\"images\\/media\\/\"}', '6', '33', '2018-02-21 16:06:33', '2018-02-21 16:06:33', 'b2a4ea80-4515-4dbd-aef4-6d4aa3a024d5');



DROP TABLE IF EXISTS `craft_assettransformindex`;


--
-- Schema for table `craft_assettransformindex`
--
CREATE TABLE `craft_assettransformindex` (
  `id` int(11) NOT NULL AUTO_INCREMENT,
  `fileId` int(11) NOT NULL,
  `filename` varchar(255) COLLATE utf8_unicode_ci DEFAULT NULL,
  `format` varchar(255) COLLATE utf8_unicode_ci DEFAULT NULL,
  `location` varchar(255) COLLATE utf8_unicode_ci NOT NULL,
  `sourceId` int(11) DEFAULT NULL,
  `fileExists` tinyint(1) DEFAULT NULL,
  `inProgress` tinyint(1) DEFAULT NULL,
  `dateIndexed` datetime DEFAULT NULL,
  `dateCreated` datetime NOT NULL,
  `dateUpdated` datetime NOT NULL,
  `uid` char(36) COLLATE utf8_unicode_ci NOT NULL DEFAULT '0',
  PRIMARY KEY (`id`),
  KEY `craft_assettransformindex_sourceId_fileId_location_idx` (`sourceId`,`fileId`,`location`)
) ENGINE=InnoDB DEFAULT CHARSET=utf8 COLLATE=utf8_unicode_ci;

DROP TABLE IF EXISTS `craft_assettransforms`;


--
-- Schema for table `craft_assettransforms`
--
CREATE TABLE `craft_assettransforms` (
  `id` int(11) NOT NULL AUTO_INCREMENT,
  `name` varchar(255) COLLATE utf8_unicode_ci NOT NULL,
  `handle` varchar(255) COLLATE utf8_unicode_ci NOT NULL,
  `mode` enum('stretch','fit','crop') COLLATE utf8_unicode_ci NOT NULL DEFAULT 'crop',
  `position` enum('top-left','top-center','top-right','center-left','center-center','center-right','bottom-left','bottom-center','bottom-right') COLLATE utf8_unicode_ci NOT NULL DEFAULT 'center-center',
  `height` int(10) DEFAULT NULL,
  `width` int(10) DEFAULT NULL,
  `format` varchar(255) COLLATE utf8_unicode_ci DEFAULT NULL,
  `quality` int(10) DEFAULT NULL,
  `dimensionChangeTime` datetime DEFAULT NULL,
  `dateCreated` datetime NOT NULL,
  `dateUpdated` datetime NOT NULL,
  `uid` char(36) COLLATE utf8_unicode_ci NOT NULL DEFAULT '0',
  PRIMARY KEY (`id`),
  UNIQUE KEY `craft_assettransforms_name_unq_idx` (`name`),
  UNIQUE KEY `craft_assettransforms_handle_unq_idx` (`handle`)
) ENGINE=InnoDB DEFAULT CHARSET=utf8 COLLATE=utf8_unicode_ci;

DROP TABLE IF EXISTS `craft_categories`;


--
-- Schema for table `craft_categories`
--
CREATE TABLE `craft_categories` (
  `id` int(11) NOT NULL,
  `groupId` int(11) NOT NULL,
  `dateCreated` datetime NOT NULL,
  `dateUpdated` datetime NOT NULL,
  `uid` char(36) COLLATE utf8_unicode_ci NOT NULL DEFAULT '0',
  PRIMARY KEY (`id`),
  KEY `craft_categories_groupId_fk` (`groupId`)
) ENGINE=InnoDB DEFAULT CHARSET=utf8 COLLATE=utf8_unicode_ci;

DROP TABLE IF EXISTS `craft_categorygroups`;


--
-- Schema for table `craft_categorygroups`
--
CREATE TABLE `craft_categorygroups` (
  `id` int(11) NOT NULL AUTO_INCREMENT,
  `structureId` int(11) NOT NULL,
  `fieldLayoutId` int(11) DEFAULT NULL,
  `name` varchar(255) COLLATE utf8_unicode_ci NOT NULL,
  `handle` varchar(255) COLLATE utf8_unicode_ci NOT NULL,
  `hasUrls` tinyint(1) unsigned NOT NULL DEFAULT '1',
  `template` varchar(500) COLLATE utf8_unicode_ci DEFAULT NULL,
  `dateCreated` datetime NOT NULL,
  `dateUpdated` datetime NOT NULL,
  `uid` char(36) COLLATE utf8_unicode_ci NOT NULL DEFAULT '0',
  PRIMARY KEY (`id`),
  UNIQUE KEY `craft_categorygroups_name_unq_idx` (`name`),
  UNIQUE KEY `craft_categorygroups_handle_unq_idx` (`handle`),
  KEY `craft_categorygroups_structureId_fk` (`structureId`),
  KEY `craft_categorygroups_fieldLayoutId_fk` (`fieldLayoutId`)
) ENGINE=InnoDB DEFAULT CHARSET=utf8 COLLATE=utf8_unicode_ci;

DROP TABLE IF EXISTS `craft_categorygroups_i18n`;


--
-- Schema for table `craft_categorygroups_i18n`
--
CREATE TABLE `craft_categorygroups_i18n` (
  `id` int(11) NOT NULL AUTO_INCREMENT,
  `groupId` int(11) NOT NULL,
  `locale` char(12) COLLATE utf8_unicode_ci NOT NULL,
  `urlFormat` text COLLATE utf8_unicode_ci,
  `nestedUrlFormat` text COLLATE utf8_unicode_ci,
  `dateCreated` datetime NOT NULL,
  `dateUpdated` datetime NOT NULL,
  `uid` char(36) COLLATE utf8_unicode_ci NOT NULL DEFAULT '0',
  PRIMARY KEY (`id`),
  UNIQUE KEY `craft_categorygroups_i18n_groupId_locale_unq_idx` (`groupId`,`locale`),
  KEY `craft_categorygroups_i18n_locale_fk` (`locale`)
) ENGINE=InnoDB DEFAULT CHARSET=utf8 COLLATE=utf8_unicode_ci;

DROP TABLE IF EXISTS `craft_content`;


--
-- Schema for table `craft_content`
--
CREATE TABLE `craft_content` (
  `id` int(11) NOT NULL AUTO_INCREMENT,
  `elementId` int(11) NOT NULL,
  `locale` char(12) COLLATE utf8_unicode_ci NOT NULL,
  `title` varchar(255) COLLATE utf8_unicode_ci DEFAULT NULL,
  `field_body` text COLLATE utf8_unicode_ci,
  `field_backlinePackageBands` text COLLATE utf8_unicode_ci,
  `field_backlinePackageSounds` text COLLATE utf8_unicode_ci,
  `field_backlinePackageBoth` text COLLATE utf8_unicode_ci,
  `field_headerPosition` varchar(255) COLLATE utf8_unicode_ci DEFAULT 'center',
  `field_profession` varchar(255) COLLATE utf8_unicode_ci DEFAULT NULL,
  `field_spotifyplaylistlink` text COLLATE utf8_unicode_ci,
  `field_youtubeUrl` text COLLATE utf8_unicode_ci,
  `field_soundcloudUrl` text COLLATE utf8_unicode_ci,
  `dateCreated` datetime NOT NULL,
  `dateUpdated` datetime NOT NULL,
  `uid` char(36) COLLATE utf8_unicode_ci NOT NULL DEFAULT '0',
  PRIMARY KEY (`id`),
  UNIQUE KEY `craft_content_elementId_locale_unq_idx` (`elementId`,`locale`),
  KEY `craft_content_title_idx` (`title`),
  KEY `craft_content_locale_fk` (`locale`)
) ENGINE=InnoDB AUTO_INCREMENT=64 DEFAULT CHARSET=utf8 COLLATE=utf8_unicode_ci;

--
-- Data for table `craft_content`
--

INSERT INTO `craft_content` (`id`, `elementId`, `locale`, `title`, `field_body`, `field_backlinePackageBands`, `field_backlinePackageSounds`, `field_backlinePackageBoth`, `field_headerPosition`, `field_profession`, `field_spotifyplaylistlink`, `field_youtubeUrl`, `field_soundcloudUrl`, `dateCreated`, `dateUpdated`, `uid`) VALUES
 ('1', '1', 'nl', NULL, NULL, NULL, NULL, NULL, 'center', NULL, NULL, NULL, NULL, '2018-02-20 09:10:16', '2018-02-20 09:10:16', '3d1c7c19-948b-420c-a452-c2c408abe7dd'),
 ('2', '2', 'nl', 'Welcome to Big Lion Promotions', '<p><strong>Lorem Ipsum</strong> is simply dummy text of the printing and typesetting industry. Lorem Ipsum has been the industry\'s standard dummy text ever since the 1500s, when an unknown printer took a galley of type and scrambled it to make a type specimen book. It has survived not only five centuries, but also the leap into electronic typesetting, remaining essentially unchanged. It was popularised in the 1960s with the release of Letraset sheets containing Lorem Ipsum passages, and more recently with desktop publishing software like Aldus PageMaker including versions of Lorem Ipsum.</p>', NULL, NULL, NULL, 'center', NULL, NULL, NULL, NULL, '2018-02-20 09:10:18', '2018-02-21 15:46:12', '28544d7d-84dc-44da-a6d0-84e48bcdfc99'),
 ('3', '3', 'nl', 'The band is now back toghether!', '<p><strong>Lorem Ipsum</strong> is simply dummy text of the printing and typesetting industry. Lorem Ipsum has been the industry\'s standard dummy text ever since the 1500s, when an unknown printer took a galley of type and scrambled it to make a type specimen book. It has survived not only five centuries, but also the leap into electronic typesetting, remaining essentially unchanged. It was popularised in the 1960s with the release of Letraset sheets containing Lorem Ipsum passages, and more recently with desktop publishing software like Aldus PageMaker including versions of Lorem Ipsum.</p>\n<p>It is a long established fact that a reader will be distracted by the readable content of a page when looking at its layout. The point of using Lorem Ipsum is that it has a more-or-less normal distribution of letters, as opposed to using \'Content here, content here\', making it look like readable English. Many desktop publishing packages and web page editors now use Lorem Ipsum as their default model text, and a search for \'lorem ipsum\' will uncover many web sites still in their infancy. Various versions have evolved over the years, sometimes by accident, sometimes on purpose (injected humour and the like).</p>', NULL, NULL, NULL, 'center', NULL, NULL, NULL, NULL, '2018-02-20 09:10:18', '2018-02-20 22:07:27', 'e87ad691-dab7-40b6-ac2d-9379e01e2332'),
 ('4', '4', 'nl', 'contact', NULL, NULL, NULL, NULL, 'center', NULL, NULL, NULL, NULL, '2018-02-20 09:11:22', '2018-02-20 09:11:22', 'd3fce3f6-8449-448a-b5e8-cca4aed82d94'),
 ('10', '10', 'nl', 'Jamaica P4', '<p><strong>Lorem Ipsum</strong> is simply dummy text of the printing and typesetting industry. Lorem Ipsum has been the industry\'s standard dummy text ever since the 1500s, when an unknown printer took a galley of type and scrambled it to make a type specimen book. It has survived not only five centuries, but also the leap into electronic typesetting, remaining essentially unchanged. It was popularised in the 1960s with the release of Letraset sheets containing Lorem Ipsum passages, and more recently with desktop publishing software like Aldus PageMaker including versions of Lorem Ipsum.</p>', NULL, NULL, NULL, 'center', NULL, NULL, NULL, NULL, '2018-02-21 08:31:54', '2018-02-22 16:06:30', '46836fa9-0ad1-4ee1-87a8-29c1b40cf99c'),
 ('11', '11', 'nl', 'Sunrise 2017', '<p><strong>Lorem Ipsum</strong> is simply dummy text of the printing and typesetting industry. Lorem Ipsum has been the industry\'s standard dummy text ever since the 1500s, when an unknown printer took a galley of type and scrambled it to make a type specimen book. It has survived not only five centuries, but also the leap into electronic typesetting, remaining essentially unchanged. It was popularised in the 1960s with the release of Letraset sheets containing Lorem Ipsum passages, and more recently with desktop publishing software like Aldus PageMaker including versions of Lorem Ipsum.</p>', NULL, NULL, NULL, 'center', NULL, NULL, 'olXNswhKsPE', '220655213', '2018-02-21 08:32:24', '2018-02-26 08:26:48', '0b9498ec-25a0-44cf-9820-9891ca1209cc'),
 ('12', '12', 'nl', 'Reggae Night', '<p><strong>Lorem Ipsum</strong> is simply dummy text of the printing and typesetting industry. Lorem Ipsum has been the industry\'s standard dummy text ever since the 1500s, when an unknown printer took a galley of type and scrambled it to make a type specimen book. It has survived not only five centuries, but also the leap into electronic typesetting, remaining essentially unchanged. It was popularised in the 1960s with the release of Letraset sheets containing Lorem Ipsum passages, and more recently with desktop publishing software like Aldus PageMaker including versions of Lorem Ipsum.</p>', NULL, NULL, NULL, 'top', NULL, NULL, NULL, NULL, '2018-02-21 08:32:39', '2018-02-22 16:17:39', '9a86ab7f-5ca8-4bdf-ac45-d153322aba27'),
 ('13', '13', 'nl', 'Jam around the world!', '<p><strong>Lorem Ipsum</strong> is simply dummy text of the printing and typesetting industry. Lorem Ipsum has been the industry\'s standard dummy text ever since the 1500s, when an unknown printer took a galley of type and scrambled it to make a type specimen book. It has survived not only five centuries, but also the leap into electronic typesetting, remaining essentially unchanged. It was popularised in the 1960s with the release of Letraset sheets containing Lorem Ipsum passages, and more recently with desktop publishing software like Aldus PageMaker including versions of Lorem Ipsum.</p>', NULL, NULL, NULL, 'top', NULL, NULL, 'bqlhSF1hlsw', NULL, '2018-02-21 08:33:01', '2018-02-24 16:38:14', '61fe0769-b385-4d97-ba32-37b6171b5125'),
 ('14', '14', 'nl', 'Ziggy Marley Ziggodome', '<p><strong>Lorem Ipsum</strong> is simply dummy text of the printing and typesetting industry. Lorem Ipsum has been the industry\'s standard dummy text ever since the 1500s, when an unknown printer took a galley of type and scrambled it to make a type specimen book. It has survived not only five centuries, but also the leap into electronic typesetting, remaining essentially unchanged. It was popularised in the 1960s with the release of Letraset sheets containing Lorem Ipsum passages, and more recently with desktop publishing software like Aldus PageMaker including versions of Lorem Ipsum.</p>', NULL, NULL, NULL, 'top', NULL, NULL, NULL, NULL, '2018-02-21 08:33:20', '2018-02-22 16:17:22', '8cc999a7-479d-4d0d-9f43-73343a74c45d'),
 ('20', '20', 'nl', 'Dilan Tekin', '<p><strong>Lorem ipsum</strong>. L <strong>Lorem ipsum</strong> dolor sit amet, consectetuer adipiscing elit. Aenean commodo ligula eget dolor. Aenean massa. Cum sociis natoque penatibus et magnis dis parturient montes, nascetur ridiculus mus. Donec quam felis, ultricies nec, pellentesque eu, pretium quis, sem. Nulla consequat massa quis enim. Donec</p>', NULL, NULL, NULL, 'center', '[\"Gitarist\"]', NULL, NULL, NULL, '2018-02-21 10:36:36', '2018-02-22 16:57:30', 'ac13afb4-dcc7-403b-b4db-db55846b0977'),
 ('21', '21', 'nl', 'Faya Milla', '<p><strong>Lorem ipsum</strong>. L <strong>Lorem ipsum</strong> dolor sit amet, consectetuer adipiscing elit. Aenean commodo ligula eget dolor. Aenean massa. Cum sociis natoque penatibus et magnis dis parturient montes, nascetur ridiculus mus. Donec quam felis, ultricies nec, pellentesque eu, pretium quis, sem. Nulla consequat massa quis enim. Donec</p>', NULL, NULL, NULL, 'center', '[\"Zanger\"]', NULL, NULL, NULL, '2018-02-21 10:36:53', '2018-02-22 16:57:34', 'edfedd57-b4fc-4e55-882b-165c9c06a28f'),
 ('22', '22', 'nl', 'Remco Hoeneveld', '<p><strong>Lorem ipsum</strong>. L <strong>Lorem ipsum</strong> dolor sit amet, consectetuer adipiscing elit. Aenean commodo ligula eget dolor. Aenean massa. Cum sociis natoque penatibus et magnis dis parturient montes, nascetur ridiculus mus. Donec quam felis, ultricies nec, pellentesque eu, pretium quis, sem. Nulla consequat massa quis enim. Donec</p>', NULL, NULL, NULL, 'center', '[\"Producer\"]', NULL, NULL, NULL, '2018-02-21 10:37:06', '2018-02-22 16:57:25', 'e781fec5-c814-49ab-bcd6-3ff6bde860f1'),
 ('23', '23', 'nl', 'backline', '<p>Sed ut perspiciatis unde omnis iste natus error sit voluptatem accusantium doloremque laudantium, totam rem aperiam, eaque ipsa quae ab illo inventore veritatis et quasi architecto beatae vitae dicta sunt explicabo. Nemo enim ipsam voluptatem quia voluptas sit aspernatur aut odit aut fugit, sed quia consequuntur magni dolores eos qui ratione voluptatem sequi nesciunt. Neque porro quisquam est, qui dolorem ipsum quia dolor sit amet, consectetur, adipisci velit, sed quia non numquam eius modi tempora incidunt ut labore et dolore magnam aliquam quaerat voluptatem. Ut enim ad minima veniam, quis nostrum exercitationem ullam corporis suscipit laboriosam, nisi ut aliquid ex ea commodi consequatur? Quis autem vel eum iure reprehenderit qui in ea voluptate velit esse quam nihil molestiae consequatur, vel illum qui dolorem eum fugiat quo voluptas nulla pariatur?</p>', '​Sed ut perspiciatis unde omnis iste natus error sit voluptatem accusantium doloremque laudantium, totam rem aperiam, eaque ipsa quae ab illo inventore veritatis et quasi architecto beatae vitae dicta sunt explicabo. Nemo enim ipsam voluptatem quia voluptas sit aspernatur aut odit aut fugit, sed quia consequuntur magni dolores eos qui ratione voluptatem sequi nesciunt. Neque porro quisquam est, qui dolorem ipsum quia dolor sit amet, consectetur, adipisci velit, sed quia non numquam eius modi tempora incidunt ut labore et dolore magnam aliquam quaerat voluptatem. Ut enim ad minima veniam, quis nostrum exercitationem ullam corporis suscipit laboriosam, nisi ut aliquid ex ea commodi consequatur? Quis autem vel eum iure reprehenderit qui in ea voluptate velit esse quam nihil molestiae consequatur, vel illum qui dolorem eum fugiat quo voluptas nulla pariatur?​', '​Sed ut perspiciatis unde omnis iste natus error sit voluptatem accusantium doloremque laudantium, totam rem aperiam, eaque ipsa quae ab illo inventore veritatis et quasi architecto beatae vitae dicta sunt explicabo. Nemo enim ipsam voluptatem quia voluptas sit aspernatur aut odit aut fugit, sed quia consequuntur magni dolores eos qui ratione voluptatem sequi nesciunt. Neque porro quisquam est, qui dolorem ipsum quia dolor sit amet, consectetur, adipisci velit, sed quia non numquam eius modi tempora incidunt ut labore et dolore magnam aliquam quaerat voluptatem. Ut enim ad minima veniam, quis nostrum exercitationem ullam corporis suscipit laboriosam, nisi ut aliquid ex ea commodi consequatur? Quis autem vel eum iure reprehenderit qui in ea voluptate velit esse quam nihil molestiae consequatur, vel illum qui dolorem eum fugiat quo voluptas nulla pariatur?​', '​Sed ut perspiciatis unde omnis iste natus error sit voluptatem accusantium doloremque laudantium, totam rem aperiam, eaque ipsa quae ab illo inventore veritatis et quasi architecto beatae vitae dicta sunt explicabo. Nemo enim ipsam voluptatem quia voluptas sit aspernatur aut odit aut fugit, sed quia consequuntur magni dolores eos qui ratione voluptatem sequi nesciunt. Neque porro quisquam est, qui dolorem ipsum quia dolor sit amet, consectetur, adipisci velit, sed quia non numquam eius modi tempora incidunt ut labore et dolore magnam aliquam quaerat voluptatem. Ut enim ad minima veniam, quis nostrum exercitationem ullam corporis suscipit laboriosam, nisi ut aliquid ex ea commodi consequatur? Quis autem vel eum iure reprehenderit qui in ea voluptate velit esse quam nihil molestiae consequatur, vel illum qui dolorem eum fugiat quo voluptas nulla pariatur?​', 'center', NULL, NULL, NULL, NULL, '2018-02-21 14:36:33', '2018-02-21 16:22:55', '3a0fe434-11ea-4401-ba3d-2e779868ca9e'),
 ('24', '24', 'nl', 'Aer Compact60 150X150', NULL, NULL, NULL, NULL, 'center', NULL, NULL, NULL, NULL, '2018-02-21 15:03:36', '2018-02-21 15:03:36', 'f8e27912-1f38-4044-9a5a-57756faad698'),
 ('25', '25', 'nl', 'Marshall 2203', NULL, NULL, NULL, NULL, 'center', NULL, NULL, NULL, NULL, '2018-02-21 15:03:36', '2018-02-21 15:03:36', 'ad418566-cc2c-4601-9b04-1676b58de6f2'),
 ('26', '26', 'nl', 'Marshall 2204 150X150', NULL, NULL, NULL, NULL, 'center', NULL, NULL, NULL, NULL, '2018-02-21 15:03:37', '2018-02-21 15:03:37', '6c9c3fda-8647-40da-89ab-f12d6659fcc1'),
 ('28', '28', 'nl', 'Dilan', NULL, NULL, NULL, NULL, 'center', NULL, NULL, NULL, NULL, '2018-02-21 15:43:06', '2018-02-21 15:43:06', '73a78e76-75f0-4fe0-9bf5-8641c07bfa5b'),
 ('29', '29', 'nl', 'Faya Milla Ellis Moore', NULL, NULL, NULL, NULL, 'center', NULL, NULL, NULL, NULL, '2018-02-21 15:43:07', '2018-02-21 15:43:07', '7429c9b8-5b68-4599-9c42-100883f98de1'),
 ('30', '30', 'nl', 'Remco Hoeneveld', NULL, NULL, NULL, NULL, 'center', NULL, NULL, NULL, NULL, '2018-02-21 15:43:07', '2018-02-21 15:43:07', '7bd0a18c-1907-447f-9980-182592ec8502'),
 ('31', '31', 'nl', '1204 One World Band 02', NULL, NULL, NULL, NULL, 'center', NULL, NULL, NULL, NULL, '2018-02-21 15:44:02', '2018-02-21 15:44:02', '7bc41c1b-68a5-4a53-b4d8-9dcd6ec075c4'),
 ('32', '32', 'nl', 'One world band', '<p>\"Lorem ipsum dolor sit amet, consectetur adipiscing elit, sed do eiusmod tempor incididunt ut labore et dolore magna aliqua. Ut enim ad minim veniam, quis nostrud exercitation ullamco laboris nisi ut aliquip ex ea commodo consequat. Duis aute irure dolor in reprehenderit in voluptate velit esse cillum dolore eu fugiat nulla pariatur. Excepteur sint occaecat cupidatat non proident, sunt in culpa qui officia deserunt mollit anim id est laborum.\"</p>', NULL, NULL, NULL, 'center', NULL, 'https://open.spotify.com/user/1149497125/playlist/6e1uyRaf8lPNSw1k5v3LQr?si=CYjzXA-UR-SCTdkpUGodgg', NULL, NULL, '2018-02-21 15:44:04', '2018-02-24 14:38:49', 'd8e67747-9705-41ae-a98d-983b8a1a3df2'),
 ('33', '33', 'nl', 'Jamaica Pr6 2 14 P02 H', NULL, NULL, NULL, NULL, 'center', NULL, NULL, NULL, NULL, '2018-02-21 15:44:22', '2018-02-21 15:44:22', 'd9465e19-2ece-42fd-9adb-559ac58c22e2'),
 ('34', '34', 'nl', 'Maxresdefault 1', NULL, NULL, NULL, NULL, 'center', NULL, NULL, NULL, NULL, '2018-02-21 15:44:22', '2018-02-21 15:44:22', '21030da4-2a11-43b9-91db-c09e6abe4e59'),
 ('35', '35', 'nl', 'Maxresdefault', NULL, NULL, NULL, NULL, 'center', NULL, NULL, NULL, NULL, '2018-02-21 15:44:22', '2018-02-21 15:44:22', 'b31d00ba-7e85-4324-bde2-76864a45a751'),
 ('36', '36', 'nl', 'Reggae Night', NULL, NULL, NULL, NULL, 'center', NULL, NULL, NULL, NULL, '2018-02-21 15:44:23', '2018-02-21 15:44:23', 'a20f2a60-f170-4630-8537-ff9cc42d4ae3'),
 ('37', '37', 'nl', 'Stephen Ziggy Marley', NULL, NULL, NULL, NULL, 'center', NULL, NULL, NULL, NULL, '2018-02-21 15:44:23', '2018-02-21 15:44:23', 'e412909e-82c8-4b89-8cde-39b0ea61ff94'),
 ('38', '38', 'nl', '20108570 756867254493142 1608030923218655468 N', NULL, NULL, NULL, NULL, 'center', NULL, NULL, NULL, NULL, '2018-02-21 15:46:07', '2018-02-21 15:46:07', 'e8b3e06f-a5b4-4b38-a079-b079f5034a1e'),
 ('39', '39', 'nl', '20139960 756858411160693 1824294467137751100 N', NULL, NULL, NULL, NULL, 'center', NULL, NULL, NULL, NULL, '2018-02-21 15:46:07', '2018-02-21 15:46:07', 'f848cba0-4da6-4192-88a9-61abf7c5226e'),
 ('40', '40', 'nl', '20108570 756867254493142 1608030923218655468 N', NULL, NULL, NULL, NULL, 'center', NULL, NULL, NULL, NULL, '2018-02-21 16:11:32', '2018-02-21 16:11:32', '1fa15779-05e5-47d3-8649-d870d6f479b3'),
 ('41', '41', 'nl', '20139960 756858411160693 1824294467137751100 N', NULL, NULL, NULL, NULL, 'center', NULL, NULL, NULL, NULL, '2018-02-21 16:11:33', '2018-02-21 16:11:33', 'f9de9421-25f8-49c5-8c3b-34abdd6683fc'),
 ('42', '42', 'nl', 'one world band!', NULL, NULL, NULL, NULL, 'center', NULL, NULL, NULL, NULL, '2018-02-21 16:11:42', '2018-02-24 11:55:37', '44f7c6d9-921e-47ee-897f-b7f507a98287'),
 ('43', '43', 'nl', 'Media', NULL, NULL, NULL, NULL, 'center', NULL, NULL, NULL, NULL, '2018-02-21 16:12:30', '2018-02-24 11:54:29', '7bd7cb2a-d507-4b1e-aa23-0f21d29b1768'),
 ('44', '44', 'nl', 'Backline', NULL, NULL, NULL, NULL, 'center', NULL, NULL, NULL, NULL, '2018-02-21 16:22:52', '2018-02-21 16:22:52', '0591fb55-02b6-4f7e-878b-4bf6071da73b'),
 ('45', '45', 'nl', 'Wc1696785', NULL, NULL, NULL, NULL, 'center', NULL, NULL, NULL, NULL, '2018-02-22 13:03:16', '2018-02-22 13:03:16', 'df3529d4-2b89-4f32-83e2-e044dec2573b'),
 ('46', '46', 'nl', 'Wc1696786', NULL, NULL, NULL, NULL, 'center', NULL, NULL, NULL, NULL, '2018-02-22 13:03:17', '2018-02-22 13:03:17', 'a5159ec8-0e36-414d-b113-0d639154f3cc'),
 ('47', '47', 'nl', 'Wc1696789', NULL, NULL, NULL, NULL, 'center', NULL, NULL, NULL, NULL, '2018-02-22 13:03:17', '2018-02-22 13:03:17', '6e96cf06-8188-4cdf-94a7-d9071f541202'),
 ('48', '48', 'nl', 'Wc1696790', NULL, NULL, NULL, NULL, 'center', NULL, NULL, NULL, NULL, '2018-02-22 13:03:18', '2018-02-22 13:03:18', 'a1684267-f5fe-4348-859a-93fbbfd55820'),
 ('49', '49', 'nl', 'Wc1696791', NULL, NULL, NULL, NULL, 'center', NULL, NULL, NULL, NULL, '2018-02-22 13:03:18', '2018-02-22 13:03:18', 'b7000014-3294-4d84-834f-ca342b925871'),
 ('50', '50', 'nl', 'Wc1696805', NULL, NULL, NULL, NULL, 'center', NULL, NULL, NULL, NULL, '2018-02-22 13:03:18', '2018-02-22 13:03:18', '36378beb-7908-4fe6-afe6-b595a8c79e08'),
 ('51', '51', 'nl', 'Wc1696809', NULL, NULL, NULL, NULL, 'center', NULL, NULL, NULL, NULL, '2018-02-22 13:03:19', '2018-02-22 13:03:19', 'f7df743a-6de1-48c0-b425-0c53db9a6447'),
 ('52', '52', 'nl', 'Wc1696811', NULL, NULL, NULL, NULL, 'center', NULL, NULL, NULL, NULL, '2018-02-22 13:03:19', '2018-02-22 13:03:19', '44e1fcb7-40a0-48e5-baf1-ca7d19387662'),
 ('53', '53', 'nl', 'Wc1696813', NULL, NULL, NULL, NULL, 'center', NULL, NULL, NULL, NULL, '2018-02-22 13:03:19', '2018-02-22 13:03:19', '80831de8-54b1-4255-8111-d6b99c63ff42'),
 ('54', '54', 'nl', 'Wc1696814', NULL, NULL, NULL, NULL, 'center', NULL, NULL, NULL, NULL, '2018-02-22 13:03:20', '2018-02-22 13:03:20', 'cd3fd4a0-b118-4ceb-a82e-1f24e85de9ea'),
 ('55', '55', 'nl', 'Wc1696817', NULL, NULL, NULL, NULL, 'center', NULL, NULL, NULL, NULL, '2018-02-22 13:03:20', '2018-02-22 13:03:20', '4b21e9ab-9e83-4e34-a05c-35b908c8c186'),
 ('56', '56', 'nl', 'Dubtonic Kru', NULL, NULL, NULL, NULL, 'center', NULL, NULL, NULL, NULL, '2018-02-22 16:37:53', '2018-02-22 16:37:53', 'e1d7fc03-6b37-40cc-9160-7cf54a80e362'),
 ('57', '57', 'nl', 'Hurricane Reggae Band', NULL, NULL, NULL, NULL, 'center', NULL, NULL, NULL, NULL, '2018-02-22 16:37:53', '2018-02-22 16:37:53', '3d8d9130-61d5-4373-9989-fdb750810b22'),
 ('58', '58', 'nl', 'Rubera Roots Band Photo 11', NULL, NULL, NULL, NULL, 'center', NULL, NULL, NULL, NULL, '2018-02-22 16:37:53', '2018-02-22 16:37:53', '773b4d9b-c535-405d-921d-86743b948c29'),
 ('59', '59', 'nl', 'Roots band rotterdam', '<p>In tegenstelling tot wat algemeen aangenomen wordt is Lorem Ipsum niet zomaar willekeurige tekst. het heeft zijn wortels in een stuk klassieke latijnse literatuur uit 45 v.Chr. en is dus meer dan 2000 jaar oud. Richard McClintock, een professor latijn aan de Hampden-Sydney College in Virginia, heeft één van de meer obscure latijnse woorden, consectetur, uit een Lorem Ipsum passage opgezocht, en heeft tijdens het zoeken naar het woord in de klassieke literatuur de onverdachte bron ontdekt. Lorem Ipsum komt uit de secties 1.10.32 en 1.10.33 van \"de Finibus Bonorum et Malorum\" (De uitersten van goed en kwaad) door Cicero, geschreven in 45 v.Chr. Dit boek is een verhandeling over de theorie der ethiek, erg populair tijdens de renaissance. De eerste regel van Lorem Ipsum, \"Lorem ipsum dolor sit amet..\", komt uit een zin in sectie 1.10.32.</p>', NULL, NULL, NULL, 'center', NULL, NULL, NULL, NULL, '2018-02-22 16:38:00', '2018-02-22 16:38:20', '46671405-9db9-45ba-9741-65ed5b942d8c'),
 ('60', '60', 'nl', 'Hurracane Reggae Band', '<p>In tegenstelling tot wat algemeen aangenomen wordt is Lorem Ipsum niet zomaar willekeurige tekst. het heeft zijn wortels in een stuk klassieke latijnse literatuur uit 45 v.Chr. en is dus meer dan 2000 jaar oud. Richard McClintock, een professor latijn aan de Hampden-Sydney College in Virginia, heeft één van de meer obscure latijnse woorden, consectetur, uit een Lorem Ipsum passage opgezocht, en heeft tijdens het zoeken naar het woord in de klassieke literatuur de onverdachte bron ontdekt. Lorem Ipsum komt uit de secties 1.10.32 en 1.10.33 van \"de Finibus Bonorum et Malorum\" (De uitersten van goed en kwaad) door Cicero, geschreven in 45 v.Chr. Dit boek is een verhandeling over de theorie der ethiek, erg populair tijdens de renaissance. De eerste regel van Lorem Ipsum, \"Lorem ipsum dolor sit amet..\", komt uit een zin in sectie 1.10.32.</p>', NULL, NULL, NULL, 'center', NULL, NULL, NULL, NULL, '2018-02-22 16:38:54', '2018-02-22 16:38:54', '813e5443-e3c9-49b0-9d42-f7da9834f346'),
 ('62', '62', 'nl', 'Aaeaaqaaaaaaaazsaaaajdu2 Nj Q3 Zdew Ltcx Yzkt Ndrj Zs1I Nm Rk Ltdh Otk1 Mj Ez Nti4 Nq', NULL, NULL, NULL, NULL, 'center', '[\"Gitarist\"]', NULL, NULL, NULL, '2018-02-24 12:35:12', '2018-02-24 12:35:12', '13dcdb64-3b6a-4635-951a-4e1ddc5a9875'),
 ('63', '63', 'nl', 'Aamaag Dgaaw Aaqaaaaaaabfk Aaaajdjk Mj Q4 Ytm4 Lwjl Ztyt Ndm0 Ns1H Mtix Lte1 Zm Yy Ndzh Mj U5 Mg', NULL, NULL, NULL, NULL, 'center', '[\"Gitarist\"]', NULL, NULL, NULL, '2018-02-24 12:35:12', '2018-02-24 12:35:12', '09736a9a-3fb5-4cca-8155-a46e80bee994');



DROP TABLE IF EXISTS `craft_deprecationerrors`;


--
-- Schema for table `craft_deprecationerrors`
--
CREATE TABLE `craft_deprecationerrors` (
  `id` int(11) NOT NULL AUTO_INCREMENT,
  `key` varchar(255) COLLATE utf8_unicode_ci NOT NULL,
  `fingerprint` varchar(255) COLLATE utf8_unicode_ci NOT NULL,
  `lastOccurrence` datetime NOT NULL,
  `file` varchar(255) COLLATE utf8_unicode_ci NOT NULL,
  `line` smallint(6) unsigned NOT NULL,
  `class` varchar(255) COLLATE utf8_unicode_ci DEFAULT NULL,
  `method` varchar(255) COLLATE utf8_unicode_ci DEFAULT NULL,
  `template` varchar(255) COLLATE utf8_unicode_ci DEFAULT NULL,
  `templateLine` smallint(6) unsigned DEFAULT NULL,
  `message` varchar(255) COLLATE utf8_unicode_ci DEFAULT NULL,
  `traces` text COLLATE utf8_unicode_ci,
  `dateCreated` datetime NOT NULL,
  `dateUpdated` datetime NOT NULL,
  `uid` char(36) COLLATE utf8_unicode_ci NOT NULL DEFAULT '0',
  PRIMARY KEY (`id`),
  UNIQUE KEY `craft_deprecationerrors_key_fingerprint_unq_idx` (`key`,`fingerprint`)
) ENGINE=InnoDB DEFAULT CHARSET=utf8 COLLATE=utf8_unicode_ci;

DROP TABLE IF EXISTS `craft_elementindexsettings`;


--
-- Schema for table `craft_elementindexsettings`
--
CREATE TABLE `craft_elementindexsettings` (
  `id` int(11) NOT NULL AUTO_INCREMENT,
  `type` varchar(150) COLLATE utf8_unicode_ci NOT NULL,
  `settings` text COLLATE utf8_unicode_ci,
  `dateCreated` datetime NOT NULL,
  `dateUpdated` datetime NOT NULL,
  `uid` char(36) COLLATE utf8_unicode_ci NOT NULL DEFAULT '0',
  PRIMARY KEY (`id`),
  UNIQUE KEY `craft_elementindexsettings_type_unq_idx` (`type`)
) ENGINE=InnoDB DEFAULT CHARSET=utf8 COLLATE=utf8_unicode_ci;

DROP TABLE IF EXISTS `craft_elements`;


--
-- Schema for table `craft_elements`
--
CREATE TABLE `craft_elements` (
  `id` int(11) NOT NULL AUTO_INCREMENT,
  `type` varchar(150) COLLATE utf8_unicode_ci NOT NULL,
  `enabled` tinyint(1) unsigned NOT NULL DEFAULT '1',
  `archived` tinyint(1) unsigned NOT NULL DEFAULT '0',
  `dateCreated` datetime NOT NULL,
  `dateUpdated` datetime NOT NULL,
  `uid` char(36) COLLATE utf8_unicode_ci NOT NULL DEFAULT '0',
  PRIMARY KEY (`id`),
  KEY `craft_elements_type_idx` (`type`),
  KEY `craft_elements_enabled_idx` (`enabled`),
  KEY `craft_elements_archived_dateCreated_idx` (`archived`,`dateCreated`)
) ENGINE=InnoDB AUTO_INCREMENT=64 DEFAULT CHARSET=utf8 COLLATE=utf8_unicode_ci;

--
-- Data for table `craft_elements`
--

INSERT INTO `craft_elements` (`id`, `type`, `enabled`, `archived`, `dateCreated`, `dateUpdated`, `uid`) VALUES
 ('1', 'User', '1', '0', '2018-02-20 09:10:16', '2018-02-20 09:10:16', 'a5a3171f-df24-4714-85f5-7703e23e7d85'),
 ('2', 'Entry', '1', '0', '2018-02-20 09:10:18', '2018-02-21 15:46:12', '8b1c8fbc-0111-4715-a3c8-677ac7090fe1'),
 ('3', 'Entry', '1', '0', '2018-02-20 09:10:18', '2018-02-20 22:07:27', '7976d94b-3dd0-4e5a-850e-240ba6d4d288'),
 ('4', 'Entry', '1', '0', '2018-02-20 09:11:22', '2018-02-20 09:11:22', '0a2db153-4465-4e39-ab88-074244fce861'),
 ('10', 'Entry', '1', '0', '2018-02-21 08:31:54', '2018-02-22 16:06:30', '688eda8a-3773-4aa6-837c-343b6347c529'),
 ('11', 'Entry', '1', '0', '2018-02-21 08:32:24', '2018-02-26 08:26:48', 'bb16e1a8-4c87-47ba-9332-d3236cfe0b78'),
 ('12', 'Entry', '1', '0', '2018-02-21 08:32:39', '2018-02-22 16:17:39', '723db560-ff47-48ab-a3d2-3202bbf26b9c'),
 ('13', 'Entry', '1', '0', '2018-02-21 08:33:01', '2018-02-24 16:38:14', '258396a7-f49a-4faf-913f-7856596a2de8'),
 ('14', 'Entry', '1', '0', '2018-02-21 08:33:20', '2018-02-22 16:17:22', 'bd00eda6-c80e-49ce-bb2a-f2828900ccb1'),
 ('20', 'Entry', '1', '0', '2018-02-21 10:36:36', '2018-02-22 16:57:30', 'eca1015c-056c-4b0a-85c5-be77f4f3f133'),
 ('21', 'Entry', '1', '0', '2018-02-21 10:36:53', '2018-02-22 16:57:34', '87deaaa6-3210-4d36-8fde-1e2bfce03d10'),
 ('22', 'Entry', '1', '0', '2018-02-21 10:37:06', '2018-02-22 16:57:25', '01b5cc64-e72b-496f-ad34-4c8bd71e6c3f'),
 ('23', 'Entry', '1', '0', '2018-02-21 14:36:33', '2018-02-21 16:22:55', 'c85cffe4-35e4-4222-a311-76cd6957a35c'),
 ('24', 'Asset', '1', '0', '2018-02-21 15:03:36', '2018-02-21 15:03:36', 'e783b29f-a30d-4548-83d4-e26ad6bc5c50'),
 ('25', 'Asset', '1', '0', '2018-02-21 15:03:36', '2018-02-21 15:03:36', 'f64c7fe8-dc30-40c1-b9be-d31ddb766d77'),
 ('26', 'Asset', '1', '0', '2018-02-21 15:03:37', '2018-02-21 15:03:37', '8536135e-a760-4abe-be2e-7cc73902e42d'),
 ('28', 'Asset', '1', '0', '2018-02-21 15:43:06', '2018-02-21 15:43:06', '6b6f6270-2e5e-4833-b79c-2e4c63cfd2da'),
 ('29', 'Asset', '1', '0', '2018-02-21 15:43:07', '2018-02-21 15:43:07', 'c66ee521-d839-430d-9fd7-44aa08bc925e'),
 ('30', 'Asset', '1', '0', '2018-02-21 15:43:07', '2018-02-21 15:43:07', '0d856532-b576-4e31-ac4d-b8adf9f31b18'),
 ('31', 'Asset', '1', '0', '2018-02-21 15:44:02', '2018-02-21 15:44:02', '1cc60876-eae0-42ce-bc9b-eacc0b807c7f'),
 ('32', 'Entry', '1', '0', '2018-02-21 15:44:04', '2018-02-24 14:38:49', '4ff098a1-f02a-48d2-86c7-ad531c890dc7'),
 ('33', 'Asset', '1', '0', '2018-02-21 15:44:22', '2018-02-21 15:44:22', '6b24f221-4744-4b1b-97c9-d5f0a53caa2e'),
 ('34', 'Asset', '1', '0', '2018-02-21 15:44:22', '2018-02-21 15:44:22', 'b9d062bd-ea37-48b2-81c8-22ccd1cdb1e4'),
 ('35', 'Asset', '1', '0', '2018-02-21 15:44:22', '2018-02-21 15:44:22', '1cc7c0bb-4b19-498e-86bf-b032e1e7c7f1'),
 ('36', 'Asset', '1', '0', '2018-02-21 15:44:23', '2018-02-21 15:44:23', '88ee32d1-12cf-4fd7-95bd-aece6f88f86f'),
 ('37', 'Asset', '1', '0', '2018-02-21 15:44:23', '2018-02-21 15:44:23', 'e7cfe3e1-48e0-4e2e-b3a1-ce3c170f21f7'),
 ('38', 'Asset', '1', '0', '2018-02-21 15:46:07', '2018-02-21 15:46:07', 'cb9940f4-a45a-4ae7-b324-39f7fbbddede'),
 ('39', 'Asset', '1', '0', '2018-02-21 15:46:07', '2018-02-21 15:46:07', '62edbddb-bbae-49b9-a005-bf8e3a59f343'),
 ('40', 'Asset', '1', '0', '2018-02-21 16:11:32', '2018-02-21 16:11:32', 'a6aea137-3dd9-4fa9-bc7c-27775784347b'),
 ('41', 'Asset', '1', '0', '2018-02-21 16:11:33', '2018-02-21 16:11:33', 'f1180500-49f6-4b7e-8eb1-6e9a870ce5e2'),
 ('42', 'Asset', '1', '0', '2018-02-21 16:11:42', '2018-02-24 11:55:37', '884ae162-f58c-42bb-a8d2-434847a98188'),
 ('43', 'Entry', '1', '0', '2018-02-21 16:12:30', '2018-02-24 11:54:29', '46cefd4d-a155-41a3-831a-8af3b6cf97da'),
 ('44', 'Asset', '1', '0', '2018-02-21 16:22:52', '2018-02-21 16:22:52', 'dcb8f7f5-481e-40f6-a7d1-8a87e6e7d00f'),
 ('45', 'Asset', '1', '0', '2018-02-22 13:03:16', '2018-02-22 13:03:16', '9657ef8e-6618-41a9-9808-7767b7ad712a'),
 ('46', 'Asset', '1', '0', '2018-02-22 13:03:17', '2018-02-22 13:03:17', '18a58ecb-d909-412a-adca-e3476f13c136'),
 ('47', 'Asset', '1', '0', '2018-02-22 13:03:17', '2018-02-22 13:03:17', '002318b7-aea7-4b2d-a9e3-07ebb15247d4'),
 ('48', 'Asset', '1', '0', '2018-02-22 13:03:18', '2018-02-22 13:03:18', 'bc2e4fc0-e9bb-4211-9f30-f4b4b0c58426'),
 ('49', 'Asset', '1', '0', '2018-02-22 13:03:18', '2018-02-22 13:03:18', '348c8979-af6b-4779-9265-d964bf966454'),
 ('50', 'Asset', '1', '0', '2018-02-22 13:03:18', '2018-02-22 13:03:18', '08d8e4b5-5e3d-4705-84df-b0308d43b53e'),
 ('51', 'Asset', '1', '0', '2018-02-22 13:03:19', '2018-02-22 13:03:19', '13372800-34c3-445b-bf79-33750f77dfa4'),
 ('52', 'Asset', '1', '0', '2018-02-22 13:03:19', '2018-02-22 13:03:19', 'b12ae55e-33e7-402e-b711-33f7a2d60322'),
 ('53', 'Asset', '1', '0', '2018-02-22 13:03:19', '2018-02-22 13:03:19', '6c66cc0f-aaa4-4d3b-991f-ad5dbbb2ca8c'),
 ('54', 'Asset', '1', '0', '2018-02-22 13:03:20', '2018-02-22 13:03:20', '427af50d-d4a5-48dd-9efb-83123a0982db'),
 ('55', 'Asset', '1', '0', '2018-02-22 13:03:20', '2018-02-22 13:03:20', '327bb4d0-2b8f-4d9f-a5c6-7b5bb291e6b9'),
 ('56', 'Asset', '1', '0', '2018-02-22 16:37:53', '2018-02-22 16:37:53', 'bd6d4cac-1121-4742-ac95-55efbcd2c875'),
 ('57', 'Asset', '1', '0', '2018-02-22 16:37:53', '2018-02-22 16:37:53', 'd04d9286-3fa5-4fdf-94d1-a5d96cf9b778'),
 ('58', 'Asset', '1', '0', '2018-02-22 16:37:53', '2018-02-22 16:37:53', '28a7713c-39a0-475c-9399-2a22482c771e'),
 ('59', 'Entry', '1', '0', '2018-02-22 16:38:00', '2018-02-22 16:38:20', 'edde9ef3-66dd-4301-b92f-5f4f52d100ee'),
 ('60', 'Entry', '1', '0', '2018-02-22 16:38:54', '2018-02-22 16:38:54', 'dc9805ff-d6bc-41cf-af2a-a5959dcbb3a5'),
 ('62', 'Asset', '1', '0', '2018-02-24 12:35:12', '2018-02-24 12:35:12', '0868daa9-4aa3-4a38-94fa-e68ae8395e76'),
 ('63', 'Asset', '1', '0', '2018-02-24 12:35:12', '2018-02-24 12:35:12', '90a48a1f-2375-4eda-8f58-007b39f204ea');



DROP TABLE IF EXISTS `craft_elements_i18n`;


--
-- Schema for table `craft_elements_i18n`
--
CREATE TABLE `craft_elements_i18n` (
  `id` int(11) NOT NULL AUTO_INCREMENT,
  `elementId` int(11) NOT NULL,
  `locale` char(12) COLLATE utf8_unicode_ci NOT NULL,
  `slug` varchar(255) COLLATE utf8_unicode_ci DEFAULT NULL,
  `uri` varchar(255) COLLATE utf8_unicode_ci DEFAULT NULL,
  `enabled` tinyint(1) unsigned NOT NULL DEFAULT '1',
  `dateCreated` datetime NOT NULL,
  `dateUpdated` datetime NOT NULL,
  `uid` char(36) COLLATE utf8_unicode_ci NOT NULL DEFAULT '0',
  PRIMARY KEY (`id`),
  UNIQUE KEY `craft_elements_i18n_elementId_locale_unq_idx` (`elementId`,`locale`),
  UNIQUE KEY `craft_elements_i18n_uri_locale_unq_idx` (`uri`,`locale`),
  KEY `craft_elements_i18n_slug_locale_idx` (`slug`,`locale`),
  KEY `craft_elements_i18n_enabled_idx` (`enabled`),
  KEY `craft_elements_i18n_locale_fk` (`locale`)
) ENGINE=InnoDB AUTO_INCREMENT=64 DEFAULT CHARSET=utf8 COLLATE=utf8_unicode_ci;

--
-- Data for table `craft_elements_i18n`
--

INSERT INTO `craft_elements_i18n` (`id`, `elementId`, `locale`, `slug`, `uri`, `enabled`, `dateCreated`, `dateUpdated`, `uid`) VALUES
 ('1', '1', 'nl', '', NULL, '1', '2018-02-20 09:10:17', '2018-02-20 09:10:17', 'ba192664-82e8-433d-aec6-d8f47f59ee5a'),
 ('2', '2', 'nl', 'homepage', '__home__', '1', '2018-02-20 09:10:18', '2018-02-21 15:46:12', '28daed6a-02fd-47bf-9fbd-ba3b6cb71d82'),
 ('3', '3', 'nl', 'we-just-installed-craft', 'news/2018/we-just-installed-craft', '1', '2018-02-20 09:10:18', '2018-02-20 22:07:27', '41398b16-d84e-47dc-8779-cc41e3f3f928'),
 ('4', '4', 'nl', 'contact', 'contact', '1', '2018-02-20 09:11:22', '2018-02-20 09:11:22', '4e76e693-221e-47df-b4ac-3d2efa09ee9f'),
 ('10', '10', 'nl', 'jamaica-p4', 'shows/jamaica-p4', '1', '2018-02-21 08:31:54', '2018-02-22 16:06:30', 'c64f3c4e-dfc3-4995-9788-350fcea309fe'),
 ('11', '11', 'nl', 'sunrise-2017', 'shows/sunrise-2017', '1', '2018-02-21 08:32:24', '2018-02-26 08:26:48', 'dbff3bc5-acdf-447a-9fbc-38d151f155ce'),
 ('12', '12', 'nl', 'reggae-night', 'shows/reggae-night', '1', '2018-02-21 08:32:39', '2018-02-22 16:17:39', '31acf38e-bc27-4734-bc18-21db098a405e'),
 ('13', '13', 'nl', 'jam-around-the-world', 'shows/jam-around-the-world', '1', '2018-02-21 08:33:01', '2018-02-24 16:38:14', 'df1ca583-3129-4dde-a547-89a8c71b31f7'),
 ('14', '14', 'nl', 'ziggy-marley-ziggodome', 'shows/ziggy-marley-ziggodome', '1', '2018-02-21 08:33:20', '2018-02-22 16:17:22', 'a49bfbe5-3370-48f0-88a4-83a01d3c3492'),
 ('20', '20', 'nl', 'dilan-tekin', 'artists/dilan-tekin', '1', '2018-02-21 10:36:37', '2018-02-22 16:57:30', '809b8455-ae68-466d-86ae-511fb52d2802'),
 ('21', '21', 'nl', 'faya-milla', 'artists/faya-milla', '1', '2018-02-21 10:36:53', '2018-02-22 16:57:34', '44d344e4-b206-478c-b120-1a069e29d692'),
 ('22', '22', 'nl', 'remco-hoeneveld', 'artists/remco-hoeneveld', '1', '2018-02-21 10:37:06', '2018-02-22 16:57:25', '00078eb0-4895-489b-8809-ee03c85096aa'),
 ('23', '23', 'nl', 'backline', 'backline', '1', '2018-02-21 14:36:33', '2018-02-21 16:22:55', 'baf1432d-68d8-4e4b-943e-2eff51296e33'),
 ('24', '24', 'nl', 'aer-compact60-150x150', NULL, '1', '2018-02-21 15:03:36', '2018-02-21 15:03:36', 'f88ef39a-e8a6-4b0a-bef0-46fd08c0dfc8'),
 ('25', '25', 'nl', 'marshall-2203', NULL, '1', '2018-02-21 15:03:36', '2018-02-21 15:03:36', 'd2c6f92a-a0ee-4184-bdd6-8dd106aaf545'),
 ('26', '26', 'nl', 'marshall-2204-150x150', NULL, '1', '2018-02-21 15:03:37', '2018-02-21 15:03:37', 'f36cdd52-e12c-4206-8635-3a6e94f19c95'),
 ('28', '28', 'nl', 'dilan', NULL, '1', '2018-02-21 15:43:07', '2018-02-21 15:43:07', 'c748a34e-9186-4f0b-b604-4c9aa1708771'),
 ('29', '29', 'nl', 'faya-milla-ellis-moore', NULL, '1', '2018-02-21 15:43:07', '2018-02-21 15:43:07', 'a70f8809-80f8-4754-bf72-420a5f7c6407'),
 ('30', '30', 'nl', 'remco-hoeneveld', NULL, '1', '2018-02-21 15:43:07', '2018-02-21 15:43:07', '90f11c96-6cb0-4247-af5f-803d3adb579b'),
 ('31', '31', 'nl', '1204-one-world-band-02', NULL, '1', '2018-02-21 15:44:02', '2018-02-21 15:44:02', 'cbdafff6-21e9-4b26-930e-0a1dcb8078a0'),
 ('32', '32', 'nl', 'one-world-band', 'bands/one-world-band', '1', '2018-02-21 15:44:04', '2018-02-24 14:38:49', 'da18799e-f349-4d77-adeb-a4e84f745fd7'),
 ('33', '33', 'nl', 'jamaica-pr6-2-14-p02-h', NULL, '1', '2018-02-21 15:44:22', '2018-02-21 15:44:22', '34989f19-5042-46ae-9e30-ea5f6e4391f2'),
 ('34', '34', 'nl', 'maxresdefault-1', NULL, '1', '2018-02-21 15:44:22', '2018-02-21 15:44:22', '4ead1672-8d86-4283-8f1c-dbed0e8ec0d8'),
 ('35', '35', 'nl', 'maxresdefault', NULL, '1', '2018-02-21 15:44:22', '2018-02-21 15:44:22', '9df6a272-1581-46e3-88a0-65f22863b52c'),
 ('36', '36', 'nl', 'reggae-night', NULL, '1', '2018-02-21 15:44:23', '2018-02-21 15:44:23', '8fed0f02-b8fa-4ca9-ba04-4a810a6643a8'),
 ('37', '37', 'nl', 'stephen-ziggy-marley', NULL, '1', '2018-02-21 15:44:23', '2018-02-21 15:44:23', 'a2eb2f7d-bc1d-4ea1-907f-52e2aba2556e'),
 ('38', '38', 'nl', '20108570-756867254493142-1608030923218655468-n', NULL, '1', '2018-02-21 15:46:07', '2018-02-21 15:46:07', '2d01653d-273c-4e54-8feb-eaa6804915e9'),
 ('39', '39', 'nl', '20139960-756858411160693-1824294467137751100-n', NULL, '1', '2018-02-21 15:46:07', '2018-02-21 15:46:07', '58f0b856-0b3a-4d24-b57f-53d4ee1723b0'),
 ('40', '40', 'nl', '20108570-756867254493142-1608030923218655468-n', NULL, '1', '2018-02-21 16:11:32', '2018-02-21 16:11:32', '569c852c-e725-414c-9ba5-9066ec6c6018'),
 ('41', '41', 'nl', '20139960-756858411160693-1824294467137751100-n', NULL, '1', '2018-02-21 16:11:33', '2018-02-21 16:11:33', '300c39a8-121a-4dd0-9020-e5bfc1a0d617'),
 ('42', '42', 'nl', '1204-one-world-band-02', NULL, '1', '2018-02-21 16:11:42', '2018-02-24 11:55:37', '1299ecb0-0742-4970-b67c-80627a9586d8'),
 ('43', '43', 'nl', 'media', 'media', '1', '2018-02-21 16:12:31', '2018-02-24 11:54:29', '3ffe53c4-6f83-4f09-8211-6f9d46ccf2be'),
 ('44', '44', 'nl', 'backline', NULL, '1', '2018-02-21 16:22:52', '2018-02-21 16:22:52', 'b947d163-0421-49da-98e7-5fc1a1ec0e3c'),
 ('45', '45', 'nl', 'wc1696785', NULL, '1', '2018-02-22 13:03:16', '2018-02-22 13:03:16', '47df3131-db55-4104-b54a-3b77451c227c'),
 ('46', '46', 'nl', 'wc1696786', NULL, '1', '2018-02-22 13:03:17', '2018-02-22 13:03:17', '472edd42-abde-428e-957d-935bd83c4a0f'),
 ('47', '47', 'nl', 'wc1696789', NULL, '1', '2018-02-22 13:03:17', '2018-02-22 13:03:17', '904bc0c4-3bbb-4034-a2d0-52ba69d9d6c5'),
 ('48', '48', 'nl', 'wc1696790', NULL, '1', '2018-02-22 13:03:18', '2018-02-22 13:03:18', 'f8655518-b141-47fb-be8e-ad4ac702d84a'),
 ('49', '49', 'nl', 'wc1696791', NULL, '1', '2018-02-22 13:03:18', '2018-02-22 13:03:18', '5b6cd015-26de-4ca3-961c-6087f4482999'),
 ('50', '50', 'nl', 'wc1696805', NULL, '1', '2018-02-22 13:03:18', '2018-02-22 13:03:18', 'c07075f2-7665-4133-a27f-bcc1252a21b5'),
 ('51', '51', 'nl', 'wc1696809', NULL, '1', '2018-02-22 13:03:19', '2018-02-22 13:03:19', 'b87d06d9-5f7f-416a-8e67-6be77853463b'),
 ('52', '52', 'nl', 'wc1696811', NULL, '1', '2018-02-22 13:03:19', '2018-02-22 13:03:19', '21973e01-bbf0-43e1-b6a5-e46a5d478f65'),
 ('53', '53', 'nl', 'wc1696813', NULL, '1', '2018-02-22 13:03:19', '2018-02-22 13:03:19', '58d3be50-8dd4-461f-ab9d-28466bbdd16d'),
 ('54', '54', 'nl', 'wc1696814', NULL, '1', '2018-02-22 13:03:20', '2018-02-22 13:03:20', 'a37230ec-edcf-4693-a774-0adcf4f043fe'),
 ('55', '55', 'nl', 'wc1696817', NULL, '1', '2018-02-22 13:03:20', '2018-02-22 13:03:20', 'bca7451f-7890-4456-a445-9f8b0a94aef5'),
 ('56', '56', 'nl', 'dubtonic-kru', NULL, '1', '2018-02-22 16:37:53', '2018-02-22 16:37:53', '5309decf-16e4-425b-972a-940cf8870a35'),
 ('57', '57', 'nl', 'hurricane-reggae-band', NULL, '1', '2018-02-22 16:37:53', '2018-02-22 16:37:53', '879a94d3-487a-478d-b71f-ac1bfa77290c'),
 ('58', '58', 'nl', 'rubera-roots-band-photo-11', NULL, '1', '2018-02-22 16:37:53', '2018-02-22 16:37:53', '9081b834-8be3-422e-8a90-f732bb199529'),
 ('59', '59', 'nl', 'roots-band-rotterdam', 'bands/roots-band-rotterdam', '1', '2018-02-22 16:38:00', '2018-02-22 16:38:20', '523cc268-0898-4655-ac7c-344349aedd2c'),
 ('60', '60', 'nl', 'hurracane-reggae-band', 'bands/hurracane-reggae-band', '1', '2018-02-22 16:38:54', '2018-02-22 16:38:54', '8b2eb156-361b-451e-a121-140f52d870e7'),
 ('62', '62', 'nl', 'aaeaaqaaaaaaaazsaaaajdu2-nj-q3-zdew-ltcx-yzkt-ndrj-zs1i-nm-rk-ltdh-otk1-mj-ez-nti4-nq', NULL, '1', '2018-02-24 12:35:12', '2018-02-24 12:35:12', '0c33fa6b-6a3e-41fd-a050-f147f2072b8b'),
 ('63', '63', 'nl', 'aamaag-dgaaw-aaqaaaaaaabfk-aaaajdjk-mj-q4-ytm4-lwjl-ztyt-ndm0-ns1h-mtix-lte1-zm-yy-ndzh-mj-u5-mg', NULL, '1', '2018-02-24 12:35:12', '2018-02-24 12:35:12', '4b6e55e1-eb77-4f2a-9ca7-0abc842bd976');



DROP TABLE IF EXISTS `craft_emailmessages`;


--
-- Schema for table `craft_emailmessages`
--
CREATE TABLE `craft_emailmessages` (
  `id` int(11) NOT NULL AUTO_INCREMENT,
  `key` char(150) COLLATE utf8_unicode_ci NOT NULL,
  `locale` char(12) COLLATE utf8_unicode_ci NOT NULL,
  `subject` varchar(1000) COLLATE utf8_unicode_ci NOT NULL,
  `body` text COLLATE utf8_unicode_ci NOT NULL,
  `dateCreated` datetime NOT NULL,
  `dateUpdated` datetime NOT NULL,
  `uid` char(36) COLLATE utf8_unicode_ci NOT NULL DEFAULT '0',
  PRIMARY KEY (`id`),
  UNIQUE KEY `craft_emailmessages_key_locale_unq_idx` (`key`,`locale`),
  KEY `craft_emailmessages_locale_fk` (`locale`)
) ENGINE=InnoDB DEFAULT CHARSET=utf8 COLLATE=utf8_unicode_ci;

DROP TABLE IF EXISTS `craft_entries`;


--
-- Schema for table `craft_entries`
--
CREATE TABLE `craft_entries` (
  `id` int(11) NOT NULL,
  `sectionId` int(11) NOT NULL,
  `typeId` int(11) DEFAULT NULL,
  `authorId` int(11) DEFAULT NULL,
  `postDate` datetime DEFAULT NULL,
  `expiryDate` datetime DEFAULT NULL,
  `dateCreated` datetime NOT NULL,
  `dateUpdated` datetime NOT NULL,
  `uid` char(36) COLLATE utf8_unicode_ci NOT NULL DEFAULT '0',
  PRIMARY KEY (`id`),
  KEY `craft_entries_sectionId_idx` (`sectionId`),
  KEY `craft_entries_typeId_idx` (`typeId`),
  KEY `craft_entries_postDate_idx` (`postDate`),
  KEY `craft_entries_expiryDate_idx` (`expiryDate`),
  KEY `craft_entries_authorId_fk` (`authorId`)
) ENGINE=InnoDB DEFAULT CHARSET=utf8 COLLATE=utf8_unicode_ci;

--
-- Data for table `craft_entries`
--

INSERT INTO `craft_entries` (`id`, `sectionId`, `typeId`, `authorId`, `postDate`, `expiryDate`, `dateCreated`, `dateUpdated`, `uid`) VALUES
 ('2', '1', NULL, NULL, '2018-02-20 09:10:18', NULL, '2018-02-20 09:10:18', '2018-02-21 15:46:12', '2698ec44-b639-421d-92a8-f8fe395927dc'),
 ('3', '2', '2', '1', '2018-02-20 09:10:00', NULL, '2018-02-20 09:10:18', '2018-02-20 22:07:27', '0d5ecc26-9f0c-4b8f-9055-5b232cb90f62'),
 ('4', '6', NULL, NULL, '2018-02-20 09:11:22', NULL, '2018-02-20 09:11:22', '2018-02-20 09:11:22', '8c2e8ea3-7a58-484d-9121-586270723e4b'),
 ('10', '8', '8', '1', '2018-02-21 08:31:00', NULL, '2018-02-21 08:31:54', '2018-02-22 16:06:30', '0fdc302d-c237-4d47-b0aa-9589c531d589'),
 ('11', '8', '8', '1', '2018-02-21 08:32:00', NULL, '2018-02-21 08:32:24', '2018-02-26 08:26:48', '312a97a3-3527-45a7-ad19-5e1f933d18a5'),
 ('12', '8', '8', '1', '2018-02-21 08:32:00', NULL, '2018-02-21 08:32:39', '2018-02-22 16:17:39', 'a4a18576-67c2-4a4b-92a5-4633c347b3b4'),
 ('13', '8', '8', '1', '2018-02-21 08:33:00', NULL, '2018-02-21 08:33:01', '2018-02-24 16:38:14', '974b5c0e-7d8a-4553-a3ee-8411c4f49422'),
 ('14', '8', '8', '1', '2018-02-21 08:33:00', NULL, '2018-02-21 08:33:20', '2018-02-22 16:17:22', '3386b027-c300-4477-9265-b0f90523ed5f'),
 ('20', '3', '3', '1', '2018-02-21 10:36:00', NULL, '2018-02-21 10:36:37', '2018-02-22 16:57:30', '295775dc-575c-49b5-962b-0e2a1dc6b221'),
 ('21', '3', '3', '1', '2018-02-21 10:36:00', NULL, '2018-02-21 10:36:53', '2018-02-22 16:57:34', '66ac8839-e401-4825-aa6d-53ea6285e3b0'),
 ('22', '3', '3', '1', '2018-02-21 10:37:00', NULL, '2018-02-21 10:37:06', '2018-02-22 16:57:25', '1f09fd41-9e1e-479e-b933-59a564de7c2b'),
 ('23', '9', NULL, NULL, '2018-02-21 14:36:33', NULL, '2018-02-21 14:36:33', '2018-02-21 16:22:55', '1d488202-a93f-4add-b59b-e13c1bd26a66'),
 ('32', '5', '5', '1', '2018-02-21 15:44:00', NULL, '2018-02-21 15:44:04', '2018-02-24 14:38:49', '66494ee4-33da-415d-9d87-9c24f4c91366'),
 ('43', '10', NULL, NULL, '2018-02-21 16:12:30', NULL, '2018-02-21 16:12:31', '2018-02-24 11:54:29', '5fc69894-56a8-483f-8df8-4f442dbdcb67'),
 ('59', '5', '5', '1', '2018-02-22 16:38:00', NULL, '2018-02-22 16:38:00', '2018-02-22 16:38:20', 'e8551028-49d7-4d82-a648-956a7c6a6030'),
 ('60', '5', '5', '1', '2018-02-22 16:38:54', NULL, '2018-02-22 16:38:54', '2018-02-22 16:38:54', '3b6ab83f-d361-4950-83c8-66012d6d592e');



DROP TABLE IF EXISTS `craft_entrydrafts`;


--
-- Schema for table `craft_entrydrafts`
--
CREATE TABLE `craft_entrydrafts` (
  `id` int(11) NOT NULL AUTO_INCREMENT,
  `entryId` int(11) NOT NULL,
  `sectionId` int(11) NOT NULL,
  `creatorId` int(11) NOT NULL,
  `locale` char(12) COLLATE utf8_unicode_ci NOT NULL,
  `name` varchar(255) COLLATE utf8_unicode_ci NOT NULL,
  `notes` tinytext COLLATE utf8_unicode_ci,
  `data` mediumtext COLLATE utf8_unicode_ci NOT NULL,
  `dateCreated` datetime NOT NULL,
  `dateUpdated` datetime NOT NULL,
  `uid` char(36) COLLATE utf8_unicode_ci NOT NULL DEFAULT '0',
  PRIMARY KEY (`id`),
  KEY `craft_entrydrafts_entryId_locale_idx` (`entryId`,`locale`),
  KEY `craft_entrydrafts_sectionId_fk` (`sectionId`),
  KEY `craft_entrydrafts_creatorId_fk` (`creatorId`),
  KEY `craft_entrydrafts_locale_fk` (`locale`)
) ENGINE=InnoDB DEFAULT CHARSET=utf8 COLLATE=utf8_unicode_ci;

DROP TABLE IF EXISTS `craft_entrytypes`;


--
-- Schema for table `craft_entrytypes`
--
CREATE TABLE `craft_entrytypes` (
  `id` int(11) NOT NULL AUTO_INCREMENT,
  `sectionId` int(11) NOT NULL,
  `fieldLayoutId` int(11) DEFAULT NULL,
  `name` varchar(255) COLLATE utf8_unicode_ci NOT NULL,
  `handle` varchar(255) COLLATE utf8_unicode_ci NOT NULL,
  `hasTitleField` tinyint(1) unsigned NOT NULL DEFAULT '1',
  `titleLabel` varchar(255) COLLATE utf8_unicode_ci DEFAULT 'Title',
  `titleFormat` varchar(255) COLLATE utf8_unicode_ci DEFAULT NULL,
  `sortOrder` smallint(6) unsigned DEFAULT NULL,
  `dateCreated` datetime NOT NULL,
  `dateUpdated` datetime NOT NULL,
  `uid` char(36) COLLATE utf8_unicode_ci NOT NULL DEFAULT '0',
  PRIMARY KEY (`id`),
  UNIQUE KEY `craft_entrytypes_name_sectionId_unq_idx` (`name`,`sectionId`),
  UNIQUE KEY `craft_entrytypes_handle_sectionId_unq_idx` (`handle`,`sectionId`),
  KEY `craft_entrytypes_sectionId_fk` (`sectionId`),
  KEY `craft_entrytypes_fieldLayoutId_fk` (`fieldLayoutId`)
) ENGINE=InnoDB AUTO_INCREMENT=11 DEFAULT CHARSET=utf8 COLLATE=utf8_unicode_ci;

--
-- Data for table `craft_entrytypes`
--

INSERT INTO `craft_entrytypes` (`id`, `sectionId`, `fieldLayoutId`, `name`, `handle`, `hasTitleField`, `titleLabel`, `titleFormat`, `sortOrder`, `dateCreated`, `dateUpdated`, `uid`) VALUES
 ('1', '1', '21', 'Homepage', 'homepage', '1', 'Title', NULL, '1', '2018-02-20 09:10:18', '2018-02-21 08:42:59', '5cc6d9e8-fb3d-4fc3-95c1-9b67436f5ab2'),
 ('2', '2', '15', 'News', 'news', '1', 'Titel', NULL, '1', '2018-02-20 09:10:18', '2018-02-21 08:26:42', '9550a959-6ddf-4be5-8c52-afea3b994b5a'),
 ('3', '3', '45', 'artists', 'artists', '1', 'Titel', NULL, '1', '2018-02-20 09:10:52', '2018-02-26 08:18:31', 'fac2239a-aee8-46be-9e7b-7ed0f6e4009f'),
 ('5', '5', '43', 'bands', 'bands', '1', 'Titel', NULL, '1', '2018-02-20 09:11:11', '2018-02-24 14:38:21', 'cf7fc5ad-1664-4f47-9a25-0fcb902bf2d2'),
 ('6', '6', '9', 'contact', 'contact', '0', NULL, '{section.name|raw}', '1', '2018-02-20 09:11:22', '2018-02-20 09:11:22', '8ad48d19-83ad-4e57-8709-24fac139d831'),
 ('8', '8', '46', 'shows', 'shows', '1', 'Titel', NULL, '1', '2018-02-20 09:11:42', '2018-02-26 08:19:17', 'e0620860-3875-4664-9860-507d520ab68d'),
 ('9', '9', '25', 'backline', 'backline', '0', NULL, '{section.name|raw}', '1', '2018-02-21 14:36:33', '2018-02-21 15:02:18', '8bbf2c99-6a61-464e-9e5e-23c7fd0807d3'),
 ('10', '10', '36', 'Media', 'media', '0', NULL, '{section.name|raw}', '1', '2018-02-21 16:12:30', '2018-02-21 16:12:54', 'de887c96-9abf-4ec8-984e-19318b34bd38');



DROP TABLE IF EXISTS `craft_entryversions`;


--
-- Schema for table `craft_entryversions`
--
CREATE TABLE `craft_entryversions` (
  `id` int(11) NOT NULL AUTO_INCREMENT,
  `entryId` int(11) NOT NULL,
  `sectionId` int(11) NOT NULL,
  `creatorId` int(11) DEFAULT NULL,
  `locale` char(12) COLLATE utf8_unicode_ci NOT NULL,
  `num` smallint(6) unsigned NOT NULL,
  `notes` tinytext COLLATE utf8_unicode_ci,
  `data` mediumtext COLLATE utf8_unicode_ci NOT NULL,
  `dateCreated` datetime NOT NULL,
  `dateUpdated` datetime NOT NULL,
  `uid` char(36) COLLATE utf8_unicode_ci NOT NULL DEFAULT '0',
  PRIMARY KEY (`id`),
  KEY `craft_entryversions_entryId_locale_idx` (`entryId`,`locale`),
  KEY `craft_entryversions_sectionId_fk` (`sectionId`),
  KEY `craft_entryversions_creatorId_fk` (`creatorId`),
  KEY `craft_entryversions_locale_fk` (`locale`)
) ENGINE=InnoDB AUTO_INCREMENT=70 DEFAULT CHARSET=utf8 COLLATE=utf8_unicode_ci;

--
-- Data for table `craft_entryversions`
--

INSERT INTO `craft_entryversions` (`id`, `entryId`, `sectionId`, `creatorId`, `locale`, `num`, `notes`, `data`, `dateCreated`, `dateUpdated`, `uid`) VALUES
 ('1', '2', '1', '1', 'nl', '1', NULL, '{\"typeId\":\"1\",\"authorId\":null,\"title\":\"Homepage\",\"slug\":\"homepage\",\"postDate\":1519117818,\"expiryDate\":null,\"enabled\":1,\"parentId\":null,\"fields\":[]}', '2018-02-20 09:10:18', '2018-02-20 09:10:18', '28b5fe0a-bc36-4f83-a532-66a3956bf3fc'),
 ('2', '2', '1', '1', 'nl', '2', NULL, '{\"typeId\":null,\"authorId\":null,\"title\":\"Welcome to Scotchbox.local!\",\"slug\":\"homepage\",\"postDate\":1519117818,\"expiryDate\":null,\"enabled\":\"1\",\"parentId\":null,\"fields\":{\"1\":\"<p>It\\u2019s true, this site doesn\\u2019t have a whole lot of content yet, but don\\u2019t worry. Our web developers have just installed the CMS, and they\\u2019re setting things up for the content editors this very moment. Soon Scotchbox.local will be an oasis of fresh perspectives, sharp analyses, and astute opinions that will keep you coming back again and again.<\\/p>\"}}', '2018-02-20 09:10:18', '2018-02-20 09:10:18', 'e732e87c-2aeb-4c78-8de5-d7281e302b89'),
 ('3', '3', '2', '1', 'nl', '1', NULL, '{\"typeId\":\"2\",\"authorId\":\"1\",\"title\":\"We just installed Craft!\",\"slug\":\"we-just-installed-craft\",\"postDate\":1519117818,\"expiryDate\":null,\"enabled\":1,\"parentId\":null,\"fields\":[]}', '2018-02-20 09:10:18', '2018-02-20 09:10:18', '5c27cd63-3eeb-4800-acda-bf3869e05875'),
 ('4', '4', '6', '1', 'nl', '1', NULL, '{\"typeId\":\"6\",\"authorId\":null,\"title\":\"contact\",\"slug\":\"contact\",\"postDate\":1519117882,\"expiryDate\":null,\"enabled\":1,\"parentId\":null,\"fields\":[]}', '2018-02-20 09:11:22', '2018-02-20 09:11:22', '77ffd9e9-b170-4510-9bce-cc52fc0ff003'),
 ('5', '2', '1', '1', 'nl', '3', '', '{\"typeId\":null,\"authorId\":null,\"title\":\"Welcome to Big Lion Promotions\",\"slug\":\"homepage\",\"postDate\":1519117818,\"expiryDate\":null,\"enabled\":1,\"parentId\":null,\"fields\":{\"1\":\"<p><strong>Lorem Ipsum<\\/strong>&nbsp;is simply dummy text of the printing and typesetting industry. Lorem Ipsum has been the industry\'s standard dummy text ever since the 1500s, when an unknown printer took a galley of type and scrambled it to make a type specimen book. It has survived not only five centuries, but also the leap into electronic typesetting, remaining essentially unchanged. It was popularised in the 1960s with the release of Letraset sheets containing Lorem Ipsum passages, and more recently with desktop publishing software like Aldus PageMaker including versions of Lorem Ipsum.<\\/p>\\r\\n<p>It is a long established fact that a reader will be distracted by the readable content of a page when looking at its layout. The point of using Lorem Ipsum is that it has a more-or-less normal distribution of letters, as opposed to using \'Content here, content here\', making it look like readable English. Many desktop publishing packages and web page editors now use Lorem Ipsum as their default model text, and a search for \'lorem ipsum\' will uncover many web sites still in their infancy. Various versions have evolved over the years, sometimes by accident, sometimes on purpose (injected humour and the like).<\\/p>\"}}', '2018-02-20 22:07:04', '2018-02-20 22:07:04', '13fd0a6f-c20c-46cd-baac-939d4b36885d'),
 ('6', '3', '2', '1', 'nl', '2', '', '{\"typeId\":\"2\",\"authorId\":\"1\",\"title\":\"The band is now back toghether!\",\"slug\":\"we-just-installed-craft\",\"postDate\":1519117800,\"expiryDate\":null,\"enabled\":1,\"parentId\":null,\"fields\":{\"1\":\"<p><\\/p><p><strong>Lorem Ipsum<\\/strong>&nbsp;is simply dummy text of the printing and typesetting industry. Lorem Ipsum has been the industry\'s standard dummy text ever since the 1500s, when an unknown printer took a galley of type and scrambled it to make a type specimen book. It has survived not only five centuries, but also the leap into electronic typesetting, remaining essentially unchanged. It was popularised in the 1960s with the release of Letraset sheets containing Lorem Ipsum passages, and more recently with desktop publishing software like Aldus PageMaker including versions of Lorem Ipsum.<\\/p>\\r\\n<p>It is a long established fact that a reader will be distracted by the readable content of a page when looking at its layout. The point of using Lorem Ipsum is that it has a more-or-less normal distribution of letters, as opposed to using \'Content here, content here\', making it look like readable English. Many desktop publishing packages and web page editors now use Lorem Ipsum as their default model text, and a search for \'lorem ipsum\' will uncover many web sites still in their infancy. Various versions have evolved over the years, sometimes by accident, sometimes on purpose (injected humour and the like).<\\/p>\",\"2\":\"\"}}', '2018-02-20 22:07:27', '2018-02-20 22:07:27', 'fb11cb14-5739-4d11-bffc-4e5bb5a01c17'),
 ('7', '10', '8', '1', 'nl', '1', '', '{\"typeId\":null,\"authorId\":\"1\",\"title\":\"Jamaica P4\",\"slug\":\"jamaica-p4\",\"postDate\":1519201914,\"expiryDate\":null,\"enabled\":1,\"parentId\":null,\"fields\":{\"1\":\"<p><b>Lorem Ipsum<\\/b>&nbsp;is simply dummy text of the printing and typesetting industry. Lorem Ipsum has been the industry\'s standard dummy text ever since the 1500s, when an unknown printer took a galley of type and scrambled it to make a type specimen book. It has survived not only five centuries, but also the leap into electronic typesetting, remaining essentially unchanged. It was popularised in the 1960s with the release of Letraset sheets containing Lorem Ipsum passages, and more recently with desktop publishing software like Aldus PageMaker including versions of Lorem Ipsum.<\\/p>\",\"3\":[\"5\"],\"2\":\"\"}}', '2018-02-21 08:31:54', '2018-02-21 08:31:54', '35826e32-191b-48a3-986c-96e476771954'),
 ('8', '11', '8', '1', 'nl', '1', '', '{\"typeId\":null,\"authorId\":\"1\",\"title\":\"Summerjam 2017\",\"slug\":\"summerjam-2017\",\"postDate\":1519201944,\"expiryDate\":null,\"enabled\":1,\"parentId\":null,\"fields\":{\"1\":\"<p><b>Lorem Ipsum<\\/b>&nbsp;is simply dummy text of the printing and typesetting industry. Lorem Ipsum has been the industry\'s standard dummy text ever since the 1500s, when an unknown printer took a galley of type and scrambled it to make a type specimen book. It has survived not only five centuries, but also the leap into electronic typesetting, remaining essentially unchanged. It was popularised in the 1960s with the release of Letraset sheets containing Lorem Ipsum passages, and more recently with desktop publishing software like Aldus PageMaker including versions of Lorem Ipsum.<\\/p>\",\"3\":[\"7\"],\"2\":\"\"}}', '2018-02-21 08:32:24', '2018-02-21 08:32:24', 'f6cf1e8f-fcd1-48d8-b1a1-f580c245c75b'),
 ('9', '12', '8', '1', 'nl', '1', '', '{\"typeId\":null,\"authorId\":\"1\",\"title\":\"Reggae Night\",\"slug\":\"reggae-night\",\"postDate\":1519201959,\"expiryDate\":null,\"enabled\":1,\"parentId\":null,\"fields\":{\"1\":\"<p><b>Lorem Ipsum<\\/b>&nbsp;is simply dummy text of the printing and typesetting industry. Lorem Ipsum has been the industry\'s standard dummy text ever since the 1500s, when an unknown printer took a galley of type and scrambled it to make a type specimen book. It has survived not only five centuries, but also the leap into electronic typesetting, remaining essentially unchanged. It was popularised in the 1960s with the release of Letraset sheets containing Lorem Ipsum passages, and more recently with desktop publishing software like Aldus PageMaker including versions of Lorem Ipsum.<\\/p>\",\"3\":[\"6\"],\"2\":\"\"}}', '2018-02-21 08:32:39', '2018-02-21 08:32:39', '1684d35c-c64a-4a32-9564-2601dbe7f756'),
 ('10', '13', '8', '1', 'nl', '1', '', '{\"typeId\":null,\"authorId\":\"1\",\"title\":\"Jam around the world!\",\"slug\":\"jam-around-the-world\",\"postDate\":1519201981,\"expiryDate\":null,\"enabled\":1,\"parentId\":null,\"fields\":{\"1\":\"<p><b>Lorem Ipsum<\\/b>&nbsp;is simply dummy text of the printing and typesetting industry. Lorem Ipsum has been the industry\'s standard dummy text ever since the 1500s, when an unknown printer took a galley of type and scrambled it to make a type specimen book. It has survived not only five centuries, but also the leap into electronic typesetting, remaining essentially unchanged. It was popularised in the 1960s with the release of Letraset sheets containing Lorem Ipsum passages, and more recently with desktop publishing software like Aldus PageMaker including versions of Lorem Ipsum.<\\/p>\",\"3\":[\"8\"],\"2\":\"\"}}', '2018-02-21 08:33:01', '2018-02-21 08:33:01', '16d8eb4a-ff92-47e5-92f7-305f592a7358'),
 ('11', '14', '8', '1', 'nl', '1', '', '{\"typeId\":null,\"authorId\":\"1\",\"title\":\"Ziggy Marley Ziggodome\",\"slug\":\"ziggy-marley-ziggodome\",\"postDate\":1519202000,\"expiryDate\":null,\"enabled\":1,\"parentId\":null,\"fields\":{\"1\":\"<p><b>Lorem Ipsum<\\/b>&nbsp;is simply dummy text of the printing and typesetting industry. Lorem Ipsum has been the industry\'s standard dummy text ever since the 1500s, when an unknown printer took a galley of type and scrambled it to make a type specimen book. It has survived not only five centuries, but also the leap into electronic typesetting, remaining essentially unchanged. It was popularised in the 1960s with the release of Letraset sheets containing Lorem Ipsum passages, and more recently with desktop publishing software like Aldus PageMaker including versions of Lorem Ipsum.<\\/p>\",\"3\":[\"9\"],\"2\":\"\"}}', '2018-02-21 08:33:20', '2018-02-21 08:33:20', '88938885-860e-45f2-851f-265f26ab830f'),
 ('12', '2', '1', '1', 'nl', '4', '', '{\"typeId\":null,\"authorId\":null,\"title\":\"Welcome to Big Lion Promotions\",\"slug\":\"homepage\",\"postDate\":1519117818,\"expiryDate\":null,\"enabled\":1,\"parentId\":null,\"fields\":{\"1\":\"<p><strong>Lorem Ipsum<\\/strong>&nbsp;is simply dummy text of the printing and typesetting industry. Lorem Ipsum has been the industry\'s standard dummy text ever since the 1500s, when an unknown printer took a galley of type and scrambled it to make a type specimen book. It has survived not only five centuries, but also the leap into electronic typesetting, remaining essentially unchanged. It was popularised in the 1960s with the release of Letraset sheets containing Lorem Ipsum passages, and more recently with desktop publishing software like Aldus PageMaker including versions of Lorem Ipsum.<\\/p>\"}}', '2018-02-21 08:41:09', '2018-02-21 08:41:09', 'b3ef6aba-b8f6-42ea-8fa6-cb38de32e5f8'),
 ('13', '2', '1', '1', 'nl', '5', '', '{\"typeId\":null,\"authorId\":null,\"title\":\"Welcome to Big Lion Promotions\",\"slug\":\"homepage\",\"postDate\":1519117818,\"expiryDate\":null,\"enabled\":1,\"parentId\":null,\"fields\":{\"1\":\"<p><strong>Lorem Ipsum<\\/strong>&nbsp;is simply dummy text of the printing and typesetting industry. Lorem Ipsum has been the industry\'s standard dummy text ever since the 1500s, when an unknown printer took a galley of type and scrambled it to make a type specimen book. It has survived not only five centuries, but also the leap into electronic typesetting, remaining essentially unchanged. It was popularised in the 1960s with the release of Letraset sheets containing Lorem Ipsum passages, and more recently with desktop publishing software like Aldus PageMaker including versions of Lorem Ipsum.<\\/p>\",\"3\":[\"15\"]}}', '2018-02-21 08:44:44', '2018-02-21 08:44:44', '7b5bfd4e-c2e1-4509-81fd-0cc9946a5d44'),
 ('14', '2', '1', '1', 'nl', '6', '', '{\"typeId\":null,\"authorId\":null,\"title\":\"Welcome to Big Lion Promotions\",\"slug\":\"homepage\",\"postDate\":1519117818,\"expiryDate\":null,\"enabled\":1,\"parentId\":null,\"fields\":{\"1\":\"<p><strong>Lorem Ipsum<\\/strong>&nbsp;is simply dummy text of the printing and typesetting industry. Lorem Ipsum has been the industry\'s standard dummy text ever since the 1500s, when an unknown printer took a galley of type and scrambled it to make a type specimen book. It has survived not only five centuries, but also the leap into electronic typesetting, remaining essentially unchanged. It was popularised in the 1960s with the release of Letraset sheets containing Lorem Ipsum passages, and more recently with desktop publishing software like Aldus PageMaker including versions of Lorem Ipsum.<\\/p>\",\"3\":[\"16\"]}}', '2018-02-21 08:47:15', '2018-02-21 08:47:15', 'ac5e2385-3d73-4e22-b3f2-81b8924ec3bd'),
 ('15', '20', '3', '1', 'nl', '1', '', '{\"typeId\":null,\"authorId\":\"1\",\"title\":\"Dilan Tekin\",\"slug\":\"dilan-tekin\",\"postDate\":1519209396,\"expiryDate\":null,\"enabled\":1,\"parentId\":null,\"fields\":{\"1\":\"<p><b>Lorem ipsum<\\/b>. L&nbsp;<b>Lorem ipsum<\\/b>&nbsp;dolor sit amet, consectetuer adipiscing elit. Aenean commodo ligula eget dolor. Aenean massa. Cum sociis natoque penatibus et magnis dis parturient montes, nascetur ridiculus mus. Donec quam felis, ultricies nec, pellentesque eu, pretium quis, sem. Nulla consequat massa quis enim. Donec<\\/p>\",\"3\":[\"17\"],\"2\":\"\"}}', '2018-02-21 10:36:37', '2018-02-21 10:36:37', '5885ce51-c0eb-469c-961c-24add3495c24'),
 ('16', '21', '3', '1', 'nl', '1', '', '{\"typeId\":null,\"authorId\":\"1\",\"title\":\"Faya Milla\",\"slug\":\"faya-milla\",\"postDate\":1519209413,\"expiryDate\":null,\"enabled\":1,\"parentId\":null,\"fields\":{\"1\":\"<p><b>Lorem ipsum<\\/b>. L&nbsp;<b>Lorem ipsum<\\/b>&nbsp;dolor sit amet, consectetuer adipiscing elit. Aenean commodo ligula eget dolor. Aenean massa. Cum sociis natoque penatibus et magnis dis parturient montes, nascetur ridiculus mus. Donec quam felis, ultricies nec, pellentesque eu, pretium quis, sem. Nulla consequat massa quis enim. Donec<\\/p>\",\"3\":[\"18\"],\"2\":\"\"}}', '2018-02-21 10:36:53', '2018-02-21 10:36:53', '80eb88ae-d484-4568-ba92-034e48f43451'),
 ('17', '22', '3', '1', 'nl', '1', '', '{\"typeId\":null,\"authorId\":\"1\",\"title\":\"Remco Hoeneveld\",\"slug\":\"remco-hoeneveld\",\"postDate\":1519209426,\"expiryDate\":null,\"enabled\":1,\"parentId\":null,\"fields\":{\"1\":\"<p><b>Lorem ipsum<\\/b>. L&nbsp;<b>Lorem ipsum<\\/b>&nbsp;dolor sit amet, consectetuer adipiscing elit. Aenean commodo ligula eget dolor. Aenean massa. Cum sociis natoque penatibus et magnis dis parturient montes, nascetur ridiculus mus. Donec quam felis, ultricies nec, pellentesque eu, pretium quis, sem. Nulla consequat massa quis enim. Donec<\\/p>\",\"3\":[\"19\"],\"2\":\"\"}}', '2018-02-21 10:37:06', '2018-02-21 10:37:06', 'b64e3f36-e159-40bd-bbac-3fd261c3f168'),
 ('18', '23', '9', '1', 'nl', '1', NULL, '{\"typeId\":\"9\",\"authorId\":null,\"title\":\"backline\",\"slug\":\"backline\",\"postDate\":1519223793,\"expiryDate\":null,\"enabled\":1,\"parentId\":null,\"fields\":[]}', '2018-02-21 14:36:33', '2018-02-21 14:36:33', '8d2ff196-e729-42ae-a696-304546991305'),
 ('19', '23', '9', '1', 'nl', '2', '', '{\"typeId\":null,\"authorId\":null,\"title\":\"backline\",\"slug\":\"backline\",\"postDate\":1519223793,\"expiryDate\":null,\"enabled\":1,\"parentId\":null,\"fields\":{\"7\":[\"24\",\"25\",\"26\"],\"4\":\"\\u200bSed ut perspiciatis unde omnis iste natus error sit voluptatem accusantium doloremque laudantium, totam rem aperiam, eaque ipsa quae ab illo inventore veritatis et quasi architecto beatae vitae dicta sunt explicabo. Nemo enim ipsam voluptatem quia voluptas sit aspernatur aut odit aut fugit, sed quia consequuntur magni dolores eos qui ratione voluptatem sequi nesciunt. Neque porro quisquam est, qui dolorem ipsum quia dolor sit amet, consectetur, adipisci velit, sed quia non numquam eius modi tempora incidunt ut labore et dolore magnam aliquam quaerat voluptatem. Ut enim ad minima veniam, quis nostrum exercitationem ullam corporis suscipit laboriosam, nisi ut aliquid ex ea commodi consequatur? Quis autem vel eum iure reprehenderit qui in ea voluptate velit esse quam nihil molestiae consequatur, vel illum qui dolorem eum fugiat quo voluptas nulla pariatur?\\u200b\",\"6\":\"\\u200bSed ut perspiciatis unde omnis iste natus error sit voluptatem accusantium doloremque laudantium, totam rem aperiam, eaque ipsa quae ab illo inventore veritatis et quasi architecto beatae vitae dicta sunt explicabo. Nemo enim ipsam voluptatem quia voluptas sit aspernatur aut odit aut fugit, sed quia consequuntur magni dolores eos qui ratione voluptatem sequi nesciunt. Neque porro quisquam est, qui dolorem ipsum quia dolor sit amet, consectetur, adipisci velit, sed quia non numquam eius modi tempora incidunt ut labore et dolore magnam aliquam quaerat voluptatem. Ut enim ad minima veniam, quis nostrum exercitationem ullam corporis suscipit laboriosam, nisi ut aliquid ex ea commodi consequatur? Quis autem vel eum iure reprehenderit qui in ea voluptate velit esse quam nihil molestiae consequatur, vel illum qui dolorem eum fugiat quo voluptas nulla pariatur?\\u200b\",\"5\":\"\\u200bSed ut perspiciatis unde omnis iste natus error sit voluptatem accusantium doloremque laudantium, totam rem aperiam, eaque ipsa quae ab illo inventore veritatis et quasi architecto beatae vitae dicta sunt explicabo. Nemo enim ipsam voluptatem quia voluptas sit aspernatur aut odit aut fugit, sed quia consequuntur magni dolores eos qui ratione voluptatem sequi nesciunt. Neque porro quisquam est, qui dolorem ipsum quia dolor sit amet, consectetur, adipisci velit, sed quia non numquam eius modi tempora incidunt ut labore et dolore magnam aliquam quaerat voluptatem. Ut enim ad minima veniam, quis nostrum exercitationem ullam corporis suscipit laboriosam, nisi ut aliquid ex ea commodi consequatur? Quis autem vel eum iure reprehenderit qui in ea voluptate velit esse quam nihil molestiae consequatur, vel illum qui dolorem eum fugiat quo voluptas nulla pariatur?\\u200b\",\"1\":\"<p>Sed ut perspiciatis unde omnis iste natus error sit voluptatem accusantium doloremque laudantium, totam rem aperiam, eaque ipsa quae ab illo inventore veritatis et quasi architecto beatae vitae dicta sunt explicabo. Nemo enim ipsam voluptatem quia voluptas sit aspernatur aut odit aut fugit, sed quia consequuntur magni dolores eos qui ratione voluptatem sequi nesciunt. Neque porro quisquam est, qui dolorem ipsum quia dolor sit amet, consectetur, adipisci velit, sed quia non numquam eius modi tempora incidunt ut labore et dolore magnam aliquam quaerat voluptatem. Ut enim ad minima veniam, quis nostrum exercitationem ullam corporis suscipit laboriosam, nisi ut aliquid ex ea commodi consequatur? Quis autem vel eum iure reprehenderit qui in ea voluptate velit esse quam nihil molestiae consequatur, vel illum qui dolorem eum fugiat quo voluptas nulla pariatur?<\\/p>\",\"3\":[\"27\"],\"2\":\"\"}}', '2018-02-21 15:06:14', '2018-02-21 15:06:14', 'b08bb1e7-d78b-4c25-9a7a-900703dea0e3'),
 ('20', '22', '3', '1', 'nl', '2', '', '{\"typeId\":\"3\",\"authorId\":\"1\",\"title\":\"Remco Hoeneveld\",\"slug\":\"remco-hoeneveld\",\"postDate\":1519209420,\"expiryDate\":null,\"enabled\":1,\"parentId\":null,\"fields\":{\"8\":[\"30\"],\"1\":\"<p><strong>Lorem ipsum<\\/strong>. L&nbsp;<strong>Lorem ipsum<\\/strong>&nbsp;dolor sit amet, consectetuer adipiscing elit. Aenean commodo ligula eget dolor. Aenean massa. Cum sociis natoque penatibus et magnis dis parturient montes, nascetur ridiculus mus. Donec quam felis, ultricies nec, pellentesque eu, pretium quis, sem. Nulla consequat massa quis enim. Donec<\\/p>\",\"2\":\"\"}}', '2018-02-21 15:43:11', '2018-02-21 15:43:11', '73171459-b864-43c0-9f67-6b348e15c7ec'),
 ('21', '21', '3', '1', 'nl', '2', '', '{\"typeId\":\"3\",\"authorId\":\"1\",\"title\":\"Faya Milla\",\"slug\":\"faya-milla\",\"postDate\":1519209360,\"expiryDate\":null,\"enabled\":1,\"parentId\":null,\"fields\":{\"8\":[\"29\"],\"1\":\"<p><strong>Lorem ipsum<\\/strong>. L&nbsp;<strong>Lorem ipsum<\\/strong>&nbsp;dolor sit amet, consectetuer adipiscing elit. Aenean commodo ligula eget dolor. Aenean massa. Cum sociis natoque penatibus et magnis dis parturient montes, nascetur ridiculus mus. Donec quam felis, ultricies nec, pellentesque eu, pretium quis, sem. Nulla consequat massa quis enim. Donec<\\/p>\",\"2\":\"\"}}', '2018-02-21 15:43:18', '2018-02-21 15:43:18', 'a4b55560-a1c1-4ce3-bd8e-8cb48e2111d5'),
 ('22', '20', '3', '1', 'nl', '2', '', '{\"typeId\":\"3\",\"authorId\":\"1\",\"title\":\"Dilan Tekin\",\"slug\":\"dilan-tekin\",\"postDate\":1519209360,\"expiryDate\":null,\"enabled\":1,\"parentId\":null,\"fields\":{\"8\":[\"28\"],\"1\":\"<p><strong>Lorem ipsum<\\/strong>. L&nbsp;<strong>Lorem ipsum<\\/strong>&nbsp;dolor sit amet, consectetuer adipiscing elit. Aenean commodo ligula eget dolor. Aenean massa. Cum sociis natoque penatibus et magnis dis parturient montes, nascetur ridiculus mus. Donec quam felis, ultricies nec, pellentesque eu, pretium quis, sem. Nulla consequat massa quis enim. Donec<\\/p>\",\"2\":\"\"}}', '2018-02-21 15:43:27', '2018-02-21 15:43:27', '0b843614-27eb-485c-9e20-c033c968e7e0'),
 ('23', '32', '5', '1', 'nl', '1', '', '{\"typeId\":null,\"authorId\":\"1\",\"title\":\"One world band\",\"slug\":\"one-world-band\",\"postDate\":1519227844,\"expiryDate\":null,\"enabled\":1,\"parentId\":null,\"fields\":{\"9\":[\"31\"],\"1\":\"<p>\\\"Lorem ipsum dolor sit amet, consectetur adipiscing elit, sed do eiusmod tempor incididunt ut labore et dolore magna aliqua. Ut enim ad minim veniam, quis nostrud exercitation ullamco laboris nisi ut aliquip ex ea commodo consequat. Duis aute irure dolor in reprehenderit in voluptate velit esse cillum dolore eu fugiat nulla pariatur. Excepteur sint occaecat cupidatat non proident, sunt in culpa qui officia deserunt mollit anim id est laborum.\\\"<\\/p><p><\\/p>\",\"2\":\"\"}}', '2018-02-21 15:44:04', '2018-02-21 15:44:04', 'cdb800fa-8d86-495e-8f4e-1d8218bf748d'),
 ('24', '14', '8', '1', 'nl', '2', '', '{\"typeId\":\"8\",\"authorId\":\"1\",\"title\":\"Ziggy Marley Ziggodome\",\"slug\":\"ziggy-marley-ziggodome\",\"postDate\":1519201980,\"expiryDate\":null,\"enabled\":1,\"parentId\":null,\"fields\":{\"1\":\"<p><strong>Lorem Ipsum<\\/strong>&nbsp;is simply dummy text of the printing and typesetting industry. Lorem Ipsum has been the industry\'s standard dummy text ever since the 1500s, when an unknown printer took a galley of type and scrambled it to make a type specimen book. It has survived not only five centuries, but also the leap into electronic typesetting, remaining essentially unchanged. It was popularised in the 1960s with the release of Letraset sheets containing Lorem Ipsum passages, and more recently with desktop publishing software like Aldus PageMaker including versions of Lorem Ipsum.<\\/p>\",\"10\":[\"37\"],\"2\":\"\"}}', '2018-02-21 15:44:26', '2018-02-21 15:44:26', 'd22e1cb0-ee9f-4584-aa2a-a15711f1ee7a'),
 ('25', '13', '8', '1', 'nl', '2', '', '{\"typeId\":\"8\",\"authorId\":\"1\",\"title\":\"Jam around the world!\",\"slug\":\"jam-around-the-world\",\"postDate\":1519201980,\"expiryDate\":null,\"enabled\":1,\"parentId\":null,\"fields\":{\"1\":\"<p><strong>Lorem Ipsum<\\/strong>&nbsp;is simply dummy text of the printing and typesetting industry. Lorem Ipsum has been the industry\'s standard dummy text ever since the 1500s, when an unknown printer took a galley of type and scrambled it to make a type specimen book. It has survived not only five centuries, but also the leap into electronic typesetting, remaining essentially unchanged. It was popularised in the 1960s with the release of Letraset sheets containing Lorem Ipsum passages, and more recently with desktop publishing software like Aldus PageMaker including versions of Lorem Ipsum.<\\/p>\",\"10\":[\"36\"],\"2\":\"\"}}', '2018-02-21 15:44:36', '2018-02-21 15:44:36', 'ab0d8797-d617-4f43-8fe3-675fe222dccb'),
 ('26', '12', '8', '1', 'nl', '2', '', '{\"typeId\":\"8\",\"authorId\":\"1\",\"title\":\"Reggae Night\",\"slug\":\"reggae-night\",\"postDate\":1519201920,\"expiryDate\":null,\"enabled\":1,\"parentId\":null,\"fields\":{\"1\":\"<p><strong>Lorem Ipsum<\\/strong>&nbsp;is simply dummy text of the printing and typesetting industry. Lorem Ipsum has been the industry\'s standard dummy text ever since the 1500s, when an unknown printer took a galley of type and scrambled it to make a type specimen book. It has survived not only five centuries, but also the leap into electronic typesetting, remaining essentially unchanged. It was popularised in the 1960s with the release of Letraset sheets containing Lorem Ipsum passages, and more recently with desktop publishing software like Aldus PageMaker including versions of Lorem Ipsum.<\\/p>\",\"10\":[\"34\"],\"2\":\"\"}}', '2018-02-21 15:44:43', '2018-02-21 15:44:43', 'ff4171a4-731a-4308-941c-9b629bff8056'),
 ('27', '10', '8', '1', 'nl', '2', '', '{\"typeId\":\"8\",\"authorId\":\"1\",\"title\":\"Jamaica P4\",\"slug\":\"jamaica-p4\",\"postDate\":1519201860,\"expiryDate\":null,\"enabled\":1,\"parentId\":null,\"fields\":{\"1\":\"<p><strong>Lorem Ipsum<\\/strong>&nbsp;is simply dummy text of the printing and typesetting industry. Lorem Ipsum has been the industry\'s standard dummy text ever since the 1500s, when an unknown printer took a galley of type and scrambled it to make a type specimen book. It has survived not only five centuries, but also the leap into electronic typesetting, remaining essentially unchanged. It was popularised in the 1960s with the release of Letraset sheets containing Lorem Ipsum passages, and more recently with desktop publishing software like Aldus PageMaker including versions of Lorem Ipsum.<\\/p>\",\"10\":[\"33\"],\"2\":\"\"}}', '2018-02-21 15:44:50', '2018-02-21 15:44:50', 'd019f110-d742-42ae-a7ce-b29628fc61aa'),
 ('28', '11', '8', '1', 'nl', '2', '', '{\"typeId\":\"8\",\"authorId\":\"1\",\"title\":\"Summerjam 2017\",\"slug\":\"summerjam-2017\",\"postDate\":1519201920,\"expiryDate\":null,\"enabled\":1,\"parentId\":null,\"fields\":{\"1\":\"<p><strong>Lorem Ipsum<\\/strong>&nbsp;is simply dummy text of the printing and typesetting industry. Lorem Ipsum has been the industry\'s standard dummy text ever since the 1500s, when an unknown printer took a galley of type and scrambled it to make a type specimen book. It has survived not only five centuries, but also the leap into electronic typesetting, remaining essentially unchanged. It was popularised in the 1960s with the release of Letraset sheets containing Lorem Ipsum passages, and more recently with desktop publishing software like Aldus PageMaker including versions of Lorem Ipsum.<\\/p>\",\"10\":[\"35\"],\"2\":\"\"}}', '2018-02-21 15:45:02', '2018-02-21 15:45:02', 'c59cd7f2-7ea9-46fe-b137-227749af9d4f'),
 ('29', '2', '1', '1', 'nl', '7', '', '{\"typeId\":null,\"authorId\":null,\"title\":\"Welcome to Big Lion Promotions\",\"slug\":\"homepage\",\"postDate\":1519117818,\"expiryDate\":null,\"enabled\":1,\"parentId\":null,\"fields\":{\"1\":\"<p><strong>Lorem Ipsum<\\/strong>&nbsp;is simply dummy text of the printing and typesetting industry. Lorem Ipsum has been the industry\'s standard dummy text ever since the 1500s, when an unknown printer took a galley of type and scrambled it to make a type specimen book. It has survived not only five centuries, but also the leap into electronic typesetting, remaining essentially unchanged. It was popularised in the 1960s with the release of Letraset sheets containing Lorem Ipsum passages, and more recently with desktop publishing software like Aldus PageMaker including versions of Lorem Ipsum.<\\/p>\",\"3\":[\"39\"]}}', '2018-02-21 15:46:12', '2018-02-21 15:46:12', 'e77968aa-b196-4ed2-ba1a-7379c2ae5242'),
 ('30', '43', '10', '1', 'nl', '1', NULL, '{\"typeId\":\"10\",\"authorId\":null,\"title\":\"Media\",\"slug\":\"media\",\"postDate\":1519229550,\"expiryDate\":null,\"enabled\":1,\"parentId\":null,\"fields\":[]}', '2018-02-21 16:12:31', '2018-02-21 16:12:31', 'e900a26d-28fa-4b32-bb41-b9eba9783c43'),
 ('31', '43', '10', '1', 'nl', '2', '', '{\"typeId\":null,\"authorId\":null,\"title\":\"Media\",\"slug\":\"media\",\"postDate\":1519229550,\"expiryDate\":null,\"enabled\":1,\"parentId\":null,\"fields\":{\"11\":[\"42\",\"40\",\"41\"]}}', '2018-02-21 16:13:35', '2018-02-21 16:13:35', '2002efd6-d3aa-436a-832a-a9768dd17132'),
 ('32', '23', '9', '1', 'nl', '3', '', '{\"typeId\":null,\"authorId\":null,\"title\":\"backline\",\"slug\":\"backline\",\"postDate\":1519223793,\"expiryDate\":null,\"enabled\":1,\"parentId\":null,\"fields\":{\"7\":[\"24\",\"25\",\"26\"],\"4\":\"\\u200bSed ut perspiciatis unde omnis iste natus error sit voluptatem accusantium doloremque laudantium, totam rem aperiam, eaque ipsa quae ab illo inventore veritatis et quasi architecto beatae vitae dicta sunt explicabo. Nemo enim ipsam voluptatem quia voluptas sit aspernatur aut odit aut fugit, sed quia consequuntur magni dolores eos qui ratione voluptatem sequi nesciunt. Neque porro quisquam est, qui dolorem ipsum quia dolor sit amet, consectetur, adipisci velit, sed quia non numquam eius modi tempora incidunt ut labore et dolore magnam aliquam quaerat voluptatem. Ut enim ad minima veniam, quis nostrum exercitationem ullam corporis suscipit laboriosam, nisi ut aliquid ex ea commodi consequatur? Quis autem vel eum iure reprehenderit qui in ea voluptate velit esse quam nihil molestiae consequatur, vel illum qui dolorem eum fugiat quo voluptas nulla pariatur?\\u200b\",\"6\":\"\\u200bSed ut perspiciatis unde omnis iste natus error sit voluptatem accusantium doloremque laudantium, totam rem aperiam, eaque ipsa quae ab illo inventore veritatis et quasi architecto beatae vitae dicta sunt explicabo. Nemo enim ipsam voluptatem quia voluptas sit aspernatur aut odit aut fugit, sed quia consequuntur magni dolores eos qui ratione voluptatem sequi nesciunt. Neque porro quisquam est, qui dolorem ipsum quia dolor sit amet, consectetur, adipisci velit, sed quia non numquam eius modi tempora incidunt ut labore et dolore magnam aliquam quaerat voluptatem. Ut enim ad minima veniam, quis nostrum exercitationem ullam corporis suscipit laboriosam, nisi ut aliquid ex ea commodi consequatur? Quis autem vel eum iure reprehenderit qui in ea voluptate velit esse quam nihil molestiae consequatur, vel illum qui dolorem eum fugiat quo voluptas nulla pariatur?\\u200b\",\"5\":\"\\u200bSed ut perspiciatis unde omnis iste natus error sit voluptatem accusantium doloremque laudantium, totam rem aperiam, eaque ipsa quae ab illo inventore veritatis et quasi architecto beatae vitae dicta sunt explicabo. Nemo enim ipsam voluptatem quia voluptas sit aspernatur aut odit aut fugit, sed quia consequuntur magni dolores eos qui ratione voluptatem sequi nesciunt. Neque porro quisquam est, qui dolorem ipsum quia dolor sit amet, consectetur, adipisci velit, sed quia non numquam eius modi tempora incidunt ut labore et dolore magnam aliquam quaerat voluptatem. Ut enim ad minima veniam, quis nostrum exercitationem ullam corporis suscipit laboriosam, nisi ut aliquid ex ea commodi consequatur? Quis autem vel eum iure reprehenderit qui in ea voluptate velit esse quam nihil molestiae consequatur, vel illum qui dolorem eum fugiat quo voluptas nulla pariatur?\\u200b\",\"1\":\"<p>Sed ut perspiciatis unde omnis iste natus error sit voluptatem accusantium doloremque laudantium, totam rem aperiam, eaque ipsa quae ab illo inventore veritatis et quasi architecto beatae vitae dicta sunt explicabo. Nemo enim ipsam voluptatem quia voluptas sit aspernatur aut odit aut fugit, sed quia consequuntur magni dolores eos qui ratione voluptatem sequi nesciunt. Neque porro quisquam est, qui dolorem ipsum quia dolor sit amet, consectetur, adipisci velit, sed quia non numquam eius modi tempora incidunt ut labore et dolore magnam aliquam quaerat voluptatem. Ut enim ad minima veniam, quis nostrum exercitationem ullam corporis suscipit laboriosam, nisi ut aliquid ex ea commodi consequatur? Quis autem vel eum iure reprehenderit qui in ea voluptate velit esse quam nihil molestiae consequatur, vel illum qui dolorem eum fugiat quo voluptas nulla pariatur?<\\/p>\",\"3\":[\"44\"],\"2\":\"\"}}', '2018-02-21 16:22:55', '2018-02-21 16:22:55', 'b119f9e1-fda1-46cd-b2bd-dcd649c432da'),
 ('33', '20', '3', '1', 'nl', '3', '', '{\"typeId\":\"3\",\"authorId\":\"1\",\"title\":\"Dilan Tekin\",\"slug\":\"dilan-tekin\",\"postDate\":1519209360,\"expiryDate\":null,\"enabled\":1,\"parentId\":null,\"fields\":{\"12\":[\"32\"],\"8\":[\"28\"],\"13\":[\"12\",\"10\"],\"1\":\"<p><strong>Lorem ipsum<\\/strong>. L&nbsp;<strong>Lorem ipsum<\\/strong>&nbsp;dolor sit amet, consectetuer adipiscing elit. Aenean commodo ligula eget dolor. Aenean massa. Cum sociis natoque penatibus et magnis dis parturient montes, nascetur ridiculus mus. Donec quam felis, ultricies nec, pellentesque eu, pretium quis, sem. Nulla consequat massa quis enim. Donec<\\/p>\",\"2\":\"\"}}', '2018-02-22 08:21:35', '2018-02-22 08:21:35', 'a114c879-f47c-4b19-aa64-87ab0e253311'),
 ('34', '32', '5', '1', 'nl', '2', '', '{\"typeId\":\"5\",\"authorId\":\"1\",\"title\":\"One world band\",\"slug\":\"one-world-band\",\"postDate\":1519227840,\"expiryDate\":null,\"enabled\":1,\"parentId\":null,\"fields\":{\"14\":[\"20\",\"21\"],\"9\":[\"31\"],\"1\":\"<p>\\\"Lorem ipsum dolor sit amet, consectetur adipiscing elit, sed do eiusmod tempor incididunt ut labore et dolore magna aliqua. Ut enim ad minim veniam, quis nostrud exercitation ullamco laboris nisi ut aliquip ex ea commodo consequat. Duis aute irure dolor in reprehenderit in voluptate velit esse cillum dolore eu fugiat nulla pariatur. Excepteur sint occaecat cupidatat non proident, sunt in culpa qui officia deserunt mollit anim id est laborum.\\\"<\\/p>\",\"2\":\"\"}}', '2018-02-22 08:21:52', '2018-02-22 08:21:52', 'e7c4db18-f8ff-4343-b171-3daf81490d88'),
 ('35', '20', '3', '1', 'nl', '4', '', '{\"typeId\":\"3\",\"authorId\":\"1\",\"title\":\"Dilan Tekin\",\"slug\":\"dilan-tekin\",\"postDate\":1519209360,\"expiryDate\":null,\"enabled\":1,\"parentId\":null,\"fields\":{\"12\":[\"32\"],\"8\":[\"28\"],\"13\":[\"12\",\"10\",\"11\"],\"1\":\"<p><strong>Lorem ipsum<\\/strong>. L&nbsp;<strong>Lorem ipsum<\\/strong>&nbsp;dolor sit amet, consectetuer adipiscing elit. Aenean commodo ligula eget dolor. Aenean massa. Cum sociis natoque penatibus et magnis dis parturient montes, nascetur ridiculus mus. Donec quam felis, ultricies nec, pellentesque eu, pretium quis, sem. Nulla consequat massa quis enim. Donec<\\/p>\",\"2\":\"\"}}', '2018-02-22 08:22:11', '2018-02-22 08:22:11', '7ffd5bfd-2798-45b5-9d01-b9be7499d79b'),
 ('36', '21', '3', '1', 'nl', '3', '', '{\"typeId\":\"3\",\"authorId\":\"1\",\"title\":\"Faya Milla\",\"slug\":\"faya-milla\",\"postDate\":1519209360,\"expiryDate\":null,\"enabled\":1,\"parentId\":null,\"fields\":{\"12\":[\"32\"],\"8\":[\"29\"],\"13\":[\"11\",\"12\",\"10\"],\"1\":\"<p><strong>Lorem ipsum<\\/strong>. L&nbsp;<strong>Lorem ipsum<\\/strong>&nbsp;dolor sit amet, consectetuer adipiscing elit. Aenean commodo ligula eget dolor. Aenean massa. Cum sociis natoque penatibus et magnis dis parturient montes, nascetur ridiculus mus. Donec quam felis, ultricies nec, pellentesque eu, pretium quis, sem. Nulla consequat massa quis enim. Donec<\\/p>\",\"2\":\"\"}}', '2018-02-22 08:22:25', '2018-02-22 08:22:25', 'c51bd6ac-ee46-41f5-8fba-62539f0bc6b6'),
 ('37', '22', '3', '1', 'nl', '3', '', '{\"typeId\":\"3\",\"authorId\":\"1\",\"title\":\"Remco Hoeneveld\",\"slug\":\"remco-hoeneveld\",\"postDate\":1519209420,\"expiryDate\":null,\"enabled\":1,\"parentId\":null,\"fields\":{\"12\":\"\",\"8\":[\"30\"],\"13\":[\"13\",\"14\"],\"1\":\"<p><strong>Lorem ipsum<\\/strong>. L&nbsp;<strong>Lorem ipsum<\\/strong>&nbsp;dolor sit amet, consectetuer adipiscing elit. Aenean commodo ligula eget dolor. Aenean massa. Cum sociis natoque penatibus et magnis dis parturient montes, nascetur ridiculus mus. Donec quam felis, ultricies nec, pellentesque eu, pretium quis, sem. Nulla consequat massa quis enim. Donec<\\/p>\",\"2\":\"\"}}', '2018-02-22 08:22:35', '2018-02-22 08:22:35', 'fb6732a0-9057-48a4-8f2a-d5037458258c'),
 ('38', '32', '5', '1', 'nl', '3', '', '{\"typeId\":\"5\",\"authorId\":\"1\",\"title\":\"One world band\",\"slug\":\"one-world-band\",\"postDate\":1519227840,\"expiryDate\":null,\"enabled\":1,\"parentId\":null,\"fields\":{\"14\":[\"20\",\"21\"],\"9\":[\"31\"],\"15\":[\"11\",\"12\",\"10\"],\"1\":\"<p>\\\"Lorem ipsum dolor sit amet, consectetur adipiscing elit, sed do eiusmod tempor incididunt ut labore et dolore magna aliqua. Ut enim ad minim veniam, quis nostrud exercitation ullamco laboris nisi ut aliquip ex ea commodo consequat. Duis aute irure dolor in reprehenderit in voluptate velit esse cillum dolore eu fugiat nulla pariatur. Excepteur sint occaecat cupidatat non proident, sunt in culpa qui officia deserunt mollit anim id est laborum.\\\"<\\/p>\",\"2\":\"\"}}', '2018-02-22 11:53:05', '2018-02-22 11:53:05', 'b04d38f6-2677-45fc-8c9c-71ce682d2476'),
 ('39', '32', '5', '1', 'nl', '4', '', '{\"typeId\":\"5\",\"authorId\":\"1\",\"title\":\"One world band\",\"slug\":\"one-world-band\",\"postDate\":1519227840,\"expiryDate\":null,\"enabled\":1,\"parentId\":null,\"fields\":{\"14\":[\"20\",\"21\"],\"9\":[\"31\"],\"15\":[\"11\",\"12\",\"10\"],\"1\":\"<p>\\\"Lorem ipsum dolor sit amet, consectetur adipiscing elit, sed do eiusmod tempor incididunt ut labore et dolore magna aliqua. Ut enim ad minim veniam, quis nostrud exercitation ullamco laboris nisi ut aliquip ex ea commodo consequat. Duis aute irure dolor in reprehenderit in voluptate velit esse cillum dolore eu fugiat nulla pariatur. Excepteur sint occaecat cupidatat non proident, sunt in culpa qui officia deserunt mollit anim id est laborum.\\\"<\\/p>\",\"2\":\"\"}}', '2018-02-22 11:54:16', '2018-02-22 11:54:16', 'cc424db9-911e-4e8a-a889-de3b2a7536c2'),
 ('40', '43', '10', '1', 'nl', '3', '', '{\"typeId\":null,\"authorId\":null,\"title\":\"Media\",\"slug\":\"media\",\"postDate\":1519229550,\"expiryDate\":null,\"enabled\":1,\"parentId\":null,\"fields\":{\"11\":[\"42\",\"40\",\"41\",\"45\",\"46\",\"47\",\"48\",\"49\",\"50\",\"51\",\"52\",\"53\",\"54\",\"55\"]}}', '2018-02-22 13:03:25', '2018-02-22 13:03:25', '038b1e23-65df-423f-8786-c9eec8a4d688'),
 ('41', '43', '10', '1', 'nl', '4', '', '{\"typeId\":null,\"authorId\":null,\"title\":\"Media\",\"slug\":\"media\",\"postDate\":1519229550,\"expiryDate\":null,\"enabled\":1,\"parentId\":null,\"fields\":{\"11\":[\"41\",\"46\",\"47\",\"48\",\"51\",\"52\",\"53\"]}}', '2018-02-22 14:06:42', '2018-02-22 14:06:42', 'fd0c91ce-1c7d-444a-884d-4ac7ee5e10a8'),
 ('42', '13', '8', '1', 'nl', '3', '', '{\"typeId\":\"8\",\"authorId\":\"1\",\"title\":\"Jam around the world!\",\"slug\":\"jam-around-the-world\",\"postDate\":1519201980,\"expiryDate\":null,\"enabled\":1,\"parentId\":null,\"fields\":{\"1\":\"<p><strong>Lorem Ipsum<\\/strong>&nbsp;is simply dummy text of the printing and typesetting industry. Lorem Ipsum has been the industry\'s standard dummy text ever since the 1500s, when an unknown printer took a galley of type and scrambled it to make a type specimen book. It has survived not only five centuries, but also the leap into electronic typesetting, remaining essentially unchanged. It was popularised in the 1960s with the release of Letraset sheets containing Lorem Ipsum passages, and more recently with desktop publishing software like Aldus PageMaker including versions of Lorem Ipsum.<\\/p>\",\"16\":[\"32\"],\"10\":[\"36\"],\"2\":\"\"}}', '2018-02-22 16:05:55', '2018-02-22 16:05:55', 'e3a54712-c2ff-4913-9c71-042841643dad'),
 ('43', '13', '8', '1', 'nl', '4', '', '{\"typeId\":\"8\",\"authorId\":\"1\",\"title\":\"Jam around the world!\",\"slug\":\"jam-around-the-world\",\"postDate\":1519201980,\"expiryDate\":null,\"enabled\":1,\"parentId\":null,\"fields\":{\"1\":\"<p><strong>Lorem Ipsum<\\/strong>&nbsp;is simply dummy text of the printing and typesetting industry. Lorem Ipsum has been the industry\'s standard dummy text ever since the 1500s, when an unknown printer took a galley of type and scrambled it to make a type specimen book. It has survived not only five centuries, but also the leap into electronic typesetting, remaining essentially unchanged. It was popularised in the 1960s with the release of Letraset sheets containing Lorem Ipsum passages, and more recently with desktop publishing software like Aldus PageMaker including versions of Lorem Ipsum.<\\/p>\",\"16\":\"\",\"10\":[\"36\"],\"2\":\"\"}}', '2018-02-22 16:06:13', '2018-02-22 16:06:13', 'd489b303-04da-40a4-a50f-3c8d60d050d1'),
 ('44', '11', '8', '1', 'nl', '3', '', '{\"typeId\":\"8\",\"authorId\":\"1\",\"title\":\"Summerjam 2017\",\"slug\":\"summerjam-2017\",\"postDate\":1519201920,\"expiryDate\":null,\"enabled\":1,\"parentId\":null,\"fields\":{\"1\":\"<p><strong>Lorem Ipsum<\\/strong>&nbsp;is simply dummy text of the printing and typesetting industry. Lorem Ipsum has been the industry\'s standard dummy text ever since the 1500s, when an unknown printer took a galley of type and scrambled it to make a type specimen book. It has survived not only five centuries, but also the leap into electronic typesetting, remaining essentially unchanged. It was popularised in the 1960s with the release of Letraset sheets containing Lorem Ipsum passages, and more recently with desktop publishing software like Aldus PageMaker including versions of Lorem Ipsum.<\\/p>\",\"16\":[\"32\"],\"10\":[\"35\"],\"2\":\"\"}}', '2018-02-22 16:06:22', '2018-02-22 16:06:22', 'fe33b666-a8c6-47cf-989e-1f658c1bea43'),
 ('45', '10', '8', '1', 'nl', '3', '', '{\"typeId\":\"8\",\"authorId\":\"1\",\"title\":\"Jamaica P4\",\"slug\":\"jamaica-p4\",\"postDate\":1519201860,\"expiryDate\":null,\"enabled\":1,\"parentId\":null,\"fields\":{\"1\":\"<p><strong>Lorem Ipsum<\\/strong>&nbsp;is simply dummy text of the printing and typesetting industry. Lorem Ipsum has been the industry\'s standard dummy text ever since the 1500s, when an unknown printer took a galley of type and scrambled it to make a type specimen book. It has survived not only five centuries, but also the leap into electronic typesetting, remaining essentially unchanged. It was popularised in the 1960s with the release of Letraset sheets containing Lorem Ipsum passages, and more recently with desktop publishing software like Aldus PageMaker including versions of Lorem Ipsum.<\\/p>\",\"16\":[\"32\"],\"10\":[\"33\"],\"2\":\"\"}}', '2018-02-22 16:06:30', '2018-02-22 16:06:30', '47161599-0cf2-4088-931b-167ed2f35198'),
 ('46', '12', '8', '1', 'nl', '3', '', '{\"typeId\":\"8\",\"authorId\":\"1\",\"title\":\"Reggae Night\",\"slug\":\"reggae-night\",\"postDate\":1519201920,\"expiryDate\":null,\"enabled\":1,\"parentId\":null,\"fields\":{\"1\":\"<p><strong>Lorem Ipsum<\\/strong>&nbsp;is simply dummy text of the printing and typesetting industry. Lorem Ipsum has been the industry\'s standard dummy text ever since the 1500s, when an unknown printer took a galley of type and scrambled it to make a type specimen book. It has survived not only five centuries, but also the leap into electronic typesetting, remaining essentially unchanged. It was popularised in the 1960s with the release of Letraset sheets containing Lorem Ipsum passages, and more recently with desktop publishing software like Aldus PageMaker including versions of Lorem Ipsum.<\\/p>\",\"16\":[\"32\"],\"10\":[\"34\"],\"2\":\"\"}}', '2018-02-22 16:06:41', '2018-02-22 16:06:41', '4e4b1736-871f-44b8-835d-4ff45cd6599a'),
 ('47', '14', '8', '1', 'nl', '3', '', '{\"typeId\":\"8\",\"authorId\":\"1\",\"title\":\"Ziggy Marley Ziggodome\",\"slug\":\"ziggy-marley-ziggodome\",\"postDate\":1519201980,\"expiryDate\":null,\"enabled\":1,\"parentId\":null,\"fields\":{\"1\":\"<p><strong>Lorem Ipsum<\\/strong>&nbsp;is simply dummy text of the printing and typesetting industry. Lorem Ipsum has been the industry\'s standard dummy text ever since the 1500s, when an unknown printer took a galley of type and scrambled it to make a type specimen book. It has survived not only five centuries, but also the leap into electronic typesetting, remaining essentially unchanged. It was popularised in the 1960s with the release of Letraset sheets containing Lorem Ipsum passages, and more recently with desktop publishing software like Aldus PageMaker including versions of Lorem Ipsum.<\\/p>\",\"17\":\"top\",\"16\":\"\",\"10\":[\"37\"],\"2\":\"\"}}', '2018-02-22 16:17:22', '2018-02-22 16:17:22', '33fe33e2-38c9-4b11-9c78-431a8b1897cf'),
 ('48', '12', '8', '1', 'nl', '4', '', '{\"typeId\":\"8\",\"authorId\":\"1\",\"title\":\"Reggae Night\",\"slug\":\"reggae-night\",\"postDate\":1519201920,\"expiryDate\":null,\"enabled\":1,\"parentId\":null,\"fields\":{\"1\":\"<p><strong>Lorem Ipsum<\\/strong>&nbsp;is simply dummy text of the printing and typesetting industry. Lorem Ipsum has been the industry\'s standard dummy text ever since the 1500s, when an unknown printer took a galley of type and scrambled it to make a type specimen book. It has survived not only five centuries, but also the leap into electronic typesetting, remaining essentially unchanged. It was popularised in the 1960s with the release of Letraset sheets containing Lorem Ipsum passages, and more recently with desktop publishing software like Aldus PageMaker including versions of Lorem Ipsum.<\\/p>\",\"17\":\"top\",\"16\":[\"32\"],\"10\":[\"34\"],\"2\":\"\"}}', '2018-02-22 16:17:39', '2018-02-22 16:17:39', 'd1573973-e440-49c0-92d0-9511bfb862f3'),
 ('49', '11', '8', '1', 'nl', '4', '', '{\"typeId\":\"8\",\"authorId\":\"1\",\"title\":\"Sunrise 2017\",\"slug\":\"summerjam-2017\",\"postDate\":1519201920,\"expiryDate\":null,\"enabled\":1,\"parentId\":null,\"fields\":{\"1\":\"<p><strong>Lorem Ipsum<\\/strong>&nbsp;is simply dummy text of the printing and typesetting industry. Lorem Ipsum has been the industry\'s standard dummy text ever since the 1500s, when an unknown printer took a galley of type and scrambled it to make a type specimen book. It has survived not only five centuries, but also the leap into electronic typesetting, remaining essentially unchanged. It was popularised in the 1960s with the release of Letraset sheets containing Lorem Ipsum passages, and more recently with desktop publishing software like Aldus PageMaker including versions of Lorem Ipsum.<\\/p>\",\"17\":\"center\",\"16\":[\"32\"],\"10\":[\"35\"],\"2\":\"\"}}', '2018-02-22 16:19:49', '2018-02-22 16:19:49', '9b2fad51-b2e5-45e1-a18d-d94b272453ea'),
 ('50', '11', '8', '1', 'nl', '5', '', '{\"typeId\":\"8\",\"authorId\":\"1\",\"title\":\"Sunrise 2017\",\"slug\":\"sunrise-2017\",\"postDate\":1519201920,\"expiryDate\":null,\"enabled\":1,\"parentId\":null,\"fields\":{\"1\":\"<p><strong>Lorem Ipsum<\\/strong>&nbsp;is simply dummy text of the printing and typesetting industry. Lorem Ipsum has been the industry\'s standard dummy text ever since the 1500s, when an unknown printer took a galley of type and scrambled it to make a type specimen book. It has survived not only five centuries, but also the leap into electronic typesetting, remaining essentially unchanged. It was popularised in the 1960s with the release of Letraset sheets containing Lorem Ipsum passages, and more recently with desktop publishing software like Aldus PageMaker including versions of Lorem Ipsum.<\\/p>\",\"17\":\"center\",\"16\":[\"32\"],\"10\":[\"35\"],\"2\":\"\"}}', '2018-02-22 16:20:15', '2018-02-22 16:20:15', 'a4036e6e-dabd-45de-8e12-ecdeb480133a'),
 ('51', '59', '5', '1', 'nl', '1', '', '{\"typeId\":null,\"authorId\":\"1\",\"title\":\"Roots band rotterdam\",\"slug\":\"roots-band-rotterdam\",\"postDate\":1519317480,\"expiryDate\":null,\"enabled\":1,\"parentId\":null,\"fields\":{\"14\":\"\",\"9\":[\"56\"],\"15\":\"\",\"1\":\"<p>In tegenstelling tot wat algemeen aangenomen wordt is Lorem Ipsum niet zomaar willekeurige tekst. het heeft zijn wortels in een stuk klassieke latijnse literatuur uit 45 v.Chr. en is dus meer dan 2000 jaar oud. Richard McClintock, een professor latijn aan de Hampden-Sydney College in Virginia, heeft \\u00e9\\u00e9n van de meer obscure latijnse woorden, consectetur, uit een Lorem Ipsum passage opgezocht, en heeft tijdens het zoeken naar het woord in de klassieke literatuur de onverdachte bron ontdekt. Lorem Ipsum komt uit de secties 1.10.32 en 1.10.33 van \\\"de Finibus Bonorum et Malorum\\\" (De uitersten van goed en kwaad) door Cicero, geschreven in 45 v.Chr. Dit boek is een verhandeling over de theorie der ethiek, erg populair tijdens de renaissance. De eerste regel van Lorem Ipsum, \\\"Lorem ipsum dolor sit amet..\\\", komt uit een zin in sectie 1.10.32.<\\/p>\",\"2\":\"\"}}', '2018-02-22 16:38:00', '2018-02-22 16:38:00', 'b80ec9ba-97ee-4f41-a6f6-4ee5ac8c5052'),
 ('52', '59', '5', '1', 'nl', '2', '', '{\"typeId\":\"5\",\"authorId\":\"1\",\"title\":\"Roots band rotterdam\",\"slug\":\"roots-band-rotterdam\",\"postDate\":1519317480,\"expiryDate\":null,\"enabled\":1,\"parentId\":null,\"fields\":{\"14\":[\"22\"],\"9\":[\"56\"],\"15\":[\"13\"],\"1\":\"<p>In tegenstelling tot wat algemeen aangenomen wordt is Lorem Ipsum niet zomaar willekeurige tekst. het heeft zijn wortels in een stuk klassieke latijnse literatuur uit 45 v.Chr. en is dus meer dan 2000 jaar oud. Richard McClintock, een professor latijn aan de Hampden-Sydney College in Virginia, heeft \\u00e9\\u00e9n van de meer obscure latijnse woorden, consectetur, uit een Lorem Ipsum passage opgezocht, en heeft tijdens het zoeken naar het woord in de klassieke literatuur de onverdachte bron ontdekt. Lorem Ipsum komt uit de secties 1.10.32 en 1.10.33 van \\\"de Finibus Bonorum et Malorum\\\" (De uitersten van goed en kwaad) door Cicero, geschreven in 45 v.Chr. Dit boek is een verhandeling over de theorie der ethiek, erg populair tijdens de renaissance. De eerste regel van Lorem Ipsum, \\\"Lorem ipsum dolor sit amet..\\\", komt uit een zin in sectie 1.10.32.<\\/p>\",\"2\":\"\"}}', '2018-02-22 16:38:20', '2018-02-22 16:38:20', '6e79cfdb-ad95-4aa5-87a2-5c3b61bbce87'),
 ('53', '60', '5', '1', 'nl', '1', '', '{\"typeId\":null,\"authorId\":\"1\",\"title\":\"Hurracane Reggae Band\",\"slug\":\"hurracane-reggae-band\",\"postDate\":1519317534,\"expiryDate\":null,\"enabled\":1,\"parentId\":null,\"fields\":{\"14\":[\"22\"],\"9\":[\"57\"],\"15\":[\"11\",\"12\"],\"1\":\"<p>In tegenstelling tot wat algemeen aangenomen wordt is Lorem Ipsum niet zomaar willekeurige tekst. het heeft zijn wortels in een stuk klassieke latijnse literatuur uit 45 v.Chr. en is dus meer dan 2000 jaar oud. Richard McClintock, een professor latijn aan de Hampden-Sydney College in Virginia, heeft \\u00e9\\u00e9n van de meer obscure latijnse woorden, consectetur, uit een Lorem Ipsum passage opgezocht, en heeft tijdens het zoeken naar het woord in de klassieke literatuur de onverdachte bron ontdekt. Lorem Ipsum komt uit de secties 1.10.32 en 1.10.33 van \\\"de Finibus Bonorum et Malorum\\\" (De uitersten van goed en kwaad) door Cicero, geschreven in 45 v.Chr. Dit boek is een verhandeling over de theorie der ethiek, erg populair tijdens de renaissance. De eerste regel van Lorem Ipsum, \\\"Lorem ipsum dolor sit amet..\\\", komt uit een zin in sectie 1.10.32.<\\/p>\",\"2\":\"\"}}', '2018-02-22 16:38:54', '2018-02-22 16:38:54', 'b0c024aa-874e-4e33-8acf-39fc94faae8f'),
 ('54', '22', '3', '1', 'nl', '4', '', '{\"typeId\":\"3\",\"authorId\":\"1\",\"title\":\"Remco Hoeneveld\",\"slug\":\"remco-hoeneveld\",\"postDate\":1519209420,\"expiryDate\":null,\"enabled\":1,\"parentId\":null,\"fields\":{\"12\":\"\",\"8\":[\"30\"],\"13\":[\"13\",\"14\"],\"1\":\"<p><strong>Lorem ipsum<\\/strong>. L&nbsp;<strong>Lorem ipsum<\\/strong>&nbsp;dolor sit amet, consectetuer adipiscing elit. Aenean commodo ligula eget dolor. Aenean massa. Cum sociis natoque penatibus et magnis dis parturient montes, nascetur ridiculus mus. Donec quam felis, ultricies nec, pellentesque eu, pretium quis, sem. Nulla consequat massa quis enim. Donec<\\/p>\",\"18\":[\"Producer\"],\"2\":\"\"}}', '2018-02-22 16:57:25', '2018-02-22 16:57:25', '71040ad9-e7d0-4f0c-8152-ff19f8a04bab'),
 ('55', '20', '3', '1', 'nl', '5', '', '{\"typeId\":\"3\",\"authorId\":\"1\",\"title\":\"Dilan Tekin\",\"slug\":\"dilan-tekin\",\"postDate\":1519209360,\"expiryDate\":null,\"enabled\":1,\"parentId\":null,\"fields\":{\"12\":[\"32\"],\"8\":[\"28\"],\"13\":[\"12\",\"10\",\"11\"],\"1\":\"<p><strong>Lorem ipsum<\\/strong>. L&nbsp;<strong>Lorem ipsum<\\/strong>&nbsp;dolor sit amet, consectetuer adipiscing elit. Aenean commodo ligula eget dolor. Aenean massa. Cum sociis natoque penatibus et magnis dis parturient montes, nascetur ridiculus mus. Donec quam felis, ultricies nec, pellentesque eu, pretium quis, sem. Nulla consequat massa quis enim. Donec<\\/p>\",\"18\":[\"Gitarist\"],\"2\":\"\"}}', '2018-02-22 16:57:30', '2018-02-22 16:57:30', 'ae0c5f94-3da8-4865-9886-09cfc5064971'),
 ('56', '21', '3', '1', 'nl', '4', '', '{\"typeId\":\"3\",\"authorId\":\"1\",\"title\":\"Faya Milla\",\"slug\":\"faya-milla\",\"postDate\":1519209360,\"expiryDate\":null,\"enabled\":1,\"parentId\":null,\"fields\":{\"12\":[\"32\"],\"8\":[\"29\"],\"13\":[\"11\",\"12\",\"10\"],\"1\":\"<p><strong>Lorem ipsum<\\/strong>. L&nbsp;<strong>Lorem ipsum<\\/strong>&nbsp;dolor sit amet, consectetuer adipiscing elit. Aenean commodo ligula eget dolor. Aenean massa. Cum sociis natoque penatibus et magnis dis parturient montes, nascetur ridiculus mus. Donec quam felis, ultricies nec, pellentesque eu, pretium quis, sem. Nulla consequat massa quis enim. Donec<\\/p>\",\"18\":[\"Zanger\"],\"2\":\"\"}}', '2018-02-22 16:57:34', '2018-02-22 16:57:34', '572ed451-ec02-466b-8e82-2c7ad6ea758d'),
 ('58', '13', '8', '1', 'nl', '5', '', '{\"typeId\":\"8\",\"authorId\":\"1\",\"title\":\"Jam around the world!\",\"slug\":\"jam-around-the-world\",\"postDate\":1519201980,\"expiryDate\":null,\"enabled\":1,\"parentId\":null,\"fields\":{\"1\":\"<p><strong>Lorem Ipsum<\\/strong>&nbsp;is simply dummy text of the printing and typesetting industry. Lorem Ipsum has been the industry\'s standard dummy text ever since the 1500s, when an unknown printer took a galley of type and scrambled it to make a type specimen book. It has survived not only five centuries, but also the leap into electronic typesetting, remaining essentially unchanged. It was popularised in the 1960s with the release of Letraset sheets containing Lorem Ipsum passages, and more recently with desktop publishing software like Aldus PageMaker including versions of Lorem Ipsum.<\\/p>\",\"17\":\"top\",\"16\":\"\",\"10\":[\"36\"],\"2\":\"\"}}', '2018-02-24 11:49:33', '2018-02-24 11:49:33', 'f6919dae-5d15-4237-bdd1-62fa2c9839de'),
 ('59', '43', '10', '1', 'nl', '5', '', '{\"typeId\":null,\"authorId\":null,\"title\":\"Media\",\"slug\":\"media\",\"postDate\":1519229550,\"expiryDate\":null,\"enabled\":1,\"parentId\":null,\"fields\":{\"11\":[\"41\",\"46\",\"47\",\"48\",\"51\",\"52\",\"53\",\"42\",\"40\",\"45\",\"49\",\"50\"]}}', '2018-02-24 11:54:29', '2018-02-24 11:54:29', '76f71e71-f2b8-4463-868b-d50f3d006318'),
 ('64', '32', '5', '1', 'nl', '5', '', '{\"typeId\":\"5\",\"authorId\":\"1\",\"title\":\"One world band\",\"slug\":\"one-world-band\",\"postDate\":1519227840,\"expiryDate\":null,\"enabled\":1,\"parentId\":null,\"fields\":{\"14\":[\"20\",\"21\"],\"9\":[\"31\"],\"15\":[\"11\",\"12\",\"10\"],\"1\":\"<p>\\\"Lorem ipsum dolor sit amet, consectetur adipiscing elit, sed do eiusmod tempor incididunt ut labore et dolore magna aliqua. Ut enim ad minim veniam, quis nostrud exercitation ullamco laboris nisi ut aliquip ex ea commodo consequat. Duis aute irure dolor in reprehenderit in voluptate velit esse cillum dolore eu fugiat nulla pariatur. Excepteur sint occaecat cupidatat non proident, sunt in culpa qui officia deserunt mollit anim id est laborum.\\\"<\\/p>\",\"19\":\"https:\\/\\/open.spotify.com\\/user\\/1149497125\\/playlist\\/6e1uyRaf8lPNSw1k5v3LQr?si=CYjzXA-UR-SCTdkpUGodgg\",\"2\":\"\"}}', '2018-02-24 14:38:49', '2018-02-24 14:38:49', 'e400aaa0-3469-4bca-a548-d4ab2d153f24'),
 ('65', '13', '8', '1', 'nl', '6', '', '{\"typeId\":\"8\",\"authorId\":\"1\",\"title\":\"Jam around the world!\",\"slug\":\"jam-around-the-world\",\"postDate\":1519201980,\"expiryDate\":null,\"enabled\":1,\"parentId\":null,\"fields\":{\"1\":\"<p><strong>Lorem Ipsum<\\/strong>&nbsp;is simply dummy text of the printing and typesetting industry. Lorem Ipsum has been the industry\'s standard dummy text ever since the 1500s, when an unknown printer took a galley of type and scrambled it to make a type specimen book. It has survived not only five centuries, but also the leap into electronic typesetting, remaining essentially unchanged. It was popularised in the 1960s with the release of Letraset sheets containing Lorem Ipsum passages, and more recently with desktop publishing software like Aldus PageMaker including versions of Lorem Ipsum.<\\/p>\",\"17\":\"top\",\"16\":\"\",\"10\":[\"36\"],\"2\":\"\",\"20\":\"bqlhSF1hlsw\"}}', '2018-02-24 16:38:14', '2018-02-24 16:38:14', '8cf00c14-9637-4e78-8803-046987753f24'),
 ('66', '11', '8', '1', 'nl', '6', '', '{\"typeId\":\"8\",\"authorId\":\"1\",\"title\":\"Sunrise 2017\",\"slug\":\"sunrise-2017\",\"postDate\":1519201920,\"expiryDate\":null,\"enabled\":1,\"parentId\":null,\"fields\":{\"1\":\"<p><strong>Lorem Ipsum<\\/strong>&nbsp;is simply dummy text of the printing and typesetting industry. Lorem Ipsum has been the industry\'s standard dummy text ever since the 1500s, when an unknown printer took a galley of type and scrambled it to make a type specimen book. It has survived not only five centuries, but also the leap into electronic typesetting, remaining essentially unchanged. It was popularised in the 1960s with the release of Letraset sheets containing Lorem Ipsum passages, and more recently with desktop publishing software like Aldus PageMaker including versions of Lorem Ipsum.<\\/p>\",\"17\":\"center\",\"16\":[\"32\"],\"10\":[\"35\"],\"2\":\"\",\"20\":\"olXNswhKsPE\"}}', '2018-02-24 16:40:27', '2018-02-24 16:40:27', '525f3520-40ee-4901-96c5-3c2d67580921'),
 ('67', '11', '8', '1', 'nl', '7', '', '{\"typeId\":\"8\",\"authorId\":\"1\",\"title\":\"Sunrise 2017\",\"slug\":\"sunrise-2017\",\"postDate\":1519201920,\"expiryDate\":null,\"enabled\":1,\"parentId\":null,\"fields\":{\"1\":\"<p><strong>Lorem Ipsum<\\/strong>&nbsp;is simply dummy text of the printing and typesetting industry. Lorem Ipsum has been the industry\'s standard dummy text ever since the 1500s, when an unknown printer took a galley of type and scrambled it to make a type specimen book. It has survived not only five centuries, but also the leap into electronic typesetting, remaining essentially unchanged. It was popularised in the 1960s with the release of Letraset sheets containing Lorem Ipsum passages, and more recently with desktop publishing software like Aldus PageMaker including versions of Lorem Ipsum.<\\/p>\",\"17\":\"center\",\"16\":[\"32\"],\"10\":[\"35\"],\"21\":\"https:\\/\\/soundcloud.com\\/tensionhouse\\/hokear-tension-dirty-faces-original-mix\",\"2\":\"\",\"20\":\"olXNswhKsPE\"}}', '2018-02-26 08:20:01', '2018-02-26 08:20:01', '34e9a79b-8166-4ed2-8681-f0371573fd73'),
 ('68', '11', '8', '1', 'nl', '8', '', '{\"typeId\":\"8\",\"authorId\":\"1\",\"title\":\"Sunrise 2017\",\"slug\":\"sunrise-2017\",\"postDate\":1519201920,\"expiryDate\":null,\"enabled\":1,\"parentId\":null,\"fields\":{\"1\":\"<p><strong>Lorem Ipsum<\\/strong>&nbsp;is simply dummy text of the printing and typesetting industry. Lorem Ipsum has been the industry\'s standard dummy text ever since the 1500s, when an unknown printer took a galley of type and scrambled it to make a type specimen book. It has survived not only five centuries, but also the leap into electronic typesetting, remaining essentially unchanged. It was popularised in the 1960s with the release of Letraset sheets containing Lorem Ipsum passages, and more recently with desktop publishing software like Aldus PageMaker including versions of Lorem Ipsum.<\\/p>\",\"17\":\"center\",\"16\":[\"32\"],\"10\":[\"35\"],\"21\":\"                 <iframe width=\\\"100%\\\" height=\\\"166\\\" scrolling=\\\"no\\\" frameborder=\\\"no\\\" allow=\\\"autoplay\\\"                         src=\\\"https:\\/\\/w.soundcloud.com\\/player\\/?url=https%3A\\/\\/api.soundcloud.com\\/tracks\\/220655213&color=%23ffdd00&auto_play=false&hide_related=true&show_comments=false&show_user=false&show_reposts=false&show_teaser=false\\\"><\\/iframe>\",\"2\":\"\",\"20\":\"olXNswhKsPE\"}}', '2018-02-26 08:25:31', '2018-02-26 08:25:31', '22c0e743-eb92-45a4-aed9-be5ff21e2c79'),
 ('69', '11', '8', '1', 'nl', '9', '', '{\"typeId\":\"8\",\"authorId\":\"1\",\"title\":\"Sunrise 2017\",\"slug\":\"sunrise-2017\",\"postDate\":1519201920,\"expiryDate\":null,\"enabled\":1,\"parentId\":null,\"fields\":{\"1\":\"<p><strong>Lorem Ipsum<\\/strong>&nbsp;is simply dummy text of the printing and typesetting industry. Lorem Ipsum has been the industry\'s standard dummy text ever since the 1500s, when an unknown printer took a galley of type and scrambled it to make a type specimen book. It has survived not only five centuries, but also the leap into electronic typesetting, remaining essentially unchanged. It was popularised in the 1960s with the release of Letraset sheets containing Lorem Ipsum passages, and more recently with desktop publishing software like Aldus PageMaker including versions of Lorem Ipsum.<\\/p>\",\"17\":\"center\",\"16\":[\"32\"],\"10\":[\"35\"],\"21\":\"220655213\",\"2\":\"\",\"20\":\"olXNswhKsPE\"}}', '2018-02-26 08:26:48', '2018-02-26 08:26:48', '4a6bb096-5d0d-434e-9883-1b0ae719abd8');



DROP TABLE IF EXISTS `craft_fieldgroups`;


--
-- Schema for table `craft_fieldgroups`
--
CREATE TABLE `craft_fieldgroups` (
  `id` int(11) NOT NULL AUTO_INCREMENT,
  `name` varchar(255) COLLATE utf8_unicode_ci NOT NULL,
  `dateCreated` datetime NOT NULL,
  `dateUpdated` datetime NOT NULL,
  `uid` char(36) COLLATE utf8_unicode_ci NOT NULL DEFAULT '0',
  PRIMARY KEY (`id`),
  UNIQUE KEY `craft_fieldgroups_name_unq_idx` (`name`)
) ENGINE=InnoDB AUTO_INCREMENT=9 DEFAULT CHARSET=utf8 COLLATE=utf8_unicode_ci;

--
-- Data for table `craft_fieldgroups`
--

INSERT INTO `craft_fieldgroups` (`id`, `name`, `dateCreated`, `dateUpdated`, `uid`) VALUES
 ('1', 'Default', '2018-02-20 09:10:18', '2018-02-20 09:10:18', '5684a1db-786c-4b9d-b891-bdab029ee960'),
 ('2', 'backline', '2018-02-21 14:54:20', '2018-02-21 14:54:20', '3b26d644-3469-4ee1-a42e-0d4428e1ff4a'),
 ('3', 'artists', '2018-02-21 15:33:26', '2018-02-21 15:33:26', '5afed665-5ca9-42a1-9e62-3a09c411058c'),
 ('4', 'bands', '2018-02-21 15:33:42', '2018-02-21 15:33:42', '06d46e5d-0101-4c50-b5f5-d8376eb2f047'),
 ('5', 'contact', '2018-02-21 15:33:51', '2018-02-21 15:33:51', '29d3c5a2-1b74-4db8-bb31-c567e0e45595'),
 ('6', 'media', '2018-02-21 15:34:02', '2018-02-21 15:34:02', 'efcfcc35-885c-4a53-b00a-9c58a29155ca'),
 ('7', 'news', '2018-02-21 15:34:24', '2018-02-21 15:34:24', '75f0bcf3-3e2a-4b00-9ba2-2ccf552ef264'),
 ('8', 'shows', '2018-02-21 15:34:33', '2018-02-21 15:34:33', 'd3c33fa8-7fa4-4ac3-a666-c395e21134fd');



DROP TABLE IF EXISTS `craft_fieldlayoutfields`;


--
-- Schema for table `craft_fieldlayoutfields`
--
CREATE TABLE `craft_fieldlayoutfields` (
  `id` int(11) NOT NULL AUTO_INCREMENT,
  `layoutId` int(11) NOT NULL,
  `tabId` int(11) NOT NULL,
  `fieldId` int(11) NOT NULL,
  `required` tinyint(1) unsigned NOT NULL DEFAULT '0',
  `sortOrder` smallint(6) unsigned DEFAULT NULL,
  `dateCreated` datetime NOT NULL,
  `dateUpdated` datetime NOT NULL,
  `uid` char(36) COLLATE utf8_unicode_ci NOT NULL DEFAULT '0',
  PRIMARY KEY (`id`),
  UNIQUE KEY `craft_fieldlayoutfields_layoutId_fieldId_unq_idx` (`layoutId`,`fieldId`),
  KEY `craft_fieldlayoutfields_sortOrder_idx` (`sortOrder`),
  KEY `craft_fieldlayoutfields_tabId_fk` (`tabId`),
  KEY `craft_fieldlayoutfields_fieldId_fk` (`fieldId`)
) ENGINE=InnoDB AUTO_INCREMENT=101 DEFAULT CHARSET=utf8 COLLATE=utf8_unicode_ci;

--
-- Data for table `craft_fieldlayoutfields`
--

INSERT INTO `craft_fieldlayoutfields` (`id`, `layoutId`, `tabId`, `fieldId`, `required`, `sortOrder`, `dateCreated`, `dateUpdated`, `uid`) VALUES
 ('10', '15', '5', '1', '1', '1', '2018-02-21 08:26:42', '2018-02-21 08:26:42', 'ded4ff33-14fa-4c64-980c-672044995e53'),
 ('11', '15', '5', '2', '0', '2', '2018-02-21 08:26:42', '2018-02-21 08:26:42', '9c1442ae-9d3a-4e15-b859-f9f8846ad4db'),
 ('12', '15', '5', '3', '1', '3', '2018-02-21 08:26:42', '2018-02-21 08:26:42', '14951f76-ac41-4831-a3f7-45f3c50a5bb6'),
 ('25', '21', '10', '1', '1', '1', '2018-02-21 08:42:59', '2018-02-21 08:42:59', 'cf831441-fcf0-49b7-9d67-12898fc9b834'),
 ('26', '21', '10', '3', '0', '2', '2018-02-21 08:42:59', '2018-02-21 08:42:59', '6dafd3d7-a03e-49b0-a3ab-67e579c218ef'),
 ('27', '25', '11', '1', '0', '1', '2018-02-21 15:02:18', '2018-02-21 15:02:18', 'ecd1c3dc-a3a7-4226-bbdc-904184b2fa2e'),
 ('28', '25', '11', '3', '0', '2', '2018-02-21 15:02:18', '2018-02-21 15:02:18', 'ace558ad-4729-4a28-a495-4a3b305026ec'),
 ('29', '25', '11', '2', '0', '3', '2018-02-21 15:02:18', '2018-02-21 15:02:18', 'ef71e4d6-3d2f-4efb-8c77-a3db6ea347e1'),
 ('30', '25', '12', '4', '0', '1', '2018-02-21 15:02:18', '2018-02-21 15:02:18', '8d4926ac-bf08-4772-9bb5-c2f7a7e0b542'),
 ('31', '25', '12', '6', '0', '2', '2018-02-21 15:02:18', '2018-02-21 15:02:18', '64cfa679-3208-46f2-afad-37f415d6c16c'),
 ('32', '25', '12', '5', '0', '3', '2018-02-21 15:02:18', '2018-02-21 15:02:18', 'e19d8105-d188-42b1-95b0-460f9d73e076'),
 ('33', '25', '13', '7', '0', '1', '2018-02-21 15:02:18', '2018-02-21 15:02:18', '7cb44806-e484-4722-887c-2e6302b95380'),
 ('44', '36', '18', '11', '0', '1', '2018-02-21 16:12:54', '2018-02-21 16:12:54', '38a81532-9f71-41ae-b535-21e1a4fb66f3'),
 ('74', '43', '27', '1', '0', '1', '2018-02-24 14:38:21', '2018-02-24 14:38:21', '30cfa841-f6b8-404d-86f1-2a12ceee1b5b'),
 ('75', '43', '27', '9', '0', '2', '2018-02-24 14:38:21', '2018-02-24 14:38:21', '1a617939-d0dd-4bed-8306-70c93833d6db'),
 ('76', '43', '27', '19', '0', '3', '2018-02-24 14:38:21', '2018-02-24 14:38:21', 'c33bf4f9-17af-426f-bc49-5a28a3e80efe'),
 ('77', '43', '27', '2', '0', '4', '2018-02-24 14:38:21', '2018-02-24 14:38:21', 'dc3ef5ec-3fb0-4f67-9ceb-e6cfddaa9589'),
 ('78', '43', '28', '14', '0', '1', '2018-02-24 14:38:21', '2018-02-24 14:38:21', '2bb9fa97-2a9b-4d08-ad99-a8d7758620d7'),
 ('79', '43', '28', '15', '0', '2', '2018-02-24 14:38:21', '2018-02-24 14:38:21', '60087dbf-48f0-4dc5-b66e-0db78f28f8ce'),
 ('86', '45', '30', '1', '0', '1', '2018-02-26 08:18:31', '2018-02-26 08:18:31', '185f6d3f-02a2-4674-a704-d213b43939d9'),
 ('87', '45', '30', '8', '0', '2', '2018-02-26 08:18:31', '2018-02-26 08:18:31', 'aa41003d-94ba-4bb1-91f7-188b6acf1b21'),
 ('88', '45', '30', '18', '0', '3', '2018-02-26 08:18:31', '2018-02-26 08:18:31', 'd9856210-8682-4cc7-b042-2d0b5e2d4c8a'),
 ('89', '45', '30', '2', '0', '4', '2018-02-26 08:18:31', '2018-02-26 08:18:31', 'e775b70a-d0f7-431b-b8b0-f9397446b76d'),
 ('90', '45', '31', '12', '0', '1', '2018-02-26 08:18:31', '2018-02-26 08:18:31', '1e0953ba-a774-4448-ad43-9cd2cc6897fa'),
 ('91', '45', '31', '13', '0', '2', '2018-02-26 08:18:31', '2018-02-26 08:18:31', '8b4a1e16-f41f-4d69-bb07-f7735935c6e6'),
 ('92', '45', '32', '20', '0', '1', '2018-02-26 08:18:31', '2018-02-26 08:18:31', '7e9d14e6-6c8b-4c6f-ae6f-6c24e3794a44'),
 ('93', '45', '32', '21', '0', '2', '2018-02-26 08:18:31', '2018-02-26 08:18:31', '7b694ac7-e01f-4075-9641-b400f0a0f210'),
 ('94', '46', '33', '1', '0', '1', '2018-02-26 08:19:17', '2018-02-26 08:19:17', 'a8a5d147-249c-4800-bbf4-d5aa33f55df5'),
 ('95', '46', '33', '17', '0', '2', '2018-02-26 08:19:17', '2018-02-26 08:19:17', '4f3b6ffb-8d8a-4de0-84be-7e21dec69f00'),
 ('96', '46', '33', '10', '0', '3', '2018-02-26 08:19:17', '2018-02-26 08:19:17', '9522625f-ceba-43a7-b6d7-d4ffaee99093'),
 ('97', '46', '33', '2', '0', '4', '2018-02-26 08:19:17', '2018-02-26 08:19:17', '35ad7269-bfa3-4d59-9306-932cc7a14998'),
 ('98', '46', '34', '16', '0', '1', '2018-02-26 08:19:17', '2018-02-26 08:19:17', 'b19d347c-3dae-49a8-9b5d-dca65ab42ff2'),
 ('99', '46', '35', '20', '0', '1', '2018-02-26 08:19:17', '2018-02-26 08:19:17', '4bef7d55-be93-498e-b88d-856b27072602'),
 ('100', '46', '35', '21', '0', '2', '2018-02-26 08:19:17', '2018-02-26 08:19:17', '4a024402-2fea-40b6-82cc-c82c4e50142f');



DROP TABLE IF EXISTS `craft_fieldlayouts`;


--
-- Schema for table `craft_fieldlayouts`
--
CREATE TABLE `craft_fieldlayouts` (
  `id` int(11) NOT NULL AUTO_INCREMENT,
  `type` varchar(150) COLLATE utf8_unicode_ci NOT NULL,
  `dateCreated` datetime NOT NULL,
  `dateUpdated` datetime NOT NULL,
  `uid` char(36) COLLATE utf8_unicode_ci NOT NULL DEFAULT '0',
  PRIMARY KEY (`id`),
  KEY `craft_fieldlayouts_type_idx` (`type`)
) ENGINE=InnoDB AUTO_INCREMENT=47 DEFAULT CHARSET=utf8 COLLATE=utf8_unicode_ci;

--
-- Data for table `craft_fieldlayouts`
--

INSERT INTO `craft_fieldlayouts` (`id`, `type`, `dateCreated`, `dateUpdated`, `uid`) VALUES
 ('1', 'Tag', '2018-02-20 09:10:18', '2018-02-20 09:10:18', 'cafddc20-062c-48ca-94ba-2ed27481b497'),
 ('9', 'Entry', '2018-02-20 09:11:22', '2018-02-20 09:11:22', '1d794682-5646-48cf-8f79-22e39a17b9a3'),
 ('15', 'Entry', '2018-02-21 08:26:42', '2018-02-21 08:26:42', 'ccf4770a-910e-418e-b399-b8d51337db10'),
 ('21', 'Entry', '2018-02-21 08:42:59', '2018-02-21 08:42:59', '15212546-e208-4987-80ea-7158f5d7dec4'),
 ('24', 'Asset', '2018-02-21 14:46:58', '2018-02-21 14:46:58', '0bf4afa8-5961-4259-a1b4-ac4f9d5454a7'),
 ('25', 'Entry', '2018-02-21 15:02:18', '2018-02-21 15:02:18', '1a82d075-d6b5-4f5a-84b8-e01424275686'),
 ('26', 'Asset', '2018-02-21 15:03:29', '2018-02-21 15:03:29', 'c7d6923c-826e-43e2-90a7-e29052d817ff'),
 ('27', 'Asset', '2018-02-21 15:29:06', '2018-02-21 15:29:06', '0e8e2d9d-698c-4369-9502-8eb453597420'),
 ('28', 'Asset', '2018-02-21 15:29:22', '2018-02-21 15:29:22', '78bb602e-0a45-4894-ac1c-f9d775634c40'),
 ('29', 'Asset', '2018-02-21 15:31:38', '2018-02-21 15:31:38', '285c5db2-ff08-40ab-977c-80f60a78f5fd'),
 ('33', 'Asset', '2018-02-21 16:06:33', '2018-02-21 16:06:33', '4a3710ea-a416-4a4c-8547-980e5b1d0425'),
 ('36', 'Entry', '2018-02-21 16:12:54', '2018-02-21 16:12:54', '0d3b48b8-f66a-453f-9ed8-92ff3d77ef08'),
 ('43', 'Entry', '2018-02-24 14:38:21', '2018-02-24 14:38:21', 'facc0fd7-2b54-437f-b569-0ee71bbae776'),
 ('45', 'Entry', '2018-02-26 08:18:31', '2018-02-26 08:18:31', '9e1bdae6-937f-4d69-ba47-98c338ddd3ac'),
 ('46', 'Entry', '2018-02-26 08:19:17', '2018-02-26 08:19:17', '3191d8ac-1baf-4452-9579-7b8e4a4ccea3');



DROP TABLE IF EXISTS `craft_fieldlayouttabs`;


--
-- Schema for table `craft_fieldlayouttabs`
--
CREATE TABLE `craft_fieldlayouttabs` (
  `id` int(11) NOT NULL AUTO_INCREMENT,
  `layoutId` int(11) NOT NULL,
  `name` varchar(255) COLLATE utf8_unicode_ci NOT NULL,
  `sortOrder` smallint(6) unsigned DEFAULT NULL,
  `dateCreated` datetime NOT NULL,
  `dateUpdated` datetime NOT NULL,
  `uid` char(36) COLLATE utf8_unicode_ci NOT NULL DEFAULT '0',
  PRIMARY KEY (`id`),
  KEY `craft_fieldlayouttabs_sortOrder_idx` (`sortOrder`),
  KEY `craft_fieldlayouttabs_layoutId_fk` (`layoutId`)
) ENGINE=InnoDB AUTO_INCREMENT=36 DEFAULT CHARSET=utf8 COLLATE=utf8_unicode_ci;

--
-- Data for table `craft_fieldlayouttabs`
--

INSERT INTO `craft_fieldlayouttabs` (`id`, `layoutId`, `name`, `sortOrder`, `dateCreated`, `dateUpdated`, `uid`) VALUES
 ('5', '15', 'Content', '1', '2018-02-21 08:26:42', '2018-02-21 08:26:42', '98a85eca-5d15-427f-938c-bb0126ecbb77'),
 ('10', '21', 'Content', '1', '2018-02-21 08:42:59', '2018-02-21 08:42:59', '5d5ac2da-8fe9-46d2-95f6-f20ee0da9275'),
 ('11', '25', 'Backline', '1', '2018-02-21 15:02:18', '2018-02-21 15:02:18', '43fb9b86-73b5-4d18-8f0e-de237af63a1e'),
 ('12', '25', 'Packages', '2', '2018-02-21 15:02:18', '2018-02-21 15:02:18', 'ebbee952-7061-4831-b4fe-4d52e586f1ec'),
 ('13', '25', 'Media', '3', '2018-02-21 15:02:18', '2018-02-21 15:02:18', 'f72e89d2-ed03-4a55-bd67-0968f169c9d5'),
 ('18', '36', 'media', '1', '2018-02-21 16:12:54', '2018-02-21 16:12:54', 'bbea2924-9c6e-4f2d-a540-ff49987a143c'),
 ('27', '43', 'Bands', '1', '2018-02-24 14:38:21', '2018-02-24 14:38:21', '36328be2-45cd-40ba-8c4b-827480e5b3bf'),
 ('28', '43', 'Artists & Shows', '2', '2018-02-24 14:38:21', '2018-02-24 14:38:21', '439556ee-2e9b-4992-996f-ead6d6b58714'),
 ('30', '45', 'Artists', '1', '2018-02-26 08:18:31', '2018-02-26 08:18:31', 'df91bd40-3bb2-4cf9-86ed-41fff5301079'),
 ('31', '45', 'Band & Show', '2', '2018-02-26 08:18:31', '2018-02-26 08:18:31', 'c2f5377a-5d48-494c-84c2-a115bdc8729c'),
 ('32', '45', 'Youtube & Soundcloud', '3', '2018-02-26 08:18:31', '2018-02-26 08:18:31', '0e6637dd-65b4-4dde-acc1-e039432dac82'),
 ('33', '46', 'shows', '1', '2018-02-26 08:19:17', '2018-02-26 08:19:17', '716f44d9-4e2e-487d-9050-e28adaaf66ce'),
 ('34', '46', 'Bands', '2', '2018-02-26 08:19:17', '2018-02-26 08:19:17', 'ed118fd7-b3f6-4de0-bd33-5812fc8b6119'),
 ('35', '46', 'Youtube & Soundcloud', '3', '2018-02-26 08:19:17', '2018-02-26 08:19:17', 'd8d57d5e-01ab-4b23-b870-1551ed28b3f1');



DROP TABLE IF EXISTS `craft_fields`;


--
-- Schema for table `craft_fields`
--
CREATE TABLE `craft_fields` (
  `id` int(11) NOT NULL AUTO_INCREMENT,
  `groupId` int(11) DEFAULT NULL,
  `name` varchar(255) COLLATE utf8_unicode_ci NOT NULL,
  `handle` varchar(58) COLLATE utf8_unicode_ci NOT NULL,
  `context` varchar(255) COLLATE utf8_unicode_ci NOT NULL DEFAULT 'global',
  `instructions` text COLLATE utf8_unicode_ci,
  `translatable` tinyint(1) unsigned NOT NULL DEFAULT '0',
  `type` varchar(150) COLLATE utf8_unicode_ci NOT NULL,
  `settings` text COLLATE utf8_unicode_ci,
  `dateCreated` datetime NOT NULL,
  `dateUpdated` datetime NOT NULL,
  `uid` char(36) COLLATE utf8_unicode_ci NOT NULL DEFAULT '0',
  PRIMARY KEY (`id`),
  UNIQUE KEY `craft_fields_handle_context_unq_idx` (`handle`,`context`),
  KEY `craft_fields_context_idx` (`context`),
  KEY `craft_fields_groupId_fk` (`groupId`)
) ENGINE=InnoDB AUTO_INCREMENT=22 DEFAULT CHARSET=utf8 COLLATE=utf8_unicode_ci;

--
-- Data for table `craft_fields`
--

INSERT INTO `craft_fields` (`id`, `groupId`, `name`, `handle`, `context`, `instructions`, `translatable`, `type`, `settings`, `dateCreated`, `dateUpdated`, `uid`) VALUES
 ('1', '1', 'body', 'body', 'global', '', '0', 'RichText', '{\"configFile\":\"Standard.json\",\"availableAssetSources\":\"*\",\"availableTransforms\":\"*\",\"cleanupHtml\":\"1\",\"purifyHtml\":\"1\",\"purifierConfig\":\"\",\"columnType\":\"text\"}', '2018-02-20 09:10:18', '2018-02-22 16:05:25', '7a3d4698-5faa-4081-ab74-8ad04b6c234b'),
 ('2', '1', 'tags', 'tags', 'global', '', '0', 'Tags', '{\"source\":\"taggroup:1\",\"selectionLabel\":\"\"}', '2018-02-20 09:10:18', '2018-02-22 16:05:29', 'd0971727-1955-4062-ad98-9c9699df0828'),
 ('3', '1', 'featureImage', 'featureImage', 'global', '', '0', 'Assets', '{\"useSingleFolder\":\"\",\"sources\":[\"folder:1\"],\"defaultUploadLocationSource\":\"1\",\"defaultUploadLocationSubpath\":\"{slug}\",\"singleUploadLocationSource\":\"1\",\"singleUploadLocationSubpath\":\"\",\"restrictFiles\":\"1\",\"allowedKinds\":[\"image\"],\"limit\":\"\",\"viewMode\":\"large\",\"selectionLabel\":\"Voer hier uw afbeelding in\"}', '2018-02-21 08:25:08', '2018-02-22 16:05:19', '9e7eab95-4431-4ea6-a100-b2c9070dc225'),
 ('4', '2', 'backline Package Bands', 'backlinePackageBands', 'global', 'Text voor de backline package bands', '0', 'PlainText', '{\"placeholder\":\"\",\"maxLength\":\"\",\"multiline\":\"\",\"initialRows\":\"4\"}', '2018-02-21 14:55:07', '2018-02-22 16:04:25', 'd308fd67-4889-424e-aaa3-7e4f1fd7e793'),
 ('5', '2', 'backline Package Sounds', 'backlinePackageSounds', 'global', 'Text voor de backline package sounds', '0', 'PlainText', '{\"placeholder\":\"\",\"maxLength\":\"\",\"multiline\":\"\",\"initialRows\":\"4\"}', '2018-02-21 14:55:39', '2018-02-22 16:04:39', '059d2124-81c9-4573-ab4f-5e7c3f30576e'),
 ('6', '2', 'backline Package Both', 'backlinePackageBoth', 'global', 'Text voor beide backline packages', '0', 'PlainText', '{\"placeholder\":\"\",\"maxLength\":\"\",\"multiline\":\"\",\"initialRows\":\"4\"}', '2018-02-21 14:56:04', '2018-02-22 16:04:33', 'd055d1c6-d1c0-41d9-9100-2e24324ed5e1'),
 ('7', '2', 'backline images', 'backlineImages', 'global', '', '0', 'Assets', '{\"useSingleFolder\":\"\",\"sources\":[\"folder:14\"],\"defaultUploadLocationSource\":\"1\",\"defaultUploadLocationSubpath\":\"\",\"singleUploadLocationSource\":\"1\",\"singleUploadLocationSubpath\":\"\",\"restrictFiles\":\"\",\"limit\":\"\",\"viewMode\":\"list\",\"selectionLabel\":\"\"}', '2018-02-21 14:59:04', '2018-02-22 16:04:17', '4eec8fe0-4d55-4fa4-b30b-0afd764e1251'),
 ('8', '3', 'artistImage', 'artistImage', 'global', '', '0', 'Assets', '{\"useSingleFolder\":\"\",\"sources\":[\"folder:17\"],\"defaultUploadLocationSource\":\"1\",\"defaultUploadLocationSubpath\":\"\",\"singleUploadLocationSource\":\"1\",\"singleUploadLocationSubpath\":\"\",\"restrictFiles\":\"1\",\"allowedKinds\":[\"image\"],\"limit\":\"1\",\"viewMode\":\"list\",\"selectionLabel\":\"\"}', '2018-02-21 15:37:51', '2018-02-22 16:04:07', '1b40a5cf-0e3d-4b9e-a918-b0fd31708ab8'),
 ('9', '4', 'bandsImage', 'bandsImage', 'global', '', '0', 'Assets', '{\"useSingleFolder\":\"\",\"sources\":[\"folder:16\"],\"defaultUploadLocationSource\":\"1\",\"defaultUploadLocationSubpath\":\"\",\"singleUploadLocationSource\":\"1\",\"singleUploadLocationSubpath\":\"\",\"restrictFiles\":\"1\",\"allowedKinds\":[\"image\"],\"limit\":\"1\",\"viewMode\":\"list\",\"selectionLabel\":\"\"}', '2018-02-21 15:39:37', '2018-02-22 16:04:55', 'b33b9a4a-2d14-4586-b78f-1ce4ed0acb30'),
 ('10', '8', 'showsImage', 'showsImage', 'global', '', '0', 'Assets', '{\"useSingleFolder\":\"\",\"sources\":[\"folder:18\"],\"defaultUploadLocationSource\":\"1\",\"defaultUploadLocationSubpath\":\"\",\"singleUploadLocationSource\":\"1\",\"singleUploadLocationSubpath\":\"\",\"restrictFiles\":\"1\",\"allowedKinds\":[\"image\"],\"limit\":\"1\",\"viewMode\":\"list\",\"selectionLabel\":\"\"}', '2018-02-21 15:40:30', '2018-02-22 16:05:40', '7f225b4c-701d-4394-be04-94882a241ffb'),
 ('11', '6', 'mediaImage', 'mediaImage', 'global', '', '0', 'Assets', '{\"useSingleFolder\":\"\",\"sources\":[\"folder:19\"],\"defaultUploadLocationSource\":\"1\",\"defaultUploadLocationSubpath\":\"\",\"singleUploadLocationSource\":\"1\",\"singleUploadLocationSubpath\":\"\",\"restrictFiles\":\"\",\"limit\":\"\",\"viewMode\":\"large\",\"selectionLabel\":\"\"}', '2018-02-21 16:07:20', '2018-02-22 16:05:13', '7f4520ea-667a-4bca-9cf7-ea183b6a7dee'),
 ('12', '3', 'artistBand', 'artistBand', 'global', '', '0', 'Entries', '{\"sources\":[\"section:5\"],\"limit\":\"\",\"selectionLabel\":\"Voeg een band toe aan de artiest\"}', '2018-02-22 08:18:28', '2018-02-22 16:04:02', '7e069aaa-4b3a-48cd-a836-dc0bef9b9426'),
 ('13', '3', 'artistShow', 'artistShow', 'global', '', '0', 'Entries', '{\"sources\":[\"section:8\"],\"limit\":\"\",\"selectionLabel\":\"Voeg een show aan een artiest toe\"}', '2018-02-22 08:19:00', '2018-02-22 16:04:10', 'aae5a71c-922e-40a3-9097-dc7c6b07d5e5'),
 ('14', '4', 'bandsArtists', 'bandsArtists', 'global', '', '0', 'Entries', '{\"sources\":[\"section:3\"],\"limit\":\"\",\"selectionLabel\":\"Voeg artiesten toe aan de band\"}', '2018-02-22 08:19:51', '2018-02-22 16:04:50', '0d19698b-e8e8-485d-8601-61ed203e96d4'),
 ('15', '4', 'bandsShows', 'bandsShows', 'global', '', '0', 'Entries', '{\"sources\":[\"section:8\"],\"limit\":\"\",\"selectionLabel\":\"Voeg een show aan een band toe\"}', '2018-02-22 11:51:48', '2018-02-22 16:04:59', '2880da6d-e63f-4493-abfa-245f6ecff3de'),
 ('16', '8', 'showsBands', 'showsBands', 'global', '', '0', 'Entries', '{\"sources\":[\"section:5\"],\"limit\":\"\",\"selectionLabel\":\"Voeg bands aan de show toe\"}', '2018-02-22 16:03:12', '2018-02-22 16:03:12', '8b2e04f2-6ab8-4460-b3fb-d81266e2e8b6'),
 ('17', '1', 'header position', 'headerPosition', 'global', '', '0', 'Dropdown', '{\"options\":[{\"label\":\"top\",\"value\":\"top\",\"default\":\"\"},{\"label\":\"left\",\"value\":\"left\",\"default\":\"\"},{\"label\":\"right\",\"value\":\"right\",\"default\":\"\"},{\"label\":\"bottom\",\"value\":\"bottom\",\"default\":\"\"},{\"label\":\"center\",\"value\":\"center\",\"default\":\"1\"}]}', '2018-02-22 16:13:23', '2018-02-22 16:16:32', 'ceeaa8f1-7e80-4708-b4a3-c28ab86f66cf'),
 ('18', '3', 'profession', 'profession', 'global', '', '0', 'MultiSelect', '{\"options\":[{\"label\":\"Gitarist\",\"value\":\"Gitarist\",\"default\":\"1\"},{\"label\":\"Zanger\",\"value\":\"Zanger\",\"default\":\"\"},{\"label\":\"Zangeres\",\"value\":\"Zangeres\",\"default\":\"\"},{\"label\":\"Bassist\",\"value\":\"Bassist\",\"default\":\"\"},{\"label\":\"Toetsenist\",\"value\":\"Toetsenist\",\"default\":\"\"},{\"label\":\"Deejay\",\"value\":\"Deejay\",\"default\":\"\"},{\"label\":\"Producer\",\"value\":\"Producer\",\"default\":\"\"},{\"label\":\"Saxofonist\",\"value\":\"Saxofonist\",\"default\":\"\"},{\"label\":\"Percussionist\",\"value\":\"Percussionist\",\"default\":\"\"},{\"label\":\"Geluid & Light\",\"value\":\"Geluid & Light\",\"default\":\"\"}]}', '2018-02-22 16:56:29', '2018-02-22 16:59:22', '6abfa334-0d54-445b-b32a-f55d6fbd80d5'),
 ('19', '4', 'spotifyPlaylistLink', 'spotifyplaylistlink', 'global', '', '0', 'PlainText', '{\"placeholder\":\"\",\"maxLength\":\"\",\"multiline\":\"\",\"initialRows\":\"4\"}', '2018-02-24 14:37:47', '2018-02-24 14:37:47', '62486f09-25a4-4c77-beb5-9641f58860c4'),
 ('20', '1', 'youtube url', 'youtubeUrl', 'global', '', '0', 'PlainText', '{\"placeholder\":\"\",\"maxLength\":\"\",\"multiline\":\"\",\"initialRows\":\"4\"}', '2018-02-24 16:37:42', '2018-02-26 08:15:28', '610067d1-d219-4952-bee9-467ff04dbc06'),
 ('21', '1', 'soundcloud url', 'soundcloudUrl', 'global', '', '0', 'PlainText', '{\"placeholder\":\"\",\"maxLength\":\"\",\"multiline\":\"\",\"initialRows\":\"4\"}', '2018-02-26 08:15:39', '2018-02-26 08:15:39', 'c6d79997-9062-476e-9907-9593cc21d2b3');



DROP TABLE IF EXISTS `craft_globalsets`;


--
-- Schema for table `craft_globalsets`
--
CREATE TABLE `craft_globalsets` (
  `id` int(11) NOT NULL,
  `name` varchar(255) COLLATE utf8_unicode_ci NOT NULL,
  `handle` varchar(255) COLLATE utf8_unicode_ci NOT NULL,
  `fieldLayoutId` int(10) DEFAULT NULL,
  `dateCreated` datetime NOT NULL,
  `dateUpdated` datetime NOT NULL,
  `uid` char(36) COLLATE utf8_unicode_ci NOT NULL DEFAULT '0',
  PRIMARY KEY (`id`),
  UNIQUE KEY `craft_globalsets_name_unq_idx` (`name`),
  UNIQUE KEY `craft_globalsets_handle_unq_idx` (`handle`),
  KEY `craft_globalsets_fieldLayoutId_fk` (`fieldLayoutId`)
) ENGINE=InnoDB DEFAULT CHARSET=utf8 COLLATE=utf8_unicode_ci;

DROP TABLE IF EXISTS `craft_info`;


--
-- Schema for table `craft_info`
--
CREATE TABLE `craft_info` (
  `id` int(11) NOT NULL AUTO_INCREMENT,
  `version` varchar(50) COLLATE utf8_unicode_ci NOT NULL,
  `schemaVersion` varchar(15) COLLATE utf8_unicode_ci NOT NULL,
  `edition` tinyint(1) unsigned NOT NULL DEFAULT '0',
  `siteName` varchar(100) COLLATE utf8_unicode_ci NOT NULL,
  `siteUrl` varchar(255) COLLATE utf8_unicode_ci NOT NULL,
  `timezone` varchar(30) COLLATE utf8_unicode_ci DEFAULT NULL,
  `on` tinyint(1) unsigned NOT NULL DEFAULT '0',
  `maintenance` tinyint(1) unsigned NOT NULL DEFAULT '0',
  `dateCreated` datetime NOT NULL,
  `dateUpdated` datetime NOT NULL,
  `uid` char(36) COLLATE utf8_unicode_ci NOT NULL DEFAULT '0',
  PRIMARY KEY (`id`)
) ENGINE=InnoDB AUTO_INCREMENT=2 DEFAULT CHARSET=utf8 COLLATE=utf8_unicode_ci;

--
-- Data for table `craft_info`
--

INSERT INTO `craft_info` (`id`, `version`, `schemaVersion`, `edition`, `siteName`, `siteUrl`, `timezone`, `on`, `maintenance`, `dateCreated`, `dateUpdated`, `uid`) VALUES
 ('1', '2.6.3011', '2.6.13', '0', 'Big Lion Promotions', 'http://biglion.local', 'UTC', '1', '1', '2018-02-20 09:10:16', '2018-03-01 09:14:26', '97dc9bbc-831a-4e83-96c3-24cc8d742313');



DROP TABLE IF EXISTS `craft_locales`;


--
-- Schema for table `craft_locales`
--
CREATE TABLE `craft_locales` (
  `locale` char(12) COLLATE utf8_unicode_ci NOT NULL,
  `sortOrder` smallint(6) unsigned DEFAULT NULL,
  `dateCreated` datetime NOT NULL,
  `dateUpdated` datetime NOT NULL,
  `uid` char(36) COLLATE utf8_unicode_ci NOT NULL DEFAULT '0',
  PRIMARY KEY (`locale`),
  KEY `craft_locales_sortOrder_idx` (`sortOrder`)
) ENGINE=InnoDB DEFAULT CHARSET=utf8 COLLATE=utf8_unicode_ci;

--
-- Data for table `craft_locales`
--

INSERT INTO `craft_locales` (`locale`, `sortOrder`, `dateCreated`, `dateUpdated`, `uid`) VALUES
 ('nl', '1', '2018-02-20 09:10:16', '2018-02-20 09:10:16', 'db674852-4216-491a-9370-8b8788ff9e3b');



DROP TABLE IF EXISTS `craft_matrixblocks`;


--
-- Schema for table `craft_matrixblocks`
--
CREATE TABLE `craft_matrixblocks` (
  `id` int(11) NOT NULL,
  `ownerId` int(11) NOT NULL,
  `fieldId` int(11) NOT NULL,
  `typeId` int(11) DEFAULT NULL,
  `sortOrder` smallint(6) unsigned DEFAULT NULL,
  `ownerLocale` char(12) COLLATE utf8_unicode_ci DEFAULT NULL,
  `dateCreated` datetime NOT NULL,
  `dateUpdated` datetime NOT NULL,
  `uid` char(36) COLLATE utf8_unicode_ci NOT NULL DEFAULT '0',
  PRIMARY KEY (`id`),
  KEY `craft_matrixblocks_ownerId_idx` (`ownerId`),
  KEY `craft_matrixblocks_fieldId_idx` (`fieldId`),
  KEY `craft_matrixblocks_typeId_idx` (`typeId`),
  KEY `craft_matrixblocks_sortOrder_idx` (`sortOrder`),
  KEY `craft_matrixblocks_ownerLocale_fk` (`ownerLocale`)
) ENGINE=InnoDB DEFAULT CHARSET=utf8 COLLATE=utf8_unicode_ci;

DROP TABLE IF EXISTS `craft_matrixblocktypes`;


--
-- Schema for table `craft_matrixblocktypes`
--
CREATE TABLE `craft_matrixblocktypes` (
  `id` int(11) NOT NULL AUTO_INCREMENT,
  `fieldId` int(11) NOT NULL,
  `fieldLayoutId` int(11) DEFAULT NULL,
  `name` varchar(255) COLLATE utf8_unicode_ci NOT NULL,
  `handle` varchar(255) COLLATE utf8_unicode_ci NOT NULL,
  `sortOrder` smallint(6) unsigned DEFAULT NULL,
  `dateCreated` datetime NOT NULL,
  `dateUpdated` datetime NOT NULL,
  `uid` char(36) COLLATE utf8_unicode_ci NOT NULL DEFAULT '0',
  PRIMARY KEY (`id`),
  UNIQUE KEY `craft_matrixblocktypes_name_fieldId_unq_idx` (`name`,`fieldId`),
  UNIQUE KEY `craft_matrixblocktypes_handle_fieldId_unq_idx` (`handle`,`fieldId`),
  KEY `craft_matrixblocktypes_fieldId_fk` (`fieldId`),
  KEY `craft_matrixblocktypes_fieldLayoutId_fk` (`fieldLayoutId`)
) ENGINE=InnoDB DEFAULT CHARSET=utf8 COLLATE=utf8_unicode_ci;

DROP TABLE IF EXISTS `craft_migrations`;


--
-- Schema for table `craft_migrations`
--
CREATE TABLE `craft_migrations` (
  `id` int(11) NOT NULL AUTO_INCREMENT,
  `pluginId` int(11) DEFAULT NULL,
  `version` varchar(255) COLLATE utf8_unicode_ci NOT NULL,
  `applyTime` datetime NOT NULL,
  `dateCreated` datetime NOT NULL,
  `dateUpdated` datetime NOT NULL,
  `uid` char(36) COLLATE utf8_unicode_ci NOT NULL DEFAULT '0',
  PRIMARY KEY (`id`),
  UNIQUE KEY `craft_migrations_version_unq_idx` (`version`),
  KEY `craft_migrations_pluginId_fk` (`pluginId`)
) ENGINE=InnoDB AUTO_INCREMENT=43 DEFAULT CHARSET=utf8 COLLATE=utf8_unicode_ci;

--
-- Data for table `craft_migrations`
--

INSERT INTO `craft_migrations` (`id`, `pluginId`, `version`, `applyTime`, `dateCreated`, `dateUpdated`, `uid`) VALUES
 ('1', NULL, 'm000000_000000_base', '2018-02-20 09:10:16', '2018-02-20 09:10:16', '2018-02-20 09:10:16', '29ad8ece-6486-4c26-adbc-f18db5b47ebb'),
 ('2', NULL, 'm140730_000001_add_filename_and_format_to_transformindex', '2018-02-20 09:10:16', '2018-02-20 09:10:16', '2018-02-20 09:10:16', '31a98008-b5a1-4933-8d60-d1b2ef7ce13b'),
 ('3', NULL, 'm140815_000001_add_format_to_transforms', '2018-02-20 09:10:16', '2018-02-20 09:10:16', '2018-02-20 09:10:16', '62442aa1-1952-4208-ae3c-e5e48cd6a295'),
 ('4', NULL, 'm140822_000001_allow_more_than_128_items_per_field', '2018-02-20 09:10:16', '2018-02-20 09:10:16', '2018-02-20 09:10:16', '265cc491-0415-4219-b392-c7b594a9bf1a'),
 ('5', NULL, 'm140829_000001_single_title_formats', '2018-02-20 09:10:16', '2018-02-20 09:10:16', '2018-02-20 09:10:16', 'e09abb32-b92a-4e7a-beb6-858deb6feda0'),
 ('6', NULL, 'm140831_000001_extended_cache_keys', '2018-02-20 09:10:16', '2018-02-20 09:10:16', '2018-02-20 09:10:16', 'bce70986-226b-4666-9bcd-b1b213250bc5'),
 ('7', NULL, 'm140922_000001_delete_orphaned_matrix_blocks', '2018-02-20 09:10:16', '2018-02-20 09:10:16', '2018-02-20 09:10:16', '71a91ed4-6a9d-40bb-8e4e-aa40df586ab9'),
 ('8', NULL, 'm141008_000001_elements_index_tune', '2018-02-20 09:10:16', '2018-02-20 09:10:16', '2018-02-20 09:10:16', 'ff88024c-3a35-42c9-885b-cc84b59136cd'),
 ('9', NULL, 'm141009_000001_assets_source_handle', '2018-02-20 09:10:16', '2018-02-20 09:10:16', '2018-02-20 09:10:16', 'f886f287-25b6-4bc0-9454-bc36adb83d99'),
 ('10', NULL, 'm141024_000001_field_layout_tabs', '2018-02-20 09:10:16', '2018-02-20 09:10:16', '2018-02-20 09:10:16', 'bee672b8-0739-431d-a96d-47c755b71c28'),
 ('11', NULL, 'm141030_000000_plugin_schema_versions', '2018-02-20 09:10:16', '2018-02-20 09:10:16', '2018-02-20 09:10:16', 'c6e59799-27c4-43b3-831d-813f14c0b5b1'),
 ('12', NULL, 'm141030_000001_drop_structure_move_permission', '2018-02-20 09:10:16', '2018-02-20 09:10:16', '2018-02-20 09:10:16', '6fa986d9-5090-4761-9c9f-422b3c24ce34'),
 ('13', NULL, 'm141103_000001_tag_titles', '2018-02-20 09:10:16', '2018-02-20 09:10:16', '2018-02-20 09:10:16', 'a53278a3-82a6-4676-8520-d07ce2284807'),
 ('14', NULL, 'm141109_000001_user_status_shuffle', '2018-02-20 09:10:16', '2018-02-20 09:10:16', '2018-02-20 09:10:16', '6aac7468-a103-4b4f-bc4e-f12d4cf5ade9'),
 ('15', NULL, 'm141126_000001_user_week_start_day', '2018-02-20 09:10:16', '2018-02-20 09:10:16', '2018-02-20 09:10:16', '508024c7-5c6e-42b5-84b5-399a7b9e2850'),
 ('16', NULL, 'm150210_000001_adjust_user_photo_size', '2018-02-20 09:10:16', '2018-02-20 09:10:16', '2018-02-20 09:10:16', '90193e1a-e119-4120-a319-e933a95396b5'),
 ('17', NULL, 'm150724_000001_adjust_quality_settings', '2018-02-20 09:10:16', '2018-02-20 09:10:16', '2018-02-20 09:10:16', 'c36f8e1a-73f4-4823-af45-306634f73c38'),
 ('18', NULL, 'm150827_000000_element_index_settings', '2018-02-20 09:10:16', '2018-02-20 09:10:16', '2018-02-20 09:10:16', '5c32c534-7115-4093-be81-928aedd82767'),
 ('19', NULL, 'm150918_000001_add_colspan_to_widgets', '2018-02-20 09:10:16', '2018-02-20 09:10:16', '2018-02-20 09:10:16', '1c52d9f4-a85f-4d71-9986-3486d42f803e'),
 ('20', NULL, 'm151007_000000_clear_asset_caches', '2018-02-20 09:10:16', '2018-02-20 09:10:16', '2018-02-20 09:10:16', '343deca6-416e-4be1-9c97-f5dce1b79c0b'),
 ('21', NULL, 'm151109_000000_text_url_formats', '2018-02-20 09:10:16', '2018-02-20 09:10:16', '2018-02-20 09:10:16', '703506b9-3fb5-471c-9ecd-e2014a846d36'),
 ('22', NULL, 'm151110_000000_move_logo', '2018-02-20 09:10:16', '2018-02-20 09:10:16', '2018-02-20 09:10:16', '82223bcc-f2f3-4272-bb96-da9649aa2b9d'),
 ('23', NULL, 'm151117_000000_adjust_image_widthheight', '2018-02-20 09:10:16', '2018-02-20 09:10:16', '2018-02-20 09:10:16', 'f84b9065-9cd3-4628-8bc2-662cb3dce49b'),
 ('24', NULL, 'm151127_000000_clear_license_key_status', '2018-02-20 09:10:16', '2018-02-20 09:10:16', '2018-02-20 09:10:16', 'a2c076ab-ae4a-490a-860b-0dbaf45d32b9'),
 ('25', NULL, 'm151127_000000_plugin_license_keys', '2018-02-20 09:10:16', '2018-02-20 09:10:16', '2018-02-20 09:10:16', '2145278a-612e-4f32-a181-49f5c25b7303'),
 ('26', NULL, 'm151130_000000_update_pt_widget_feeds', '2018-02-20 09:10:16', '2018-02-20 09:10:16', '2018-02-20 09:10:16', 'b853bd4e-e3b7-4428-a5e2-144d27505fe9'),
 ('27', NULL, 'm160114_000000_asset_sources_public_url_default_true', '2018-02-20 09:10:16', '2018-02-20 09:10:16', '2018-02-20 09:10:16', '2b56c8ac-ed4f-4572-b6c3-032e60e469a1'),
 ('28', NULL, 'm160223_000000_sortorder_to_smallint', '2018-02-20 09:10:16', '2018-02-20 09:10:16', '2018-02-20 09:10:16', '65e0eec5-6c88-4140-89b0-f7fa36158961'),
 ('29', NULL, 'm160229_000000_set_default_entry_statuses', '2018-02-20 09:10:16', '2018-02-20 09:10:16', '2018-02-20 09:10:16', 'efe3c6f5-71c4-48de-aad6-fac81b83f681'),
 ('30', NULL, 'm160304_000000_client_permissions', '2018-02-20 09:10:16', '2018-02-20 09:10:16', '2018-02-20 09:10:16', 'a046a048-c31b-4971-9a46-82963959dcee'),
 ('31', NULL, 'm160322_000000_asset_filesize', '2018-02-20 09:10:16', '2018-02-20 09:10:16', '2018-02-20 09:10:16', '09218b54-ec89-4cf1-bc3b-a97097e3e58c'),
 ('32', NULL, 'm160503_000000_orphaned_fieldlayouts', '2018-02-20 09:10:16', '2018-02-20 09:10:16', '2018-02-20 09:10:16', '19fa3e94-54c4-4260-b3ed-f34ef6222bb5'),
 ('33', NULL, 'm160510_000000_tasksettings', '2018-02-20 09:10:16', '2018-02-20 09:10:16', '2018-02-20 09:10:16', '2cbe968b-539b-46af-9cb8-912f15917ae4'),
 ('34', NULL, 'm160829_000000_pending_user_content_cleanup', '2018-02-20 09:10:16', '2018-02-20 09:10:16', '2018-02-20 09:10:16', '44480f06-66fa-4d41-aef9-4b48c1860c2a'),
 ('35', NULL, 'm160830_000000_asset_index_uri_increase', '2018-02-20 09:10:16', '2018-02-20 09:10:16', '2018-02-20 09:10:16', 'ed2b3986-301c-4648-9d31-9c047d5405bd'),
 ('36', NULL, 'm160919_000000_usergroup_handle_title_unique', '2018-02-20 09:10:16', '2018-02-20 09:10:16', '2018-02-20 09:10:16', '8e8ec21f-3539-4a5d-be58-ddedb51de9ab'),
 ('37', NULL, 'm161108_000000_new_version_format', '2018-02-20 09:10:16', '2018-02-20 09:10:16', '2018-02-20 09:10:16', '2b807284-3248-41bf-b943-af311f1d50aa'),
 ('38', NULL, 'm161109_000000_index_shuffle', '2018-02-20 09:10:16', '2018-02-20 09:10:16', '2018-02-20 09:10:16', '408b7dbd-6300-40bf-8e71-e79fa46f3f0a'),
 ('39', NULL, 'm170612_000000_route_index_shuffle', '2018-02-20 09:10:16', '2018-02-20 09:10:16', '2018-02-20 09:10:16', 'e7654ca7-ce6d-4df0-8904-61250e621124'),
 ('40', NULL, 'm171107_000000_assign_group_permissions', '2018-02-20 09:10:16', '2018-02-20 09:10:16', '2018-02-20 09:10:16', '59fc5c84-2509-48c6-a14e-0afeb032da83'),
 ('41', NULL, 'm171117_000001_templatecache_index_tune', '2018-02-20 09:10:16', '2018-02-20 09:10:16', '2018-02-20 09:10:16', 'a9af9765-38d3-49f6-8ddb-e11604548cb1'),
 ('42', NULL, 'm171204_000001_templatecache_index_tune_deux', '2018-02-20 09:10:16', '2018-02-20 09:10:16', '2018-02-20 09:10:16', '09f256b6-5e6d-4150-a70e-eb7172625f3c');



DROP TABLE IF EXISTS `craft_plugins`;


--
-- Schema for table `craft_plugins`
--
CREATE TABLE `craft_plugins` (
  `id` int(11) NOT NULL AUTO_INCREMENT,
  `class` varchar(150) COLLATE utf8_unicode_ci NOT NULL,
  `version` varchar(15) COLLATE utf8_unicode_ci NOT NULL,
  `schemaVersion` varchar(15) COLLATE utf8_unicode_ci DEFAULT NULL,
  `licenseKey` char(24) COLLATE utf8_unicode_ci DEFAULT NULL,
  `licenseKeyStatus` enum('valid','invalid','mismatched','unknown') COLLATE utf8_unicode_ci NOT NULL DEFAULT 'unknown',
  `enabled` tinyint(1) unsigned NOT NULL DEFAULT '0',
  `settings` text COLLATE utf8_unicode_ci,
  `installDate` datetime NOT NULL,
  `dateCreated` datetime NOT NULL,
  `dateUpdated` datetime NOT NULL,
  `uid` char(36) COLLATE utf8_unicode_ci NOT NULL DEFAULT '0',
  PRIMARY KEY (`id`)
) ENGINE=InnoDB DEFAULT CHARSET=utf8 COLLATE=utf8_unicode_ci;

DROP TABLE IF EXISTS `craft_rackspaceaccess`;


--
-- Schema for table `craft_rackspaceaccess`
--
CREATE TABLE `craft_rackspaceaccess` (
  `id` int(11) NOT NULL AUTO_INCREMENT,
  `connectionKey` varchar(255) COLLATE utf8_unicode_ci NOT NULL,
  `token` varchar(255) COLLATE utf8_unicode_ci NOT NULL,
  `storageUrl` varchar(255) COLLATE utf8_unicode_ci NOT NULL,
  `cdnUrl` varchar(255) COLLATE utf8_unicode_ci NOT NULL,
  `dateCreated` datetime NOT NULL,
  `dateUpdated` datetime NOT NULL,
  `uid` char(36) COLLATE utf8_unicode_ci NOT NULL DEFAULT '0',
  PRIMARY KEY (`id`),
  UNIQUE KEY `craft_rackspaceaccess_connectionKey_unq_idx` (`connectionKey`)
) ENGINE=InnoDB DEFAULT CHARSET=utf8 COLLATE=utf8_unicode_ci;

DROP TABLE IF EXISTS `craft_relations`;


--
-- Schema for table `craft_relations`
--
CREATE TABLE `craft_relations` (
  `id` int(11) NOT NULL AUTO_INCREMENT,
  `fieldId` int(11) NOT NULL,
  `sourceId` int(11) NOT NULL,
  `sourceLocale` char(12) COLLATE utf8_unicode_ci DEFAULT NULL,
  `targetId` int(11) NOT NULL,
  `sortOrder` smallint(6) DEFAULT NULL,
  `dateCreated` datetime NOT NULL,
  `dateUpdated` datetime NOT NULL,
  `uid` char(36) COLLATE utf8_unicode_ci NOT NULL DEFAULT '0',
  PRIMARY KEY (`id`),
  UNIQUE KEY `craft_relations_fieldId_sourceId_sourceLocale_targetId_unq_idx` (`fieldId`,`sourceId`,`sourceLocale`,`targetId`),
  KEY `craft_relations_sourceId_fk` (`sourceId`),
  KEY `craft_relations_sourceLocale_fk` (`sourceLocale`),
  KEY `craft_relations_targetId_fk` (`targetId`)
) ENGINE=InnoDB AUTO_INCREMENT=168 DEFAULT CHARSET=utf8 COLLATE=utf8_unicode_ci;

--
-- Data for table `craft_relations`
--

INSERT INTO `craft_relations` (`id`, `fieldId`, `sourceId`, `sourceLocale`, `targetId`, `sortOrder`, `dateCreated`, `dateUpdated`, `uid`) VALUES
 ('24', '3', '2', NULL, '39', '1', '2018-02-21 15:46:12', '2018-02-21 15:46:12', '92b85005-79e8-4fd9-9b7a-06b769be067f'),
 ('28', '3', '23', NULL, '44', '1', '2018-02-21 16:22:55', '2018-02-21 16:22:55', '05da6048-055a-47da-97e4-70ffb1ad23fe'),
 ('29', '7', '23', NULL, '24', '1', '2018-02-21 16:22:55', '2018-02-21 16:22:55', '7982c6a4-8c4e-4a81-9d37-e6349a399066'),
 ('30', '7', '23', NULL, '25', '2', '2018-02-21 16:22:55', '2018-02-21 16:22:55', 'd9c8c689-3ca2-4b3e-b49f-c8b6a70d4c29'),
 ('31', '7', '23', NULL, '26', '3', '2018-02-21 16:22:55', '2018-02-21 16:22:55', '9600b608-6f9f-472b-8e73-9a3f334dfc1a'),
 ('90', '10', '10', NULL, '33', '1', '2018-02-22 16:06:30', '2018-02-22 16:06:30', '28492442-ffe9-44b7-9645-004cf817c4cd'),
 ('91', '16', '10', NULL, '32', '1', '2018-02-22 16:06:30', '2018-02-22 16:06:30', '7b421573-6332-4696-b8f6-48f08922642b'),
 ('94', '10', '14', NULL, '37', '1', '2018-02-22 16:17:22', '2018-02-22 16:17:22', '8798903d-f0a5-421b-9f68-30447af2ecef'),
 ('95', '10', '12', NULL, '34', '1', '2018-02-22 16:17:39', '2018-02-22 16:17:39', 'd8a1599c-54f3-4f3f-b63f-4af34f52ce5c'),
 ('96', '16', '12', NULL, '32', '1', '2018-02-22 16:17:39', '2018-02-22 16:17:39', 'f04edb4c-9114-4d84-9a14-1daba8e0e43d'),
 ('102', '9', '59', NULL, '56', '1', '2018-02-22 16:38:20', '2018-02-22 16:38:20', 'cd9396d1-f3d1-465f-ae57-37d80bc53518'),
 ('103', '14', '59', NULL, '22', '1', '2018-02-22 16:38:20', '2018-02-22 16:38:20', 'f546e5d2-407a-4b36-b94e-6813f87c8d68'),
 ('104', '15', '59', NULL, '13', '1', '2018-02-22 16:38:20', '2018-02-22 16:38:20', 'eb3962fa-f3b4-4871-ac66-9a390fc40e22'),
 ('105', '9', '60', NULL, '57', '1', '2018-02-22 16:38:54', '2018-02-22 16:38:54', '44c52df0-5a28-4a53-b70d-caa010a72c92'),
 ('106', '14', '60', NULL, '22', '1', '2018-02-22 16:38:54', '2018-02-22 16:38:54', 'ed861cf1-be48-4acd-9398-2367d004ee17'),
 ('107', '15', '60', NULL, '11', '1', '2018-02-22 16:38:54', '2018-02-22 16:38:54', '2f55acd4-6673-4aaf-a44e-cfecab3d543c'),
 ('108', '15', '60', NULL, '12', '2', '2018-02-22 16:38:54', '2018-02-22 16:38:54', '47b67de6-e50d-483d-9b6c-32211c57742c'),
 ('109', '8', '22', NULL, '30', '1', '2018-02-22 16:57:25', '2018-02-22 16:57:25', 'ab29726e-53de-45cc-a78b-288ba6bb8b02'),
 ('110', '13', '22', NULL, '13', '1', '2018-02-22 16:57:25', '2018-02-22 16:57:25', '6592ee7b-fb79-4324-ac8d-f02bac9c9b3f'),
 ('111', '13', '22', NULL, '14', '2', '2018-02-22 16:57:25', '2018-02-22 16:57:25', 'd44f9ed6-c744-46dd-b385-668007d98b61'),
 ('112', '8', '20', NULL, '28', '1', '2018-02-22 16:57:30', '2018-02-22 16:57:30', 'a2845052-e349-45b3-84eb-65ac88f0fdc6'),
 ('113', '12', '20', NULL, '32', '1', '2018-02-22 16:57:30', '2018-02-22 16:57:30', '15c687c1-373e-4636-b1b7-fc4c31c6e303'),
 ('114', '13', '20', NULL, '12', '1', '2018-02-22 16:57:30', '2018-02-22 16:57:30', 'e3b469bf-84d4-42a9-9bf8-2104dd92e15f'),
 ('115', '13', '20', NULL, '10', '2', '2018-02-22 16:57:30', '2018-02-22 16:57:30', '25d6fb0e-6f31-41e1-a05b-937255b8a2b3'),
 ('116', '13', '20', NULL, '11', '3', '2018-02-22 16:57:30', '2018-02-22 16:57:30', '9bd3f3b8-c616-4686-a9a0-f981be10cf52'),
 ('117', '8', '21', NULL, '29', '1', '2018-02-22 16:57:34', '2018-02-22 16:57:34', '59cf3ba1-a9f5-4263-9d3e-f69564116656'),
 ('118', '12', '21', NULL, '32', '1', '2018-02-22 16:57:34', '2018-02-22 16:57:34', 'fd8298c3-bc88-41a3-a81c-7dc20955d5ae'),
 ('119', '13', '21', NULL, '11', '1', '2018-02-22 16:57:34', '2018-02-22 16:57:34', 'a46b14be-0449-4c8b-b76f-46e89f6fc3aa'),
 ('120', '13', '21', NULL, '12', '2', '2018-02-22 16:57:34', '2018-02-22 16:57:34', 'a3b47fa2-897b-4c4a-80d9-632e0a2c6b48'),
 ('121', '13', '21', NULL, '10', '3', '2018-02-22 16:57:34', '2018-02-22 16:57:34', 'e40a5a13-e9d1-49d9-8a5b-a47ebebdcd90'),
 ('126', '11', '43', NULL, '41', '1', '2018-02-24 11:54:29', '2018-02-24 11:54:29', '0ac954ef-856c-45a2-8c11-15739848627a'),
 ('127', '11', '43', NULL, '46', '2', '2018-02-24 11:54:29', '2018-02-24 11:54:29', '28516199-3de0-4abe-8638-691de1d07941'),
 ('128', '11', '43', NULL, '47', '3', '2018-02-24 11:54:29', '2018-02-24 11:54:29', '9db7b42a-650b-42a7-90de-1525cbbb1e3c'),
 ('129', '11', '43', NULL, '48', '4', '2018-02-24 11:54:29', '2018-02-24 11:54:29', '4cdebb7f-6388-4feb-8c46-a12a2d17df35'),
 ('130', '11', '43', NULL, '51', '5', '2018-02-24 11:54:29', '2018-02-24 11:54:29', 'a0d33b1d-7449-4183-94d1-41febd58550f'),
 ('131', '11', '43', NULL, '52', '6', '2018-02-24 11:54:29', '2018-02-24 11:54:29', 'fd0f38b8-3904-4e82-bf81-94cf7d34aff3'),
 ('132', '11', '43', NULL, '53', '7', '2018-02-24 11:54:29', '2018-02-24 11:54:29', 'b93fd1e0-2462-45d8-adfc-28f4d777cc44'),
 ('133', '11', '43', NULL, '42', '8', '2018-02-24 11:54:29', '2018-02-24 11:54:29', '3ca05a7f-9f36-4dfc-86ef-fb29e0936da8'),
 ('134', '11', '43', NULL, '40', '9', '2018-02-24 11:54:29', '2018-02-24 11:54:29', 'ba0bfe40-ad52-48a0-a11d-38ab002f4bb5'),
 ('135', '11', '43', NULL, '45', '10', '2018-02-24 11:54:29', '2018-02-24 11:54:29', '0f3e6b11-6289-486e-99b8-072bb41a4b0c'),
 ('136', '11', '43', NULL, '49', '11', '2018-02-24 11:54:29', '2018-02-24 11:54:29', 'db074da5-9ffa-4725-80f2-471c03d16734'),
 ('137', '11', '43', NULL, '50', '12', '2018-02-24 11:54:29', '2018-02-24 11:54:29', '90bb9bda-e2ea-4a69-a8e4-9a26638d9ef1'),
 ('153', '9', '32', NULL, '31', '1', '2018-02-24 14:38:49', '2018-02-24 14:38:49', 'ac7ad5b9-56b8-490e-8c40-1def3ba0d644'),
 ('154', '14', '32', NULL, '20', '1', '2018-02-24 14:38:49', '2018-02-24 14:38:49', '6c07fa9b-21d4-4990-b785-b6691393681f'),
 ('155', '14', '32', NULL, '21', '2', '2018-02-24 14:38:49', '2018-02-24 14:38:49', '456b319a-7b2c-4720-8786-3e611fbc5e20'),
 ('156', '15', '32', NULL, '11', '1', '2018-02-24 14:38:49', '2018-02-24 14:38:49', '7847f781-f11c-4ce2-ae99-303a1c8250c7'),
 ('157', '15', '32', NULL, '12', '2', '2018-02-24 14:38:49', '2018-02-24 14:38:49', 'f594924c-4421-4e5a-9c30-35ac4772f8b8'),
 ('158', '15', '32', NULL, '10', '3', '2018-02-24 14:38:49', '2018-02-24 14:38:49', 'a0a4bab9-803e-4085-9346-be592528f419'),
 ('159', '10', '13', NULL, '36', '1', '2018-02-24 16:38:14', '2018-02-24 16:38:14', '71218bac-5f9b-4dc8-ae8e-c797738dbe28'),
 ('166', '10', '11', NULL, '35', '1', '2018-02-26 08:26:48', '2018-02-26 08:26:48', '9cf6506a-2c73-4ce4-84ce-b7149acda645'),
 ('167', '16', '11', NULL, '32', '1', '2018-02-26 08:26:48', '2018-02-26 08:26:48', '8ee9b1aa-dcfe-49ce-bc1a-f30044f1ca04');



DROP TABLE IF EXISTS `craft_routes`;


--
-- Schema for table `craft_routes`
--
CREATE TABLE `craft_routes` (
  `id` int(11) NOT NULL AUTO_INCREMENT,
  `locale` char(12) COLLATE utf8_unicode_ci DEFAULT NULL,
  `urlParts` varchar(255) COLLATE utf8_unicode_ci NOT NULL,
  `urlPattern` varchar(255) COLLATE utf8_unicode_ci NOT NULL,
  `template` varchar(255) COLLATE utf8_unicode_ci NOT NULL,
  `sortOrder` smallint(6) unsigned DEFAULT NULL,
  `dateCreated` datetime NOT NULL,
  `dateUpdated` datetime NOT NULL,
  `uid` char(36) COLLATE utf8_unicode_ci NOT NULL DEFAULT '0',
  PRIMARY KEY (`id`),
  KEY `craft_routes_locale_idx` (`locale`),
  KEY `craft_routes_urlPattern_idx` (`urlPattern`)
) ENGINE=InnoDB DEFAULT CHARSET=utf8 COLLATE=utf8_unicode_ci;

DROP TABLE IF EXISTS `craft_searchindex`;


--
-- Schema for table `craft_searchindex`
--
CREATE TABLE `craft_searchindex` (
  `elementId` int(11) NOT NULL,
  `attribute` varchar(25) COLLATE utf8_unicode_ci NOT NULL,
  `fieldId` int(11) NOT NULL,
  `locale` char(12) COLLATE utf8_unicode_ci NOT NULL,
  `keywords` text COLLATE utf8_unicode_ci NOT NULL,
  PRIMARY KEY (`elementId`,`attribute`,`fieldId`,`locale`),
  FULLTEXT KEY `craft_searchindex_keywords_idx` (`keywords`)
) ENGINE=MyISAM DEFAULT CHARSET=utf8 COLLATE=utf8_unicode_ci;

--
-- Data for table `craft_searchindex`
--

INSERT INTO `craft_searchindex` (`elementId`, `attribute`, `fieldId`, `locale`, `keywords`) VALUES
 ('1', 'username', '0', 'nl', ' remcohoeneveld '),
 ('1', 'firstname', '0', 'nl', ''),
 ('1', 'lastname', '0', 'nl', ''),
 ('1', 'fullname', '0', 'nl', ''),
 ('1', 'email', '0', 'nl', ' remcohoeneveld gmail com '),
 ('1', 'slug', '0', 'nl', ''),
 ('2', 'slug', '0', 'nl', ' homepage '),
 ('2', 'title', '0', 'nl', ' welcome to big lion promotions '),
 ('2', 'field', '1', 'nl', ' lorem ipsum is simply dummy text of the printing and typesetting industry lorem ipsum has been the industry s standard dummy text ever since the 1500s when an unknown printer took a galley of type and scrambled it to make a type specimen book it has survived not only five centuries but also the leap into electronic typesetting remaining essentially unchanged it was popularised in the 1960s with the release of letraset sheets containing lorem ipsum passages and more recently with desktop publishing software like aldus pagemaker including versions of lorem ipsum '),
 ('3', 'field', '1', 'nl', ' lorem ipsum is simply dummy text of the printing and typesetting industry lorem ipsum has been the industry s standard dummy text ever since the 1500s when an unknown printer took a galley of type and scrambled it to make a type specimen book it has survived not only five centuries but also the leap into electronic typesetting remaining essentially unchanged it was popularised in the 1960s with the release of letraset sheets containing lorem ipsum passages and more recently with desktop publishing software like aldus pagemaker including versions of lorem ipsum it is a long established fact that a reader will be distracted by the readable content of a page when looking at its layout the point of using lorem ipsum is that it has a more or less normal distribution of letters as opposed to using content here content here making it look like readable english many desktop publishing packages and web page editors now use lorem ipsum as their default model text and a search for lorem ipsum will uncover many web sites still in their infancy various versions have evolved over the years sometimes by accident sometimes on purpose injected humour and the like '),
 ('3', 'field', '2', 'nl', ''),
 ('3', 'slug', '0', 'nl', ' we just installed craft '),
 ('3', 'title', '0', 'nl', ' the band is now back toghether '),
 ('4', 'slug', '0', 'nl', ' contact '),
 ('4', 'title', '0', 'nl', ' contact '),
 ('30', 'title', '0', 'nl', ' remco hoeneveld '),
 ('22', 'field', '8', 'nl', ' remco hoeneveld '),
 ('21', 'field', '8', 'nl', ' faya milla ellis moore '),
 ('20', 'field', '8', 'nl', ' dilan '),
 ('31', 'filename', '0', 'nl', ' 1204 one world band_02 jpg '),
 ('31', 'extension', '0', 'nl', ' jpg '),
 ('2', 'field', '3', 'nl', ' 20139960 756858411160693 1824294467137751100 n '),
 ('30', 'kind', '0', 'nl', ' image '),
 ('30', 'slug', '0', 'nl', ' remco hoeneveld '),
 ('32', 'field', '2', 'nl', ''),
 ('32', 'field', '9', 'nl', ' 1204 one world band 02 '),
 ('32', 'field', '1', 'nl', ' lorem ipsum dolor sit amet consectetur adipiscing elit sed do eiusmod tempor incididunt ut labore et dolore magna aliqua ut enim ad minim veniam quis nostrud exercitation ullamco laboris nisi ut aliquip ex ea commodo consequat duis aute irure dolor in reprehenderit in voluptate velit esse cillum dolore eu fugiat nulla pariatur excepteur sint occaecat cupidatat non proident sunt in culpa qui officia deserunt mollit anim id est laborum '),
 ('31', 'title', '0', 'nl', ' 1204 one world band 02 '),
 ('31', 'kind', '0', 'nl', ' image '),
 ('31', 'slug', '0', 'nl', ' 1204 one world band 02 '),
 ('10', 'field', '1', 'nl', ' lorem ipsum is simply dummy text of the printing and typesetting industry lorem ipsum has been the industry s standard dummy text ever since the 1500s when an unknown printer took a galley of type and scrambled it to make a type specimen book it has survived not only five centuries but also the leap into electronic typesetting remaining essentially unchanged it was popularised in the 1960s with the release of letraset sheets containing lorem ipsum passages and more recently with desktop publishing software like aldus pagemaker including versions of lorem ipsum '),
 ('10', 'field', '3', 'nl', ' jamaica pr6 2 14 p02 h '),
 ('10', 'field', '2', 'nl', ''),
 ('10', 'slug', '0', 'nl', ' jamaica p4 '),
 ('10', 'title', '0', 'nl', ' jamaica p4 '),
 ('11', 'field', '1', 'nl', ' lorem ipsum is simply dummy text of the printing and typesetting industry lorem ipsum has been the industry s standard dummy text ever since the 1500s when an unknown printer took a galley of type and scrambled it to make a type specimen book it has survived not only five centuries but also the leap into electronic typesetting remaining essentially unchanged it was popularised in the 1960s with the release of letraset sheets containing lorem ipsum passages and more recently with desktop publishing software like aldus pagemaker including versions of lorem ipsum '),
 ('11', 'field', '3', 'nl', ' maxresdefault '),
 ('11', 'field', '2', 'nl', ''),
 ('11', 'slug', '0', 'nl', ' sunrise 2017 '),
 ('11', 'title', '0', 'nl', ' sunrise 2017 '),
 ('12', 'field', '1', 'nl', ' lorem ipsum is simply dummy text of the printing and typesetting industry lorem ipsum has been the industry s standard dummy text ever since the 1500s when an unknown printer took a galley of type and scrambled it to make a type specimen book it has survived not only five centuries but also the leap into electronic typesetting remaining essentially unchanged it was popularised in the 1960s with the release of letraset sheets containing lorem ipsum passages and more recently with desktop publishing software like aldus pagemaker including versions of lorem ipsum '),
 ('12', 'field', '3', 'nl', ' maxresdefault 1 '),
 ('12', 'field', '2', 'nl', ''),
 ('12', 'slug', '0', 'nl', ' reggae night '),
 ('12', 'title', '0', 'nl', ' reggae night '),
 ('13', 'field', '1', 'nl', ' lorem ipsum is simply dummy text of the printing and typesetting industry lorem ipsum has been the industry s standard dummy text ever since the 1500s when an unknown printer took a galley of type and scrambled it to make a type specimen book it has survived not only five centuries but also the leap into electronic typesetting remaining essentially unchanged it was popularised in the 1960s with the release of letraset sheets containing lorem ipsum passages and more recently with desktop publishing software like aldus pagemaker including versions of lorem ipsum '),
 ('13', 'field', '3', 'nl', ' reggae night '),
 ('13', 'field', '2', 'nl', ''),
 ('13', 'slug', '0', 'nl', ' jam around the world '),
 ('13', 'title', '0', 'nl', ' jam around the world '),
 ('14', 'field', '1', 'nl', ' lorem ipsum is simply dummy text of the printing and typesetting industry lorem ipsum has been the industry s standard dummy text ever since the 1500s when an unknown printer took a galley of type and scrambled it to make a type specimen book it has survived not only five centuries but also the leap into electronic typesetting remaining essentially unchanged it was popularised in the 1960s with the release of letraset sheets containing lorem ipsum passages and more recently with desktop publishing software like aldus pagemaker including versions of lorem ipsum '),
 ('14', 'field', '3', 'nl', ' stephen ziggy marley '),
 ('14', 'field', '2', 'nl', ''),
 ('14', 'slug', '0', 'nl', ' ziggy marley ziggodome '),
 ('14', 'title', '0', 'nl', ' ziggy marley ziggodome '),
 ('30', 'extension', '0', 'nl', ' jpg '),
 ('30', 'filename', '0', 'nl', ' remco hoeneveld jpg '),
 ('29', 'title', '0', 'nl', ' faya milla ellis moore '),
 ('29', 'kind', '0', 'nl', ' image '),
 ('29', 'slug', '0', 'nl', ' faya milla ellis moore '),
 ('29', 'extension', '0', 'nl', ' jpg '),
 ('29', 'filename', '0', 'nl', ' faya milla ellis moore jpg '),
 ('28', 'slug', '0', 'nl', ' dilan '),
 ('28', 'title', '0', 'nl', ' dilan '),
 ('20', 'field', '1', 'nl', ' lorem ipsum l lorem ipsum dolor sit amet consectetuer adipiscing elit aenean commodo ligula eget dolor aenean massa cum sociis natoque penatibus et magnis dis parturient montes nascetur ridiculus mus donec quam felis ultricies nec pellentesque eu pretium quis sem nulla consequat massa quis enim donec '),
 ('20', 'field', '3', 'nl', ' dilan '),
 ('20', 'field', '2', 'nl', ''),
 ('20', 'slug', '0', 'nl', ' dilan tekin '),
 ('20', 'title', '0', 'nl', ' dilan tekin '),
 ('21', 'field', '1', 'nl', ' lorem ipsum l lorem ipsum dolor sit amet consectetuer adipiscing elit aenean commodo ligula eget dolor aenean massa cum sociis natoque penatibus et magnis dis parturient montes nascetur ridiculus mus donec quam felis ultricies nec pellentesque eu pretium quis sem nulla consequat massa quis enim donec '),
 ('21', 'field', '3', 'nl', ' faya milla ellis moore '),
 ('21', 'field', '2', 'nl', ''),
 ('21', 'slug', '0', 'nl', ' faya milla '),
 ('21', 'title', '0', 'nl', ' faya milla '),
 ('22', 'field', '1', 'nl', ' lorem ipsum l lorem ipsum dolor sit amet consectetuer adipiscing elit aenean commodo ligula eget dolor aenean massa cum sociis natoque penatibus et magnis dis parturient montes nascetur ridiculus mus donec quam felis ultricies nec pellentesque eu pretium quis sem nulla consequat massa quis enim donec '),
 ('22', 'field', '3', 'nl', ' remco hoeneveld '),
 ('22', 'field', '2', 'nl', ''),
 ('22', 'slug', '0', 'nl', ' remco hoeneveld '),
 ('22', 'title', '0', 'nl', ' remco hoeneveld '),
 ('23', 'slug', '0', 'nl', ' backline '),
 ('23', 'title', '0', 'nl', ' backline '),
 ('24', 'filename', '0', 'nl', ' aer compact60 150x150 jpg '),
 ('24', 'extension', '0', 'nl', ' jpg '),
 ('24', 'kind', '0', 'nl', ' image '),
 ('24', 'slug', '0', 'nl', ' aer compact60 150x150 '),
 ('24', 'title', '0', 'nl', ' aer compact60 150x150 '),
 ('25', 'filename', '0', 'nl', ' marshall 2203 jpg '),
 ('25', 'extension', '0', 'nl', ' jpg '),
 ('25', 'kind', '0', 'nl', ' image '),
 ('25', 'slug', '0', 'nl', ' marshall 2203 '),
 ('25', 'title', '0', 'nl', ' marshall 2203 '),
 ('26', 'filename', '0', 'nl', ' marshall 2204 150x150 jpg '),
 ('26', 'extension', '0', 'nl', ' jpg '),
 ('26', 'kind', '0', 'nl', ' image '),
 ('26', 'slug', '0', 'nl', ' marshall 2204 150x150 '),
 ('26', 'title', '0', 'nl', ' marshall 2204 150x150 '),
 ('28', 'kind', '0', 'nl', ' image '),
 ('28', 'extension', '0', 'nl', ' jpg '),
 ('28', 'filename', '0', 'nl', ' dilan jpg '),
 ('23', 'field', '1', 'nl', ' sed ut perspiciatis unde omnis iste natus error sit voluptatem accusantium doloremque laudantium totam rem aperiam eaque ipsa quae ab illo inventore veritatis et quasi architecto beatae vitae dicta sunt explicabo nemo enim ipsam voluptatem quia voluptas sit aspernatur aut odit aut fugit sed quia consequuntur magni dolores eos qui ratione voluptatem sequi nesciunt neque porro quisquam est qui dolorem ipsum quia dolor sit amet consectetur adipisci velit sed quia non numquam eius modi tempora incidunt ut labore et dolore magnam aliquam quaerat voluptatem ut enim ad minima veniam quis nostrum exercitationem ullam corporis suscipit laboriosam nisi ut aliquid ex ea commodi consequatur quis autem vel eum iure reprehenderit qui in ea voluptate velit esse quam nihil molestiae consequatur vel illum qui dolorem eum fugiat quo voluptas nulla pariatur ');
INSERT INTO `craft_searchindex` (`elementId`, `attribute`, `fieldId`, `locale`, `keywords`) VALUES
 ('23', 'field', '3', 'nl', ' backline '),
 ('23', 'field', '2', 'nl', ''),
 ('23', 'field', '4', 'nl', ' ​sed ut perspiciatis unde omnis iste natus error sit voluptatem accusantium doloremque laudantium totam rem aperiam eaque ipsa quae ab illo inventore veritatis et quasi architecto beatae vitae dicta sunt explicabo nemo enim ipsam voluptatem quia voluptas sit aspernatur aut odit aut fugit sed quia consequuntur magni dolores eos qui ratione voluptatem sequi nesciunt neque porro quisquam est qui dolorem ipsum quia dolor sit amet consectetur adipisci velit sed quia non numquam eius modi tempora incidunt ut labore et dolore magnam aliquam quaerat voluptatem ut enim ad minima veniam quis nostrum exercitationem ullam corporis suscipit laboriosam nisi ut aliquid ex ea commodi consequatur quis autem vel eum iure reprehenderit qui in ea voluptate velit esse quam nihil molestiae consequatur vel illum qui dolorem eum fugiat quo voluptas nulla pariatur ​ '),
 ('23', 'field', '6', 'nl', ' ​sed ut perspiciatis unde omnis iste natus error sit voluptatem accusantium doloremque laudantium totam rem aperiam eaque ipsa quae ab illo inventore veritatis et quasi architecto beatae vitae dicta sunt explicabo nemo enim ipsam voluptatem quia voluptas sit aspernatur aut odit aut fugit sed quia consequuntur magni dolores eos qui ratione voluptatem sequi nesciunt neque porro quisquam est qui dolorem ipsum quia dolor sit amet consectetur adipisci velit sed quia non numquam eius modi tempora incidunt ut labore et dolore magnam aliquam quaerat voluptatem ut enim ad minima veniam quis nostrum exercitationem ullam corporis suscipit laboriosam nisi ut aliquid ex ea commodi consequatur quis autem vel eum iure reprehenderit qui in ea voluptate velit esse quam nihil molestiae consequatur vel illum qui dolorem eum fugiat quo voluptas nulla pariatur ​ '),
 ('23', 'field', '5', 'nl', ' ​sed ut perspiciatis unde omnis iste natus error sit voluptatem accusantium doloremque laudantium totam rem aperiam eaque ipsa quae ab illo inventore veritatis et quasi architecto beatae vitae dicta sunt explicabo nemo enim ipsam voluptatem quia voluptas sit aspernatur aut odit aut fugit sed quia consequuntur magni dolores eos qui ratione voluptatem sequi nesciunt neque porro quisquam est qui dolorem ipsum quia dolor sit amet consectetur adipisci velit sed quia non numquam eius modi tempora incidunt ut labore et dolore magnam aliquam quaerat voluptatem ut enim ad minima veniam quis nostrum exercitationem ullam corporis suscipit laboriosam nisi ut aliquid ex ea commodi consequatur quis autem vel eum iure reprehenderit qui in ea voluptate velit esse quam nihil molestiae consequatur vel illum qui dolorem eum fugiat quo voluptas nulla pariatur ​ '),
 ('23', 'field', '7', 'nl', ' aer compact60 150x150 marshall 2203 marshall 2204 150x150 '),
 ('32', 'slug', '0', 'nl', ' one world band '),
 ('32', 'title', '0', 'nl', ' one world band '),
 ('33', 'filename', '0', 'nl', ' jamaicapr6_2_14p02h jpg '),
 ('33', 'extension', '0', 'nl', ' jpg '),
 ('33', 'kind', '0', 'nl', ' image '),
 ('33', 'slug', '0', 'nl', ' jamaica pr6 2 14 p02 h '),
 ('33', 'title', '0', 'nl', ' jamaica pr6 2 14 p02 h '),
 ('34', 'filename', '0', 'nl', ' maxresdefault 1 jpg '),
 ('34', 'extension', '0', 'nl', ' jpg '),
 ('34', 'kind', '0', 'nl', ' image '),
 ('34', 'slug', '0', 'nl', ' maxresdefault 1 '),
 ('34', 'title', '0', 'nl', ' maxresdefault 1 '),
 ('35', 'filename', '0', 'nl', ' maxresdefault jpg '),
 ('35', 'extension', '0', 'nl', ' jpg '),
 ('35', 'kind', '0', 'nl', ' image '),
 ('35', 'slug', '0', 'nl', ' maxresdefault '),
 ('35', 'title', '0', 'nl', ' maxresdefault '),
 ('36', 'filename', '0', 'nl', ' reggae night jpg '),
 ('36', 'extension', '0', 'nl', ' jpg '),
 ('36', 'kind', '0', 'nl', ' image '),
 ('36', 'slug', '0', 'nl', ' reggae night '),
 ('36', 'title', '0', 'nl', ' reggae night '),
 ('37', 'filename', '0', 'nl', ' stephenziggymarley jpg '),
 ('37', 'extension', '0', 'nl', ' jpg '),
 ('37', 'kind', '0', 'nl', ' image '),
 ('37', 'slug', '0', 'nl', ' stephen ziggy marley '),
 ('37', 'title', '0', 'nl', ' stephen ziggy marley '),
 ('14', 'field', '10', 'nl', ' stephen ziggy marley '),
 ('13', 'field', '10', 'nl', ' reggae night '),
 ('12', 'field', '10', 'nl', ' maxresdefault 1 '),
 ('10', 'field', '10', 'nl', ' jamaica pr6 2 14 p02 h '),
 ('11', 'field', '10', 'nl', ' maxresdefault '),
 ('38', 'filename', '0', 'nl', ' 20108570_756867254493142_1608030923218655468_n jpg '),
 ('38', 'extension', '0', 'nl', ' jpg '),
 ('38', 'kind', '0', 'nl', ' image '),
 ('38', 'slug', '0', 'nl', ' 20108570 756867254493142 1608030923218655468 n '),
 ('38', 'title', '0', 'nl', ' 20108570 756867254493142 1608030923218655468 n '),
 ('39', 'filename', '0', 'nl', ' 20139960_756858411160693_1824294467137751100_n jpg '),
 ('39', 'extension', '0', 'nl', ' jpg '),
 ('39', 'kind', '0', 'nl', ' image '),
 ('39', 'slug', '0', 'nl', ' 20139960 756858411160693 1824294467137751100 n '),
 ('39', 'title', '0', 'nl', ' 20139960 756858411160693 1824294467137751100 n '),
 ('40', 'filename', '0', 'nl', ' 20108570_756867254493142_1608030923218655468_n jpg '),
 ('40', 'extension', '0', 'nl', ' jpg '),
 ('40', 'kind', '0', 'nl', ' image '),
 ('40', 'slug', '0', 'nl', ' 20108570 756867254493142 1608030923218655468 n '),
 ('40', 'title', '0', 'nl', ' 20108570 756867254493142 1608030923218655468 n '),
 ('41', 'filename', '0', 'nl', ' 20139960_756858411160693_1824294467137751100_n jpg '),
 ('41', 'extension', '0', 'nl', ' jpg '),
 ('41', 'kind', '0', 'nl', ' image '),
 ('41', 'slug', '0', 'nl', ' 20139960 756858411160693 1824294467137751100 n '),
 ('41', 'title', '0', 'nl', ' 20139960 756858411160693 1824294467137751100 n '),
 ('42', 'filename', '0', 'nl', ' 1204 one world band_02 jpg '),
 ('42', 'extension', '0', 'nl', ' jpg '),
 ('42', 'kind', '0', 'nl', ' image '),
 ('42', 'slug', '0', 'nl', ' 1204 one world band 02 '),
 ('42', 'title', '0', 'nl', ' one world band '),
 ('43', 'slug', '0', 'nl', ' media '),
 ('43', 'title', '0', 'nl', ' media '),
 ('43', 'field', '11', 'nl', ' 20139960 756858411160693 1824294467137751100 n wc1696786 wc1696789 wc1696790 wc1696809 wc1696811 wc1696813 1204 one world band 02 20108570 756867254493142 1608030923218655468 n wc1696785 wc1696791 wc1696805 '),
 ('44', 'filename', '0', 'nl', ' backline jpg '),
 ('44', 'extension', '0', 'nl', ' jpg '),
 ('44', 'kind', '0', 'nl', ' image '),
 ('44', 'slug', '0', 'nl', ' backline '),
 ('44', 'title', '0', 'nl', ' backline '),
 ('20', 'field', '12', 'nl', ' one world band '),
 ('20', 'field', '13', 'nl', ' reggae night jamaica p4 sunrise 2017 '),
 ('32', 'field', '14', 'nl', ' dilan tekin faya milla '),
 ('21', 'field', '12', 'nl', ' one world band '),
 ('21', 'field', '13', 'nl', ' sunrise 2017 reggae night jamaica p4 '),
 ('22', 'field', '12', 'nl', ''),
 ('22', 'field', '13', 'nl', ' jam around the world ziggy marley ziggodome '),
 ('32', 'field', '15', 'nl', ' sunrise 2017 reggae night jamaica p4 '),
 ('45', 'filename', '0', 'nl', ' wc1696785 png '),
 ('45', 'extension', '0', 'nl', ' png '),
 ('45', 'kind', '0', 'nl', ' image '),
 ('45', 'slug', '0', 'nl', ' wc1696785 '),
 ('45', 'title', '0', 'nl', ' wc1696785 '),
 ('46', 'filename', '0', 'nl', ' wc1696786 jpg '),
 ('46', 'extension', '0', 'nl', ' jpg '),
 ('46', 'kind', '0', 'nl', ' image '),
 ('46', 'slug', '0', 'nl', ' wc1696786 '),
 ('46', 'title', '0', 'nl', ' wc1696786 '),
 ('47', 'filename', '0', 'nl', ' wc1696789 jpg '),
 ('47', 'extension', '0', 'nl', ' jpg '),
 ('47', 'kind', '0', 'nl', ' image '),
 ('47', 'slug', '0', 'nl', ' wc1696789 '),
 ('47', 'title', '0', 'nl', ' wc1696789 '),
 ('48', 'filename', '0', 'nl', ' wc1696790 jpg '),
 ('48', 'extension', '0', 'nl', ' jpg '),
 ('48', 'kind', '0', 'nl', ' image '),
 ('48', 'slug', '0', 'nl', ' wc1696790 '),
 ('48', 'title', '0', 'nl', ' wc1696790 '),
 ('49', 'filename', '0', 'nl', ' wc1696791 jpg ');
INSERT INTO `craft_searchindex` (`elementId`, `attribute`, `fieldId`, `locale`, `keywords`) VALUES
 ('49', 'extension', '0', 'nl', ' jpg '),
 ('49', 'kind', '0', 'nl', ' image '),
 ('49', 'slug', '0', 'nl', ' wc1696791 '),
 ('49', 'title', '0', 'nl', ' wc1696791 '),
 ('50', 'filename', '0', 'nl', ' wc1696805 jpg '),
 ('50', 'extension', '0', 'nl', ' jpg '),
 ('50', 'kind', '0', 'nl', ' image '),
 ('50', 'slug', '0', 'nl', ' wc1696805 '),
 ('50', 'title', '0', 'nl', ' wc1696805 '),
 ('51', 'filename', '0', 'nl', ' wc1696809 jpg '),
 ('51', 'extension', '0', 'nl', ' jpg '),
 ('51', 'kind', '0', 'nl', ' image '),
 ('51', 'slug', '0', 'nl', ' wc1696809 '),
 ('51', 'title', '0', 'nl', ' wc1696809 '),
 ('52', 'filename', '0', 'nl', ' wc1696811 jpg '),
 ('52', 'extension', '0', 'nl', ' jpg '),
 ('52', 'kind', '0', 'nl', ' image '),
 ('52', 'slug', '0', 'nl', ' wc1696811 '),
 ('52', 'title', '0', 'nl', ' wc1696811 '),
 ('53', 'filename', '0', 'nl', ' wc1696813 jpg '),
 ('53', 'extension', '0', 'nl', ' jpg '),
 ('53', 'kind', '0', 'nl', ' image '),
 ('53', 'slug', '0', 'nl', ' wc1696813 '),
 ('53', 'title', '0', 'nl', ' wc1696813 '),
 ('54', 'filename', '0', 'nl', ' wc1696814 jpg '),
 ('54', 'extension', '0', 'nl', ' jpg '),
 ('54', 'kind', '0', 'nl', ' image '),
 ('54', 'slug', '0', 'nl', ' wc1696814 '),
 ('54', 'title', '0', 'nl', ' wc1696814 '),
 ('55', 'filename', '0', 'nl', ' wc1696817 jpg '),
 ('55', 'extension', '0', 'nl', ' jpg '),
 ('55', 'kind', '0', 'nl', ' image '),
 ('55', 'slug', '0', 'nl', ' wc1696817 '),
 ('55', 'title', '0', 'nl', ' wc1696817 '),
 ('13', 'field', '16', 'nl', ''),
 ('11', 'field', '16', 'nl', ' one world band '),
 ('10', 'field', '16', 'nl', ' one world band '),
 ('12', 'field', '16', 'nl', ' one world band '),
 ('14', 'field', '17', 'nl', ' top '),
 ('14', 'field', '16', 'nl', ''),
 ('12', 'field', '17', 'nl', ' top '),
 ('11', 'field', '17', 'nl', ' center '),
 ('56', 'filename', '0', 'nl', ' dubtonic kru jpg '),
 ('56', 'extension', '0', 'nl', ' jpg '),
 ('56', 'kind', '0', 'nl', ' image '),
 ('56', 'slug', '0', 'nl', ' dubtonic kru '),
 ('56', 'title', '0', 'nl', ' dubtonic kru '),
 ('57', 'filename', '0', 'nl', ' hurricane reggae band jpg '),
 ('57', 'extension', '0', 'nl', ' jpg '),
 ('57', 'kind', '0', 'nl', ' image '),
 ('57', 'slug', '0', 'nl', ' hurricane reggae band '),
 ('57', 'title', '0', 'nl', ' hurricane reggae band '),
 ('58', 'filename', '0', 'nl', ' rubera roots band photo 11 jpg '),
 ('58', 'extension', '0', 'nl', ' jpg '),
 ('58', 'kind', '0', 'nl', ' image '),
 ('58', 'slug', '0', 'nl', ' rubera roots band photo 11 '),
 ('58', 'title', '0', 'nl', ' rubera roots band photo 11 '),
 ('59', 'field', '1', 'nl', ' in tegenstelling tot wat algemeen aangenomen wordt is lorem ipsum niet zomaar willekeurige tekst het heeft zijn wortels in een stuk klassieke latijnse literatuur uit 45 v chr en is dus meer dan 2000 jaar oud richard mcclintock een professor latijn aan de hampden sydney college in virginia heeft een van de meer obscure latijnse woorden consectetur uit een lorem ipsum passage opgezocht en heeft tijdens het zoeken naar het woord in de klassieke literatuur de onverdachte bron ontdekt lorem ipsum komt uit de secties 1 10 32 en 1 10 33 van de finibus bonorum et malorum de uitersten van goed en kwaad door cicero geschreven in 45 v chr dit boek is een verhandeling over de theorie der ethiek erg populair tijdens de renaissance de eerste regel van lorem ipsum lorem ipsum dolor sit amet komt uit een zin in sectie 1 10 32 '),
 ('59', 'field', '9', 'nl', ' dubtonic kru '),
 ('59', 'field', '2', 'nl', ''),
 ('59', 'field', '14', 'nl', ' remco hoeneveld '),
 ('59', 'field', '15', 'nl', ' jam around the world '),
 ('59', 'slug', '0', 'nl', ' roots band rotterdam '),
 ('59', 'title', '0', 'nl', ' roots band rotterdam '),
 ('60', 'field', '1', 'nl', ' in tegenstelling tot wat algemeen aangenomen wordt is lorem ipsum niet zomaar willekeurige tekst het heeft zijn wortels in een stuk klassieke latijnse literatuur uit 45 v chr en is dus meer dan 2000 jaar oud richard mcclintock een professor latijn aan de hampden sydney college in virginia heeft een van de meer obscure latijnse woorden consectetur uit een lorem ipsum passage opgezocht en heeft tijdens het zoeken naar het woord in de klassieke literatuur de onverdachte bron ontdekt lorem ipsum komt uit de secties 1 10 32 en 1 10 33 van de finibus bonorum et malorum de uitersten van goed en kwaad door cicero geschreven in 45 v chr dit boek is een verhandeling over de theorie der ethiek erg populair tijdens de renaissance de eerste regel van lorem ipsum lorem ipsum dolor sit amet komt uit een zin in sectie 1 10 32 '),
 ('60', 'field', '9', 'nl', ' hurricane reggae band '),
 ('60', 'field', '2', 'nl', ''),
 ('60', 'field', '14', 'nl', ' remco hoeneveld '),
 ('60', 'field', '15', 'nl', ' sunrise 2017 reggae night '),
 ('60', 'slug', '0', 'nl', ' hurracane reggae band '),
 ('60', 'title', '0', 'nl', ' hurracane reggae band '),
 ('22', 'field', '18', 'nl', ' producer '),
 ('20', 'field', '18', 'nl', ' gitarist '),
 ('21', 'field', '18', 'nl', ' zanger '),
 ('62', 'slug', '0', 'nl', ' aaeaaqaaaaaaaazsaaaajdu2 nj q3 zdew ltcx yzkt ndrj zs1i nm rk ltdh otk1 mj ez nti4 nq '),
 ('62', 'kind', '0', 'nl', ' image '),
 ('62', 'extension', '0', 'nl', ' jpg '),
 ('62', 'filename', '0', 'nl', ' aaeaaqaaaaaaaazsaaaajdu2njq3zdewltcxyzktndrjzs1inmrkltdhotk1mjeznti4nq jpg '),
 ('13', 'field', '17', 'nl', ' top '),
 ('62', 'title', '0', 'nl', ' aaeaaqaaaaaaaazsaaaajdu2 nj q3 zdew ltcx yzkt ndrj zs1i nm rk ltdh otk1 mj ez nti4 nq '),
 ('63', 'filename', '0', 'nl', ' aamaagdgaawaaqaaaaaaabfkaaaajdjkmjq4ytm4lwjlztytndm0ns1hmtixlte1zmyyndzhmju5mg jpg '),
 ('63', 'extension', '0', 'nl', ' jpg '),
 ('63', 'kind', '0', 'nl', ' image '),
 ('63', 'slug', '0', 'nl', ' aamaag dgaaw aaqaaaaaaabfk aaaajdjk mj q4 ytm4 lwjl ztyt ndm0 ns1h mtix lte1 zm yy ndzh mj u5 mg '),
 ('63', 'title', '0', 'nl', ' aamaag dgaaw aaqaaaaaaabfk aaaajdjk mj q4 ytm4 lwjl ztyt ndm0 ns1h mtix lte1 zm yy ndzh mj u5 mg '),
 ('11', 'field', '21', 'nl', ' 220655213 '),
 ('32', 'field', '19', 'nl', ' https open spotify com user 1149497125 playlist 6e1uyraf8lpnsw1k5v3lqr si=cyjzxa ur sctdkpugodgg '),
 ('13', 'field', '20', 'nl', ' bqlhsf1hlsw '),
 ('11', 'field', '20', 'nl', ' olxnswhkspe ');



DROP TABLE IF EXISTS `craft_sections`;


--
-- Schema for table `craft_sections`
--
CREATE TABLE `craft_sections` (
  `id` int(11) NOT NULL AUTO_INCREMENT,
  `structureId` int(11) DEFAULT NULL,
  `name` varchar(255) COLLATE utf8_unicode_ci NOT NULL,
  `handle` varchar(255) COLLATE utf8_unicode_ci NOT NULL,
  `type` enum('single','channel','structure') COLLATE utf8_unicode_ci NOT NULL DEFAULT 'channel',
  `hasUrls` tinyint(1) unsigned NOT NULL DEFAULT '1',
  `template` varchar(500) COLLATE utf8_unicode_ci DEFAULT NULL,
  `enableVersioning` tinyint(1) unsigned NOT NULL DEFAULT '0',
  `dateCreated` datetime NOT NULL,
  `dateUpdated` datetime NOT NULL,
  `uid` char(36) COLLATE utf8_unicode_ci NOT NULL DEFAULT '0',
  PRIMARY KEY (`id`),
  UNIQUE KEY `craft_sections_name_unq_idx` (`name`),
  UNIQUE KEY `craft_sections_handle_unq_idx` (`handle`),
  KEY `craft_sections_structureId_fk` (`structureId`)
) ENGINE=InnoDB AUTO_INCREMENT=11 DEFAULT CHARSET=utf8 COLLATE=utf8_unicode_ci;

--
-- Data for table `craft_sections`
--

INSERT INTO `craft_sections` (`id`, `structureId`, `name`, `handle`, `type`, `hasUrls`, `template`, `enableVersioning`, `dateCreated`, `dateUpdated`, `uid`) VALUES
 ('1', NULL, 'Homepage', 'homepage', 'single', '1', 'index', '1', '2018-02-20 09:10:18', '2018-02-20 09:10:18', '0ad879e6-afc0-4038-ad5e-21c9aa47f733'),
 ('2', NULL, 'News', 'news', 'channel', '1', 'news/_entry', '1', '2018-02-20 09:10:18', '2018-02-20 09:10:18', 'a63035da-b90f-4580-a2ce-ac8d8ebf665b'),
 ('3', NULL, 'artists', 'artists', 'channel', '1', 'artists/_entry', '1', '2018-02-20 09:10:52', '2018-02-20 09:10:52', '20e73e21-7ac8-416b-9b1b-24eebb698cf7'),
 ('5', NULL, 'bands', 'bands', 'channel', '1', 'bands/_entry', '1', '2018-02-20 09:11:10', '2018-02-20 09:11:10', '48b945ee-e3c8-47ad-907b-350e5a25db01'),
 ('6', NULL, 'contact', 'contact', 'single', '1', 'contact', '1', '2018-02-20 09:11:22', '2018-02-20 09:11:22', '1abedbaa-fd68-43a0-a6ef-dc19d400f9ea'),
 ('8', NULL, 'shows', 'shows', 'channel', '1', 'shows/_entry', '1', '2018-02-20 09:11:42', '2018-02-20 09:11:42', '6a2afd82-a9aa-4ba0-80fd-69d3d8a8bd98'),
 ('9', NULL, 'backline', 'backline', 'single', '1', 'backline', '1', '2018-02-21 14:36:33', '2018-02-21 14:36:33', '02a57f24-0a44-411d-963d-39ac6202f9c8'),
 ('10', NULL, 'Media', 'media', 'single', '1', 'media', '1', '2018-02-21 16:12:30', '2018-02-21 16:12:30', 'd321b4d5-772c-435b-b0fc-195ff77339ec');



DROP TABLE IF EXISTS `craft_sections_i18n`;


--
-- Schema for table `craft_sections_i18n`
--
CREATE TABLE `craft_sections_i18n` (
  `id` int(11) NOT NULL AUTO_INCREMENT,
  `sectionId` int(11) NOT NULL,
  `locale` char(12) COLLATE utf8_unicode_ci NOT NULL,
  `enabledByDefault` tinyint(1) unsigned NOT NULL DEFAULT '1',
  `urlFormat` text COLLATE utf8_unicode_ci,
  `nestedUrlFormat` text COLLATE utf8_unicode_ci,
  `dateCreated` datetime NOT NULL,
  `dateUpdated` datetime NOT NULL,
  `uid` char(36) COLLATE utf8_unicode_ci NOT NULL DEFAULT '0',
  PRIMARY KEY (`id`),
  UNIQUE KEY `craft_sections_i18n_sectionId_locale_unq_idx` (`sectionId`,`locale`),
  KEY `craft_sections_i18n_locale_fk` (`locale`)
) ENGINE=InnoDB AUTO_INCREMENT=11 DEFAULT CHARSET=utf8 COLLATE=utf8_unicode_ci;

--
-- Data for table `craft_sections_i18n`
--

INSERT INTO `craft_sections_i18n` (`id`, `sectionId`, `locale`, `enabledByDefault`, `urlFormat`, `nestedUrlFormat`, `dateCreated`, `dateUpdated`, `uid`) VALUES
 ('1', '1', 'nl', '1', '__home__', NULL, '2018-02-20 09:10:18', '2018-02-20 09:10:18', '9b1eaba8-2652-49de-976d-bfd62f275fef'),
 ('2', '2', 'nl', '1', 'news/{postDate.year}/{slug}', NULL, '2018-02-20 09:10:18', '2018-02-20 09:10:18', '32250ba5-0da6-4e5c-a06c-9933035d14b7'),
 ('3', '3', 'nl', '1', 'artists/{slug}', NULL, '2018-02-20 09:10:52', '2018-02-20 09:10:52', '50ede71e-168e-4a25-a78a-397e02598a39'),
 ('5', '5', 'nl', '1', 'bands/{slug}', NULL, '2018-02-20 09:11:10', '2018-02-20 09:11:10', 'ccd71f4f-d3d4-43b3-9c3b-8dcd126c86bc'),
 ('6', '6', 'nl', '1', 'contact', NULL, '2018-02-20 09:11:22', '2018-02-20 09:11:22', 'e91ac867-4cbb-4d4e-a286-c47ece68b0fb'),
 ('8', '8', 'nl', '1', 'shows/{slug}', NULL, '2018-02-20 09:11:42', '2018-02-20 09:11:42', '2f183f74-ac13-428d-9c77-821a72b2e605'),
 ('9', '9', 'nl', '1', 'backline', NULL, '2018-02-21 14:36:33', '2018-02-21 14:36:33', '9f39edb9-d530-4352-8ea3-12b378b972a9'),
 ('10', '10', 'nl', '1', 'media', NULL, '2018-02-21 16:12:30', '2018-02-21 16:12:30', 'ece6fb84-dabb-4397-b00f-f8567c78e3ce');



DROP TABLE IF EXISTS `craft_sessions`;


--
-- Schema for table `craft_sessions`
--
CREATE TABLE `craft_sessions` (
  `id` int(11) NOT NULL AUTO_INCREMENT,
  `userId` int(11) NOT NULL,
  `token` char(100) COLLATE utf8_unicode_ci NOT NULL,
  `dateCreated` datetime NOT NULL,
  `dateUpdated` datetime NOT NULL,
  `uid` char(36) COLLATE utf8_unicode_ci NOT NULL DEFAULT '0',
  PRIMARY KEY (`id`),
  KEY `craft_sessions_uid_idx` (`uid`),
  KEY `craft_sessions_token_idx` (`token`),
  KEY `craft_sessions_dateUpdated_idx` (`dateUpdated`),
  KEY `craft_sessions_userId_fk` (`userId`)
) ENGINE=InnoDB AUTO_INCREMENT=17 DEFAULT CHARSET=utf8 COLLATE=utf8_unicode_ci;

DROP TABLE IF EXISTS `craft_shunnedmessages`;


--
-- Schema for table `craft_shunnedmessages`
--
CREATE TABLE `craft_shunnedmessages` (
  `id` int(11) NOT NULL AUTO_INCREMENT,
  `userId` int(11) NOT NULL,
  `message` varchar(255) COLLATE utf8_unicode_ci NOT NULL,
  `expiryDate` datetime DEFAULT NULL,
  `dateCreated` datetime NOT NULL,
  `dateUpdated` datetime NOT NULL,
  `uid` char(36) COLLATE utf8_unicode_ci NOT NULL DEFAULT '0',
  PRIMARY KEY (`id`),
  UNIQUE KEY `craft_shunnedmessages_userId_message_unq_idx` (`userId`,`message`)
) ENGINE=InnoDB DEFAULT CHARSET=utf8 COLLATE=utf8_unicode_ci;

DROP TABLE IF EXISTS `craft_structureelements`;


--
-- Schema for table `craft_structureelements`
--
CREATE TABLE `craft_structureelements` (
  `id` int(11) NOT NULL AUTO_INCREMENT,
  `structureId` int(11) NOT NULL,
  `elementId` int(11) DEFAULT NULL,
  `root` int(11) unsigned DEFAULT NULL,
  `lft` int(11) unsigned NOT NULL,
  `rgt` int(11) unsigned NOT NULL,
  `level` smallint(6) unsigned NOT NULL,
  `dateCreated` datetime NOT NULL,
  `dateUpdated` datetime NOT NULL,
  `uid` char(36) COLLATE utf8_unicode_ci NOT NULL DEFAULT '0',
  PRIMARY KEY (`id`),
  UNIQUE KEY `craft_structureelements_structureId_elementId_unq_idx` (`structureId`,`elementId`),
  KEY `craft_structureelements_root_idx` (`root`),
  KEY `craft_structureelements_lft_idx` (`lft`),
  KEY `craft_structureelements_rgt_idx` (`rgt`),
  KEY `craft_structureelements_level_idx` (`level`),
  KEY `craft_structureelements_elementId_fk` (`elementId`)
) ENGINE=InnoDB DEFAULT CHARSET=utf8 COLLATE=utf8_unicode_ci;

DROP TABLE IF EXISTS `craft_structures`;


--
-- Schema for table `craft_structures`
--
CREATE TABLE `craft_structures` (
  `id` int(11) NOT NULL AUTO_INCREMENT,
  `maxLevels` smallint(6) unsigned DEFAULT NULL,
  `dateCreated` datetime NOT NULL,
  `dateUpdated` datetime NOT NULL,
  `uid` char(36) COLLATE utf8_unicode_ci NOT NULL DEFAULT '0',
  PRIMARY KEY (`id`)
) ENGINE=InnoDB DEFAULT CHARSET=utf8 COLLATE=utf8_unicode_ci;

DROP TABLE IF EXISTS `craft_systemsettings`;


--
-- Schema for table `craft_systemsettings`
--
CREATE TABLE `craft_systemsettings` (
  `id` int(11) NOT NULL AUTO_INCREMENT,
  `category` varchar(15) COLLATE utf8_unicode_ci NOT NULL,
  `settings` text COLLATE utf8_unicode_ci,
  `dateCreated` datetime NOT NULL,
  `dateUpdated` datetime NOT NULL,
  `uid` char(36) COLLATE utf8_unicode_ci NOT NULL DEFAULT '0',
  PRIMARY KEY (`id`),
  UNIQUE KEY `craft_systemsettings_category_unq_idx` (`category`)
) ENGINE=InnoDB AUTO_INCREMENT=2 DEFAULT CHARSET=utf8 COLLATE=utf8_unicode_ci;

--
-- Data for table `craft_systemsettings`
--

INSERT INTO `craft_systemsettings` (`id`, `category`, `settings`, `dateCreated`, `dateUpdated`, `uid`) VALUES
 ('1', 'email', '{\"protocol\":\"php\",\"emailAddress\":\"remcohoeneveld@gmail.com\",\"senderName\":\"Big Lion Promotions\"}', '2018-02-20 09:10:18', '2018-02-20 09:10:18', '1d50edc4-4def-4a5f-8d99-3ac619662d68');



DROP TABLE IF EXISTS `craft_taggroups`;


--
-- Schema for table `craft_taggroups`
--
CREATE TABLE `craft_taggroups` (
  `id` int(11) NOT NULL AUTO_INCREMENT,
  `name` varchar(255) COLLATE utf8_unicode_ci NOT NULL,
  `handle` varchar(255) COLLATE utf8_unicode_ci NOT NULL,
  `fieldLayoutId` int(10) DEFAULT NULL,
  `dateCreated` datetime NOT NULL,
  `dateUpdated` datetime NOT NULL,
  `uid` char(36) COLLATE utf8_unicode_ci NOT NULL DEFAULT '0',
  PRIMARY KEY (`id`),
  UNIQUE KEY `craft_taggroups_name_unq_idx` (`name`),
  UNIQUE KEY `craft_taggroups_handle_unq_idx` (`handle`),
  KEY `craft_taggroups_fieldLayoutId_fk` (`fieldLayoutId`)
) ENGINE=InnoDB AUTO_INCREMENT=2 DEFAULT CHARSET=utf8 COLLATE=utf8_unicode_ci;

--
-- Data for table `craft_taggroups`
--

INSERT INTO `craft_taggroups` (`id`, `name`, `handle`, `fieldLayoutId`, `dateCreated`, `dateUpdated`, `uid`) VALUES
 ('1', 'Default', 'default', '1', '2018-02-20 09:10:18', '2018-02-20 09:10:18', 'fb3c97e3-4979-4be3-aac2-04c0303844ac');



DROP TABLE IF EXISTS `craft_tags`;


--
-- Schema for table `craft_tags`
--
CREATE TABLE `craft_tags` (
  `id` int(11) NOT NULL,
  `groupId` int(11) NOT NULL,
  `dateCreated` datetime NOT NULL,
  `dateUpdated` datetime NOT NULL,
  `uid` char(36) COLLATE utf8_unicode_ci NOT NULL DEFAULT '0',
  PRIMARY KEY (`id`),
  KEY `craft_tags_groupId_fk` (`groupId`)
) ENGINE=InnoDB DEFAULT CHARSET=utf8 COLLATE=utf8_unicode_ci;

DROP TABLE IF EXISTS `craft_tasks`;


--
-- Schema for table `craft_tasks`
--
CREATE TABLE `craft_tasks` (
  `id` int(11) NOT NULL AUTO_INCREMENT,
  `root` int(11) unsigned DEFAULT NULL,
  `lft` int(11) unsigned NOT NULL,
  `rgt` int(11) unsigned NOT NULL,
  `level` smallint(6) unsigned NOT NULL,
  `currentStep` int(11) unsigned DEFAULT NULL,
  `totalSteps` int(11) unsigned DEFAULT NULL,
  `status` enum('pending','error','running') COLLATE utf8_unicode_ci DEFAULT NULL,
  `type` varchar(150) COLLATE utf8_unicode_ci NOT NULL,
  `description` varchar(255) COLLATE utf8_unicode_ci DEFAULT NULL,
  `settings` mediumtext COLLATE utf8_unicode_ci,
  `dateCreated` datetime NOT NULL,
  `dateUpdated` datetime NOT NULL,
  `uid` char(36) COLLATE utf8_unicode_ci NOT NULL DEFAULT '0',
  PRIMARY KEY (`id`),
  KEY `craft_tasks_root_idx` (`root`),
  KEY `craft_tasks_lft_idx` (`lft`),
  KEY `craft_tasks_rgt_idx` (`rgt`),
  KEY `craft_tasks_level_idx` (`level`)
) ENGINE=InnoDB DEFAULT CHARSET=utf8 COLLATE=utf8_unicode_ci;

DROP TABLE IF EXISTS `craft_templatecachecriteria`;


--
-- Schema for table `craft_templatecachecriteria`
--
CREATE TABLE `craft_templatecachecriteria` (
  `id` int(11) NOT NULL AUTO_INCREMENT,
  `cacheId` int(11) NOT NULL,
  `type` varchar(150) COLLATE utf8_unicode_ci NOT NULL,
  `criteria` text COLLATE utf8_unicode_ci NOT NULL,
  PRIMARY KEY (`id`),
  KEY `craft_templatecachecriteria_cacheId_fk` (`cacheId`),
  KEY `craft_templatecachecriteria_type_idx` (`type`)
) ENGINE=InnoDB DEFAULT CHARSET=utf8 COLLATE=utf8_unicode_ci;

DROP TABLE IF EXISTS `craft_templatecacheelements`;


--
-- Schema for table `craft_templatecacheelements`
--
CREATE TABLE `craft_templatecacheelements` (
  `cacheId` int(11) NOT NULL,
  `elementId` int(11) NOT NULL,
  KEY `craft_templatecacheelements_cacheId_fk` (`cacheId`),
  KEY `craft_templatecacheelements_elementId_fk` (`elementId`)
) ENGINE=InnoDB DEFAULT CHARSET=utf8 COLLATE=utf8_unicode_ci;

DROP TABLE IF EXISTS `craft_templatecaches`;


--
-- Schema for table `craft_templatecaches`
--
CREATE TABLE `craft_templatecaches` (
  `id` int(11) NOT NULL AUTO_INCREMENT,
  `cacheKey` varchar(255) COLLATE utf8_unicode_ci NOT NULL,
  `locale` char(12) COLLATE utf8_unicode_ci NOT NULL,
  `path` varchar(255) COLLATE utf8_unicode_ci DEFAULT NULL,
  `expiryDate` datetime NOT NULL,
  `body` mediumtext COLLATE utf8_unicode_ci NOT NULL,
  PRIMARY KEY (`id`),
  KEY `craft_templatecaches_cacheKey_locale_expiryDate_path_idx` (`cacheKey`,`locale`,`expiryDate`,`path`),
  KEY `craft_templatecaches_cacheKey_locale_expiryDate_idx` (`cacheKey`,`locale`,`expiryDate`),
  KEY `craft_templatecaches_locale_fk` (`locale`)
) ENGINE=InnoDB DEFAULT CHARSET=utf8 COLLATE=utf8_unicode_ci;

DROP TABLE IF EXISTS `craft_tokens`;


--
-- Schema for table `craft_tokens`
--
CREATE TABLE `craft_tokens` (
  `id` int(11) NOT NULL AUTO_INCREMENT,
  `token` char(32) COLLATE utf8_unicode_ci NOT NULL,
  `route` text COLLATE utf8_unicode_ci,
  `usageLimit` tinyint(3) unsigned DEFAULT NULL,
  `usageCount` tinyint(3) unsigned DEFAULT NULL,
  `expiryDate` datetime NOT NULL,
  `dateCreated` datetime NOT NULL,
  `dateUpdated` datetime NOT NULL,
  `uid` char(36) COLLATE utf8_unicode_ci NOT NULL DEFAULT '0',
  PRIMARY KEY (`id`),
  UNIQUE KEY `craft_tokens_token_unq_idx` (`token`),
  KEY `craft_tokens_expiryDate_idx` (`expiryDate`)
) ENGINE=InnoDB DEFAULT CHARSET=utf8 COLLATE=utf8_unicode_ci;

DROP TABLE IF EXISTS `craft_usergroups`;


--
-- Schema for table `craft_usergroups`
--
CREATE TABLE `craft_usergroups` (
  `id` int(11) NOT NULL AUTO_INCREMENT,
  `name` varchar(255) COLLATE utf8_unicode_ci NOT NULL,
  `handle` varchar(255) COLLATE utf8_unicode_ci NOT NULL,
  `dateCreated` datetime NOT NULL,
  `dateUpdated` datetime NOT NULL,
  `uid` char(36) COLLATE utf8_unicode_ci NOT NULL DEFAULT '0',
  PRIMARY KEY (`id`),
  UNIQUE KEY `craft_usergroups_name_unq_idx` (`name`),
  UNIQUE KEY `craft_usergroups_handle_unq_idx` (`handle`)
) ENGINE=InnoDB DEFAULT CHARSET=utf8 COLLATE=utf8_unicode_ci;

DROP TABLE IF EXISTS `craft_usergroups_users`;


--
-- Schema for table `craft_usergroups_users`
--
CREATE TABLE `craft_usergroups_users` (
  `id` int(11) NOT NULL AUTO_INCREMENT,
  `groupId` int(11) NOT NULL,
  `userId` int(11) NOT NULL,
  `dateCreated` datetime NOT NULL,
  `dateUpdated` datetime NOT NULL,
  `uid` char(36) COLLATE utf8_unicode_ci NOT NULL DEFAULT '0',
  PRIMARY KEY (`id`),
  UNIQUE KEY `craft_usergroups_users_groupId_userId_unq_idx` (`groupId`,`userId`),
  KEY `craft_usergroups_users_userId_fk` (`userId`)
) ENGINE=InnoDB DEFAULT CHARSET=utf8 COLLATE=utf8_unicode_ci;

DROP TABLE IF EXISTS `craft_userpermissions`;


--
-- Schema for table `craft_userpermissions`
--
CREATE TABLE `craft_userpermissions` (
  `id` int(11) NOT NULL AUTO_INCREMENT,
  `name` varchar(255) COLLATE utf8_unicode_ci NOT NULL,
  `dateCreated` datetime NOT NULL,
  `dateUpdated` datetime NOT NULL,
  `uid` char(36) COLLATE utf8_unicode_ci NOT NULL DEFAULT '0',
  PRIMARY KEY (`id`),
  UNIQUE KEY `craft_userpermissions_name_unq_idx` (`name`)
) ENGINE=InnoDB DEFAULT CHARSET=utf8 COLLATE=utf8_unicode_ci;

DROP TABLE IF EXISTS `craft_userpermissions_usergroups`;


--
-- Schema for table `craft_userpermissions_usergroups`
--
CREATE TABLE `craft_userpermissions_usergroups` (
  `id` int(11) NOT NULL AUTO_INCREMENT,
  `permissionId` int(11) NOT NULL,
  `groupId` int(11) NOT NULL,
  `dateCreated` datetime NOT NULL,
  `dateUpdated` datetime NOT NULL,
  `uid` char(36) COLLATE utf8_unicode_ci NOT NULL DEFAULT '0',
  PRIMARY KEY (`id`),
  UNIQUE KEY `craft_userpermissions_usergroups_permissionId_groupId_unq_idx` (`permissionId`,`groupId`),
  KEY `craft_userpermissions_usergroups_groupId_fk` (`groupId`)
) ENGINE=InnoDB DEFAULT CHARSET=utf8 COLLATE=utf8_unicode_ci;

DROP TABLE IF EXISTS `craft_userpermissions_users`;


--
-- Schema for table `craft_userpermissions_users`
--
CREATE TABLE `craft_userpermissions_users` (
  `id` int(11) NOT NULL AUTO_INCREMENT,
  `permissionId` int(11) NOT NULL,
  `userId` int(11) NOT NULL,
  `dateCreated` datetime NOT NULL,
  `dateUpdated` datetime NOT NULL,
  `uid` char(36) COLLATE utf8_unicode_ci NOT NULL DEFAULT '0',
  PRIMARY KEY (`id`),
  UNIQUE KEY `craft_userpermissions_users_permissionId_userId_unq_idx` (`permissionId`,`userId`),
  KEY `craft_userpermissions_users_userId_fk` (`userId`)
) ENGINE=InnoDB DEFAULT CHARSET=utf8 COLLATE=utf8_unicode_ci;

DROP TABLE IF EXISTS `craft_users`;


--
-- Schema for table `craft_users`
--
CREATE TABLE `craft_users` (
  `id` int(11) NOT NULL,
  `username` varchar(100) COLLATE utf8_unicode_ci NOT NULL,
  `photo` varchar(100) COLLATE utf8_unicode_ci DEFAULT NULL,
  `firstName` varchar(100) COLLATE utf8_unicode_ci DEFAULT NULL,
  `lastName` varchar(100) COLLATE utf8_unicode_ci DEFAULT NULL,
  `email` varchar(255) COLLATE utf8_unicode_ci NOT NULL,
  `password` char(255) COLLATE utf8_unicode_ci DEFAULT NULL,
  `preferredLocale` char(12) COLLATE utf8_unicode_ci DEFAULT NULL,
  `weekStartDay` tinyint(1) unsigned NOT NULL DEFAULT '0',
  `admin` tinyint(1) unsigned NOT NULL DEFAULT '0',
  `client` tinyint(1) unsigned NOT NULL DEFAULT '0',
  `locked` tinyint(1) unsigned NOT NULL DEFAULT '0',
  `suspended` tinyint(1) unsigned NOT NULL DEFAULT '0',
  `pending` tinyint(1) unsigned NOT NULL DEFAULT '0',
  `archived` tinyint(1) unsigned NOT NULL DEFAULT '0',
  `lastLoginDate` datetime DEFAULT NULL,
  `lastLoginAttemptIPAddress` varchar(45) COLLATE utf8_unicode_ci DEFAULT NULL,
  `invalidLoginWindowStart` datetime DEFAULT NULL,
  `invalidLoginCount` tinyint(4) unsigned DEFAULT NULL,
  `lastInvalidLoginDate` datetime DEFAULT NULL,
  `lockoutDate` datetime DEFAULT NULL,
  `verificationCode` char(100) COLLATE utf8_unicode_ci DEFAULT NULL,
  `verificationCodeIssuedDate` datetime DEFAULT NULL,
  `unverifiedEmail` varchar(255) COLLATE utf8_unicode_ci DEFAULT NULL,
  `passwordResetRequired` tinyint(1) unsigned NOT NULL DEFAULT '0',
  `lastPasswordChangeDate` datetime DEFAULT NULL,
  `dateCreated` datetime NOT NULL,
  `dateUpdated` datetime NOT NULL,
  `uid` char(36) COLLATE utf8_unicode_ci NOT NULL DEFAULT '0',
  PRIMARY KEY (`id`),
  UNIQUE KEY `craft_users_username_unq_idx` (`username`),
  UNIQUE KEY `craft_users_email_unq_idx` (`email`),
  KEY `craft_users_verificationCode_idx` (`verificationCode`),
  KEY `craft_users_uid_idx` (`uid`),
  KEY `craft_users_preferredLocale_fk` (`preferredLocale`)
) ENGINE=InnoDB DEFAULT CHARSET=utf8 COLLATE=utf8_unicode_ci;

--
-- Data for table `craft_users`
--

INSERT INTO `craft_users` (`id`, `username`, `photo`, `firstName`, `lastName`, `email`, `password`, `preferredLocale`, `weekStartDay`, `admin`, `client`, `locked`, `suspended`, `pending`, `archived`, `lastLoginDate`, `lastLoginAttemptIPAddress`, `invalidLoginWindowStart`, `invalidLoginCount`, `lastInvalidLoginDate`, `lockoutDate`, `verificationCode`, `verificationCodeIssuedDate`, `unverifiedEmail`, `passwordResetRequired`, `lastPasswordChangeDate`, `dateCreated`, `dateUpdated`, `uid`) VALUES
 ('1', 'remcohoeneveld', NULL, NULL, NULL, 'remcohoeneveld@gmail.com', '$2y$13$tfDdIdoP68gd.2VWrEO5mOyYtMxDx.aCo3ISMj7JJ8c//dwi1P4cm', NULL, '0', '1', '0', '0', '0', '0', '0', '2018-03-01 09:13:42', '192.168.33.1', NULL, NULL, '2018-03-01 09:13:36', NULL, NULL, NULL, NULL, '0', '2018-02-20 09:10:16', '2018-02-20 09:10:17', '2018-03-01 09:13:42', 'ec5282b0-8db2-4660-89fa-0fc88bf11716');



DROP TABLE IF EXISTS `craft_widgets`;


--
-- Schema for table `craft_widgets`
--
CREATE TABLE `craft_widgets` (
  `id` int(11) NOT NULL AUTO_INCREMENT,
  `userId` int(11) NOT NULL,
  `type` varchar(150) COLLATE utf8_unicode_ci NOT NULL,
  `sortOrder` smallint(6) unsigned DEFAULT NULL,
  `colspan` tinyint(4) unsigned DEFAULT NULL,
  `settings` text COLLATE utf8_unicode_ci,
  `enabled` tinyint(1) unsigned NOT NULL DEFAULT '1',
  `dateCreated` datetime NOT NULL,
  `dateUpdated` datetime NOT NULL,
  `uid` char(36) COLLATE utf8_unicode_ci NOT NULL DEFAULT '0',
  PRIMARY KEY (`id`),
  KEY `craft_widgets_userId_fk` (`userId`)
) ENGINE=InnoDB AUTO_INCREMENT=5 DEFAULT CHARSET=utf8 COLLATE=utf8_unicode_ci;

--
-- Data for table `craft_widgets`
--

INSERT INTO `craft_widgets` (`id`, `userId`, `type`, `sortOrder`, `colspan`, `settings`, `enabled`, `dateCreated`, `dateUpdated`, `uid`) VALUES
 ('1', '1', 'RecentEntries', '1', '5', '{\"section\":\"*\",\"limit\":\"20\"}', '1', '2018-02-20 09:10:20', '2018-02-22 08:25:08', 'fa798261-a360-460c-a476-51656a8d7194'),
 ('2', '1', 'GetHelp', '2', NULL, NULL, '0', '2018-02-20 09:10:20', '2018-02-22 08:25:25', '91b2a76d-d74b-4828-bf98-818cc3cc449d'),
 ('3', '1', 'Updates', '3', '2', NULL, '1', '2018-02-20 09:10:20', '2018-02-22 08:25:30', '27e182ce-d531-4491-a2e2-92276c7874dc'),
 ('4', '1', 'Feed', '4', '2', '{\"url\":\"https:\\/\\/craftcms.com\\/news.rss\",\"title\":\"Craft News\"}', '1', '2018-02-20 09:10:20', '2018-02-22 08:25:33', '3f07722d-5d51-411a-905e-60e43e8869bb');


--
-- Constraints for tables
--


--
-- Constraints for table `craft_assetfiles`
--
ALTER TABLE `craft_assetfiles`
	ADD CONSTRAINT `craft_assetfiles_folderId_fk` FOREIGN KEY (`folderId`) REFERENCES `craft_assetfolders` (`id`) ON DELETE CASCADE,
	ADD CONSTRAINT `craft_assetfiles_id_fk` FOREIGN KEY (`id`) REFERENCES `craft_elements` (`id`) ON DELETE CASCADE,
	ADD CONSTRAINT `craft_assetfiles_sourceId_fk` FOREIGN KEY (`sourceId`) REFERENCES `craft_assetsources` (`id`) ON DELETE CASCADE;

--
-- Constraints for table `craft_assetfolders`
--
ALTER TABLE `craft_assetfolders`
	ADD CONSTRAINT `craft_assetfolders_parentId_fk` FOREIGN KEY (`parentId`) REFERENCES `craft_assetfolders` (`id`) ON DELETE CASCADE,
	ADD CONSTRAINT `craft_assetfolders_sourceId_fk` FOREIGN KEY (`sourceId`) REFERENCES `craft_assetsources` (`id`) ON DELETE CASCADE;

--
-- Constraints for table `craft_assetindexdata`
--
ALTER TABLE `craft_assetindexdata`
	ADD CONSTRAINT `craft_assetindexdata_sourceId_fk` FOREIGN KEY (`sourceId`) REFERENCES `craft_assetsources` (`id`) ON DELETE CASCADE;

--
-- Constraints for table `craft_assetsources`
--
ALTER TABLE `craft_assetsources`
	ADD CONSTRAINT `craft_assetsources_fieldLayoutId_fk` FOREIGN KEY (`fieldLayoutId`) REFERENCES `craft_fieldlayouts` (`id`) ON DELETE SET NULL;

--
-- Constraints for table `craft_categories`
--
ALTER TABLE `craft_categories`
	ADD CONSTRAINT `craft_categories_groupId_fk` FOREIGN KEY (`groupId`) REFERENCES `craft_categorygroups` (`id`) ON DELETE CASCADE,
	ADD CONSTRAINT `craft_categories_id_fk` FOREIGN KEY (`id`) REFERENCES `craft_elements` (`id`) ON DELETE CASCADE;

--
-- Constraints for table `craft_categorygroups`
--
ALTER TABLE `craft_categorygroups`
	ADD CONSTRAINT `craft_categorygroups_fieldLayoutId_fk` FOREIGN KEY (`fieldLayoutId`) REFERENCES `craft_fieldlayouts` (`id`) ON DELETE SET NULL,
	ADD CONSTRAINT `craft_categorygroups_structureId_fk` FOREIGN KEY (`structureId`) REFERENCES `craft_structures` (`id`) ON DELETE CASCADE;

--
-- Constraints for table `craft_categorygroups_i18n`
--
ALTER TABLE `craft_categorygroups_i18n`
	ADD CONSTRAINT `craft_categorygroups_i18n_groupId_fk` FOREIGN KEY (`groupId`) REFERENCES `craft_categorygroups` (`id`) ON DELETE CASCADE,
	ADD CONSTRAINT `craft_categorygroups_i18n_locale_fk` FOREIGN KEY (`locale`) REFERENCES `craft_locales` (`locale`) ON DELETE CASCADE ON UPDATE CASCADE;

--
-- Constraints for table `craft_content`
--
ALTER TABLE `craft_content`
	ADD CONSTRAINT `craft_content_elementId_fk` FOREIGN KEY (`elementId`) REFERENCES `craft_elements` (`id`) ON DELETE CASCADE,
	ADD CONSTRAINT `craft_content_locale_fk` FOREIGN KEY (`locale`) REFERENCES `craft_locales` (`locale`) ON DELETE CASCADE ON UPDATE CASCADE;

--
-- Constraints for table `craft_elements_i18n`
--
ALTER TABLE `craft_elements_i18n`
	ADD CONSTRAINT `craft_elements_i18n_elementId_fk` FOREIGN KEY (`elementId`) REFERENCES `craft_elements` (`id`) ON DELETE CASCADE,
	ADD CONSTRAINT `craft_elements_i18n_locale_fk` FOREIGN KEY (`locale`) REFERENCES `craft_locales` (`locale`) ON DELETE CASCADE ON UPDATE CASCADE;

--
-- Constraints for table `craft_emailmessages`
--
ALTER TABLE `craft_emailmessages`
	ADD CONSTRAINT `craft_emailmessages_locale_fk` FOREIGN KEY (`locale`) REFERENCES `craft_locales` (`locale`) ON DELETE CASCADE ON UPDATE CASCADE;

--
-- Constraints for table `craft_entries`
--
ALTER TABLE `craft_entries`
	ADD CONSTRAINT `craft_entries_authorId_fk` FOREIGN KEY (`authorId`) REFERENCES `craft_users` (`id`) ON DELETE CASCADE,
	ADD CONSTRAINT `craft_entries_id_fk` FOREIGN KEY (`id`) REFERENCES `craft_elements` (`id`) ON DELETE CASCADE,
	ADD CONSTRAINT `craft_entries_sectionId_fk` FOREIGN KEY (`sectionId`) REFERENCES `craft_sections` (`id`) ON DELETE CASCADE,
	ADD CONSTRAINT `craft_entries_typeId_fk` FOREIGN KEY (`typeId`) REFERENCES `craft_entrytypes` (`id`) ON DELETE CASCADE;

--
-- Constraints for table `craft_entrydrafts`
--
ALTER TABLE `craft_entrydrafts`
	ADD CONSTRAINT `craft_entrydrafts_creatorId_fk` FOREIGN KEY (`creatorId`) REFERENCES `craft_users` (`id`) ON DELETE CASCADE,
	ADD CONSTRAINT `craft_entrydrafts_entryId_fk` FOREIGN KEY (`entryId`) REFERENCES `craft_entries` (`id`) ON DELETE CASCADE,
	ADD CONSTRAINT `craft_entrydrafts_locale_fk` FOREIGN KEY (`locale`) REFERENCES `craft_locales` (`locale`) ON DELETE CASCADE ON UPDATE CASCADE,
	ADD CONSTRAINT `craft_entrydrafts_sectionId_fk` FOREIGN KEY (`sectionId`) REFERENCES `craft_sections` (`id`) ON DELETE CASCADE;

--
-- Constraints for table `craft_entrytypes`
--
ALTER TABLE `craft_entrytypes`
	ADD CONSTRAINT `craft_entrytypes_fieldLayoutId_fk` FOREIGN KEY (`fieldLayoutId`) REFERENCES `craft_fieldlayouts` (`id`) ON DELETE SET NULL,
	ADD CONSTRAINT `craft_entrytypes_sectionId_fk` FOREIGN KEY (`sectionId`) REFERENCES `craft_sections` (`id`) ON DELETE CASCADE;

--
-- Constraints for table `craft_entryversions`
--
ALTER TABLE `craft_entryversions`
	ADD CONSTRAINT `craft_entryversions_creatorId_fk` FOREIGN KEY (`creatorId`) REFERENCES `craft_users` (`id`) ON DELETE SET NULL,
	ADD CONSTRAINT `craft_entryversions_entryId_fk` FOREIGN KEY (`entryId`) REFERENCES `craft_entries` (`id`) ON DELETE CASCADE,
	ADD CONSTRAINT `craft_entryversions_locale_fk` FOREIGN KEY (`locale`) REFERENCES `craft_locales` (`locale`) ON DELETE CASCADE ON UPDATE CASCADE,
	ADD CONSTRAINT `craft_entryversions_sectionId_fk` FOREIGN KEY (`sectionId`) REFERENCES `craft_sections` (`id`) ON DELETE CASCADE;

--
-- Constraints for table `craft_fieldlayoutfields`
--
ALTER TABLE `craft_fieldlayoutfields`
	ADD CONSTRAINT `craft_fieldlayoutfields_fieldId_fk` FOREIGN KEY (`fieldId`) REFERENCES `craft_fields` (`id`) ON DELETE CASCADE,
	ADD CONSTRAINT `craft_fieldlayoutfields_layoutId_fk` FOREIGN KEY (`layoutId`) REFERENCES `craft_fieldlayouts` (`id`) ON DELETE CASCADE,
	ADD CONSTRAINT `craft_fieldlayoutfields_tabId_fk` FOREIGN KEY (`tabId`) REFERENCES `craft_fieldlayouttabs` (`id`) ON DELETE CASCADE;

--
-- Constraints for table `craft_fieldlayouttabs`
--
ALTER TABLE `craft_fieldlayouttabs`
	ADD CONSTRAINT `craft_fieldlayouttabs_layoutId_fk` FOREIGN KEY (`layoutId`) REFERENCES `craft_fieldlayouts` (`id`) ON DELETE CASCADE;

--
-- Constraints for table `craft_fields`
--
ALTER TABLE `craft_fields`
	ADD CONSTRAINT `craft_fields_groupId_fk` FOREIGN KEY (`groupId`) REFERENCES `craft_fieldgroups` (`id`) ON DELETE CASCADE;

--
-- Constraints for table `craft_globalsets`
--
ALTER TABLE `craft_globalsets`
	ADD CONSTRAINT `craft_globalsets_fieldLayoutId_fk` FOREIGN KEY (`fieldLayoutId`) REFERENCES `craft_fieldlayouts` (`id`) ON DELETE SET NULL,
	ADD CONSTRAINT `craft_globalsets_id_fk` FOREIGN KEY (`id`) REFERENCES `craft_elements` (`id`) ON DELETE CASCADE;

--
-- Constraints for table `craft_matrixblocks`
--
ALTER TABLE `craft_matrixblocks`
	ADD CONSTRAINT `craft_matrixblocks_fieldId_fk` FOREIGN KEY (`fieldId`) REFERENCES `craft_fields` (`id`) ON DELETE CASCADE,
	ADD CONSTRAINT `craft_matrixblocks_id_fk` FOREIGN KEY (`id`) REFERENCES `craft_elements` (`id`) ON DELETE CASCADE,
	ADD CONSTRAINT `craft_matrixblocks_ownerId_fk` FOREIGN KEY (`ownerId`) REFERENCES `craft_elements` (`id`) ON DELETE CASCADE,
	ADD CONSTRAINT `craft_matrixblocks_ownerLocale_fk` FOREIGN KEY (`ownerLocale`) REFERENCES `craft_locales` (`locale`) ON DELETE CASCADE ON UPDATE CASCADE,
	ADD CONSTRAINT `craft_matrixblocks_typeId_fk` FOREIGN KEY (`typeId`) REFERENCES `craft_matrixblocktypes` (`id`) ON DELETE CASCADE;

--
-- Constraints for table `craft_matrixblocktypes`
--
ALTER TABLE `craft_matrixblocktypes`
	ADD CONSTRAINT `craft_matrixblocktypes_fieldId_fk` FOREIGN KEY (`fieldId`) REFERENCES `craft_fields` (`id`) ON DELETE CASCADE,
	ADD CONSTRAINT `craft_matrixblocktypes_fieldLayoutId_fk` FOREIGN KEY (`fieldLayoutId`) REFERENCES `craft_fieldlayouts` (`id`) ON DELETE SET NULL;

--
-- Constraints for table `craft_migrations`
--
ALTER TABLE `craft_migrations`
	ADD CONSTRAINT `craft_migrations_pluginId_fk` FOREIGN KEY (`pluginId`) REFERENCES `craft_plugins` (`id`) ON DELETE CASCADE;

--
-- Constraints for table `craft_relations`
--
ALTER TABLE `craft_relations`
	ADD CONSTRAINT `craft_relations_fieldId_fk` FOREIGN KEY (`fieldId`) REFERENCES `craft_fields` (`id`) ON DELETE CASCADE,
	ADD CONSTRAINT `craft_relations_sourceId_fk` FOREIGN KEY (`sourceId`) REFERENCES `craft_elements` (`id`) ON DELETE CASCADE,
	ADD CONSTRAINT `craft_relations_sourceLocale_fk` FOREIGN KEY (`sourceLocale`) REFERENCES `craft_locales` (`locale`) ON DELETE CASCADE ON UPDATE CASCADE,
	ADD CONSTRAINT `craft_relations_targetId_fk` FOREIGN KEY (`targetId`) REFERENCES `craft_elements` (`id`) ON DELETE CASCADE;

--
-- Constraints for table `craft_routes`
--
ALTER TABLE `craft_routes`
	ADD CONSTRAINT `craft_routes_locale_fk` FOREIGN KEY (`locale`) REFERENCES `craft_locales` (`locale`) ON DELETE CASCADE ON UPDATE CASCADE;

--
-- Constraints for table `craft_sections`
--
ALTER TABLE `craft_sections`
	ADD CONSTRAINT `craft_sections_structureId_fk` FOREIGN KEY (`structureId`) REFERENCES `craft_structures` (`id`) ON DELETE SET NULL;

--
-- Constraints for table `craft_sections_i18n`
--
ALTER TABLE `craft_sections_i18n`
	ADD CONSTRAINT `craft_sections_i18n_locale_fk` FOREIGN KEY (`locale`) REFERENCES `craft_locales` (`locale`) ON DELETE CASCADE ON UPDATE CASCADE,
	ADD CONSTRAINT `craft_sections_i18n_sectionId_fk` FOREIGN KEY (`sectionId`) REFERENCES `craft_sections` (`id`) ON DELETE CASCADE;

--
-- Constraints for table `craft_sessions`
--
ALTER TABLE `craft_sessions`
	ADD CONSTRAINT `craft_sessions_userId_fk` FOREIGN KEY (`userId`) REFERENCES `craft_users` (`id`) ON DELETE CASCADE;

--
-- Constraints for table `craft_shunnedmessages`
--
ALTER TABLE `craft_shunnedmessages`
	ADD CONSTRAINT `craft_shunnedmessages_userId_fk` FOREIGN KEY (`userId`) REFERENCES `craft_users` (`id`) ON DELETE CASCADE;

--
-- Constraints for table `craft_structureelements`
--
ALTER TABLE `craft_structureelements`
	ADD CONSTRAINT `craft_structureelements_elementId_fk` FOREIGN KEY (`elementId`) REFERENCES `craft_elements` (`id`) ON DELETE CASCADE,
	ADD CONSTRAINT `craft_structureelements_structureId_fk` FOREIGN KEY (`structureId`) REFERENCES `craft_structures` (`id`) ON DELETE CASCADE;

--
-- Constraints for table `craft_taggroups`
--
ALTER TABLE `craft_taggroups`
	ADD CONSTRAINT `craft_taggroups_fieldLayoutId_fk` FOREIGN KEY (`fieldLayoutId`) REFERENCES `craft_fieldlayouts` (`id`) ON DELETE SET NULL;

--
-- Constraints for table `craft_tags`
--
ALTER TABLE `craft_tags`
	ADD CONSTRAINT `craft_tags_groupId_fk` FOREIGN KEY (`groupId`) REFERENCES `craft_taggroups` (`id`) ON DELETE CASCADE,
	ADD CONSTRAINT `craft_tags_id_fk` FOREIGN KEY (`id`) REFERENCES `craft_elements` (`id`) ON DELETE CASCADE;

--
-- Constraints for table `craft_templatecachecriteria`
--
ALTER TABLE `craft_templatecachecriteria`
	ADD CONSTRAINT `craft_templatecachecriteria_cacheId_fk` FOREIGN KEY (`cacheId`) REFERENCES `craft_templatecaches` (`id`) ON DELETE CASCADE;

--
-- Constraints for table `craft_templatecacheelements`
--
ALTER TABLE `craft_templatecacheelements`
	ADD CONSTRAINT `craft_templatecacheelements_cacheId_fk` FOREIGN KEY (`cacheId`) REFERENCES `craft_templatecaches` (`id`) ON DELETE CASCADE,
	ADD CONSTRAINT `craft_templatecacheelements_elementId_fk` FOREIGN KEY (`elementId`) REFERENCES `craft_elements` (`id`) ON DELETE CASCADE;

--
-- Constraints for table `craft_templatecaches`
--
ALTER TABLE `craft_templatecaches`
	ADD CONSTRAINT `craft_templatecaches_locale_fk` FOREIGN KEY (`locale`) REFERENCES `craft_locales` (`locale`) ON DELETE CASCADE ON UPDATE CASCADE;

--
-- Constraints for table `craft_usergroups_users`
--
ALTER TABLE `craft_usergroups_users`
	ADD CONSTRAINT `craft_usergroups_users_groupId_fk` FOREIGN KEY (`groupId`) REFERENCES `craft_usergroups` (`id`) ON DELETE CASCADE,
	ADD CONSTRAINT `craft_usergroups_users_userId_fk` FOREIGN KEY (`userId`) REFERENCES `craft_users` (`id`) ON DELETE CASCADE;

--
-- Constraints for table `craft_userpermissions_usergroups`
--
ALTER TABLE `craft_userpermissions_usergroups`
	ADD CONSTRAINT `craft_userpermissions_usergroups_groupId_fk` FOREIGN KEY (`groupId`) REFERENCES `craft_usergroups` (`id`) ON DELETE CASCADE,
	ADD CONSTRAINT `craft_userpermissions_usergroups_permissionId_fk` FOREIGN KEY (`permissionId`) REFERENCES `craft_userpermissions` (`id`) ON DELETE CASCADE;

--
-- Constraints for table `craft_userpermissions_users`
--
ALTER TABLE `craft_userpermissions_users`
	ADD CONSTRAINT `craft_userpermissions_users_permissionId_fk` FOREIGN KEY (`permissionId`) REFERENCES `craft_userpermissions` (`id`) ON DELETE CASCADE,
	ADD CONSTRAINT `craft_userpermissions_users_userId_fk` FOREIGN KEY (`userId`) REFERENCES `craft_users` (`id`) ON DELETE CASCADE;

--
-- Constraints for table `craft_users`
--
ALTER TABLE `craft_users`
	ADD CONSTRAINT `craft_users_id_fk` FOREIGN KEY (`id`) REFERENCES `craft_elements` (`id`) ON DELETE CASCADE,
	ADD CONSTRAINT `craft_users_preferredLocale_fk` FOREIGN KEY (`preferredLocale`) REFERENCES `craft_locales` (`locale`) ON DELETE SET NULL ON UPDATE CASCADE;

--
-- Constraints for table `craft_widgets`
--
ALTER TABLE `craft_widgets`
	ADD CONSTRAINT `craft_widgets_userId_fk` FOREIGN KEY (`userId`) REFERENCES `craft_users` (`id`) ON DELETE CASCADE;

SET FOREIGN_KEY_CHECKS = 1;
