-- Generated by Craft v2.6.3009 on 21 feb. 2018 14:33:46.

--
-- Disable foreign key checks and autocommit.
--

SET FOREIGN_KEY_CHECKS = 0;
SET SQL_MODE = "NO_AUTO_VALUE_ON_ZERO";
SET AUTOCOMMIT = 0;
SET NAMES utf8;


DROP TABLE IF EXISTS `craft_assetfiles`;


--
-- Schema for table `craft_assetfiles`
--
CREATE TABLE `craft_assetfiles` (
  `id` int(11) NOT NULL,
  `sourceId` int(11) DEFAULT NULL,
  `folderId` int(11) NOT NULL,
  `filename` varchar(255) COLLATE utf8_unicode_ci NOT NULL,
  `kind` varchar(50) COLLATE utf8_unicode_ci NOT NULL DEFAULT 'unknown',
  `width` int(11) unsigned DEFAULT NULL,
  `height` int(11) unsigned DEFAULT NULL,
  `size` bigint(20) unsigned DEFAULT NULL,
  `dateModified` datetime DEFAULT NULL,
  `dateCreated` datetime NOT NULL,
  `dateUpdated` datetime NOT NULL,
  `uid` char(36) COLLATE utf8_unicode_ci NOT NULL DEFAULT '0',
  PRIMARY KEY (`id`),
  UNIQUE KEY `craft_assetfiles_filename_folderId_unq_idx` (`filename`,`folderId`),
  KEY `craft_assetfiles_sourceId_fk` (`sourceId`),
  KEY `craft_assetfiles_folderId_fk` (`folderId`)
) ENGINE=InnoDB DEFAULT CHARSET=utf8 COLLATE=utf8_unicode_ci;

--
-- Data for table `craft_assetfiles`
--

INSERT INTO `craft_assetfiles` (`id`, `sourceId`, `folderId`, `filename`, `kind`, `width`, `height`, `size`, `dateModified`, `dateCreated`, `dateUpdated`, `uid`) VALUES
 ('5', '1', '1', 'JamaicaPR6_2_14P02H.jpg', 'image', '960', '637', '90797', '2018-02-21 08:31:36', '2018-02-21 08:31:36', '2018-02-21 08:31:36', '3fa1b30f-fd82-4d84-8129-416893ddffef'),
 ('6', '1', '1', 'maxresdefault-1.jpg', 'image', '1280', '720', '149049', '2018-02-21 08:31:36', '2018-02-21 08:31:36', '2018-02-21 08:31:36', 'eccf4f67-44f0-4c84-880d-ce6ae2243ce3'),
 ('7', '1', '1', 'maxresdefault.jpg', 'image', '1280', '720', '62953', '2018-02-21 08:31:36', '2018-02-21 08:31:36', '2018-02-21 08:31:36', '90e230a1-8e64-4925-b207-96339ee23a12'),
 ('8', '1', '1', 'reggae-night.jpg', 'image', '550', '413', '29950', '2018-02-21 08:31:36', '2018-02-21 08:31:37', '2018-02-21 08:31:37', 'e2827cbe-38ba-4cc8-a08c-d297d436f0f2'),
 ('9', '1', '1', 'StephenZiggyMarley.jpg', 'image', '620', '400', '123405', '2018-02-21 08:31:37', '2018-02-21 08:31:37', '2018-02-21 08:31:37', '666ed21f-a481-4df5-82e9-99eceda8ed86'),
 ('16', '1', '1', '20139960_756858411160693_1824294467137751100_n.jpg', 'image', '960', '540', '72526', '2018-02-21 08:47:12', '2018-02-21 08:47:12', '2018-02-21 08:47:12', 'fafbf502-350a-4241-b016-6d55cd0b49b6'),
 ('17', '1', '1', 'dilan.jpg', 'image', '640', '640', '20605', '2018-02-21 10:36:28', '2018-02-21 10:36:28', '2018-02-21 10:36:28', '8122e27a-2b67-454c-bcb3-4013869d56dc'),
 ('18', '1', '1', 'Faya-Milla-Ellis-Moore.jpg', 'image', '538', '538', '49448', '2018-02-21 10:36:28', '2018-02-21 10:36:28', '2018-02-21 10:36:28', '5090cdb1-93da-4541-b894-e5ef38262a08'),
 ('19', '1', '1', 'remco-hoeneveld.jpg', 'image', '640', '640', '71162', '2018-02-21 10:36:28', '2018-02-21 10:36:28', '2018-02-21 10:36:28', '689b86e5-bad1-42c8-8ad1-b17e9f25345a');



DROP TABLE IF EXISTS `craft_assetfolders`;


--
-- Schema for table `craft_assetfolders`
--
CREATE TABLE `craft_assetfolders` (
  `id` int(11) NOT NULL AUTO_INCREMENT,
  `parentId` int(11) DEFAULT NULL,
  `sourceId` int(11) DEFAULT NULL,
  `name` varchar(255) COLLATE utf8_unicode_ci NOT NULL,
  `path` varchar(255) COLLATE utf8_unicode_ci DEFAULT NULL,
  `dateCreated` datetime NOT NULL,
  `dateUpdated` datetime NOT NULL,
  `uid` char(36) COLLATE utf8_unicode_ci NOT NULL DEFAULT '0',
  PRIMARY KEY (`id`),
  UNIQUE KEY `craft_assetfolders_name_parentId_sourceId_unq_idx` (`name`,`parentId`,`sourceId`),
  KEY `craft_assetfolders_parentId_fk` (`parentId`),
  KEY `craft_assetfolders_sourceId_fk` (`sourceId`)
) ENGINE=InnoDB AUTO_INCREMENT=14 DEFAULT CHARSET=utf8 COLLATE=utf8_unicode_ci;

--
-- Data for table `craft_assetfolders`
--

INSERT INTO `craft_assetfolders` (`id`, `parentId`, `sourceId`, `name`, `path`, `dateCreated`, `dateUpdated`, `uid`) VALUES
 ('1', NULL, '1', 'images', '', '2018-02-21 08:23:44', '2018-02-21 08:23:44', '375f36f2-66af-440e-946c-ae053f50de83'),
 ('2', NULL, NULL, 'Temporary source', NULL, '2018-02-21 08:29:46', '2018-02-21 08:29:46', 'c6796889-d381-4545-97f2-c667edb864c7'),
 ('3', '2', NULL, 'user_1', 'user_1/', '2018-02-21 08:29:46', '2018-02-21 08:29:46', '8cfba458-2164-464c-9912-e1846779656d'),
 ('4', '3', NULL, 'field_3', 'user_1/field_3/', '2018-02-21 08:29:46', '2018-02-21 08:29:46', '5454d6cd-9180-4d81-a9c9-4d39839e699f'),
 ('5', '1', '1', 'jamaica-p4', 'jamaica-p4/', '2018-02-21 08:31:54', '2018-02-21 08:31:54', '0a189f16-c74a-4bdd-907f-ddfd212e988b'),
 ('6', '1', '1', 'summerjam-2017', 'summerjam-2017/', '2018-02-21 08:32:24', '2018-02-21 08:32:24', '46e1294b-256e-46a8-8647-6b6fa752fa71'),
 ('7', '1', '1', 'reggae-night', 'reggae-night/', '2018-02-21 08:32:39', '2018-02-21 08:32:39', 'b9f41a5e-9b0c-4e50-aa82-0eaaecdc9a5e'),
 ('8', '1', '1', 'jam-around-the-world', 'jam-around-the-world/', '2018-02-21 08:33:01', '2018-02-21 08:33:01', '3e070751-7fe3-474d-b487-287ee397a58a'),
 ('9', '1', '1', 'ziggy-marley-ziggodome', 'ziggy-marley-ziggodome/', '2018-02-21 08:33:20', '2018-02-21 08:33:20', '95ed9690-c84d-47fb-bd32-18cb13f866ee'),
 ('10', '1', '1', 'homepage', 'homepage/', '2018-02-21 08:44:44', '2018-02-21 08:44:44', '9234caeb-2f68-4918-8a59-117bee041698'),
 ('11', '1', '1', 'dilan-tekin', 'dilan-tekin/', '2018-02-21 10:36:37', '2018-02-21 10:36:37', 'a88779a5-d9dd-4236-b025-64c8b7ab5e62'),
 ('12', '1', '1', 'faya-milla', 'faya-milla/', '2018-02-21 10:36:53', '2018-02-21 10:36:53', 'a644f2b2-ee48-45a7-b5ee-95a0beddc751'),
 ('13', '1', '1', 'remco-hoeneveld', 'remco-hoeneveld/', '2018-02-21 10:37:06', '2018-02-21 10:37:06', '6eb5ec52-bd2b-4e99-86c5-ae732c99a04f');



DROP TABLE IF EXISTS `craft_assetindexdata`;


--
-- Schema for table `craft_assetindexdata`
--
CREATE TABLE `craft_assetindexdata` (
  `id` int(11) NOT NULL AUTO_INCREMENT,
  `sessionId` varchar(36) COLLATE utf8_unicode_ci NOT NULL DEFAULT '',
  `sourceId` int(10) NOT NULL,
  `offset` int(10) NOT NULL,
  `uri` varchar(255) COLLATE utf8_unicode_ci DEFAULT NULL,
  `size` varchar(255) COLLATE utf8_unicode_ci DEFAULT NULL,
  `recordId` int(10) DEFAULT NULL,
  `dateCreated` datetime NOT NULL,
  `dateUpdated` datetime NOT NULL,
  `uid` char(36) COLLATE utf8_unicode_ci NOT NULL DEFAULT '0',
  PRIMARY KEY (`id`),
  UNIQUE KEY `craft_assetindexdata_sessionId_sourceId_offset_unq_idx` (`sessionId`,`sourceId`,`offset`),
  KEY `craft_assetindexdata_sourceId_fk` (`sourceId`)
) ENGINE=InnoDB DEFAULT CHARSET=utf8 COLLATE=utf8_unicode_ci;

DROP TABLE IF EXISTS `craft_assetsources`;


--
-- Schema for table `craft_assetsources`
--
CREATE TABLE `craft_assetsources` (
  `id` int(11) NOT NULL AUTO_INCREMENT,
  `name` varchar(255) COLLATE utf8_unicode_ci NOT NULL,
  `handle` varchar(255) COLLATE utf8_unicode_ci NOT NULL,
  `type` varchar(150) COLLATE utf8_unicode_ci NOT NULL,
  `settings` text COLLATE utf8_unicode_ci,
  `sortOrder` smallint(6) unsigned DEFAULT NULL,
  `fieldLayoutId` int(10) DEFAULT NULL,
  `dateCreated` datetime NOT NULL,
  `dateUpdated` datetime NOT NULL,
  `uid` char(36) COLLATE utf8_unicode_ci NOT NULL DEFAULT '0',
  PRIMARY KEY (`id`),
  UNIQUE KEY `craft_assetsources_name_unq_idx` (`name`),
  UNIQUE KEY `craft_assetsources_handle_unq_idx` (`handle`),
  KEY `craft_assetsources_fieldLayoutId_fk` (`fieldLayoutId`)
) ENGINE=InnoDB AUTO_INCREMENT=2 DEFAULT CHARSET=utf8 COLLATE=utf8_unicode_ci;

--
-- Data for table `craft_assetsources`
--

INSERT INTO `craft_assetsources` (`id`, `name`, `handle`, `type`, `settings`, `sortOrder`, `fieldLayoutId`, `dateCreated`, `dateUpdated`, `uid`) VALUES
 ('1', 'images', 'images', 'Local', '{\"path\":\"images\\/\",\"publicURLs\":\"1\",\"url\":\"images\\/\"}', '1', '20', '2018-02-21 08:23:44', '2018-02-21 08:31:19', 'b65b4341-426f-4ed5-8fb5-89728cf22f48');



DROP TABLE IF EXISTS `craft_assettransformindex`;


--
-- Schema for table `craft_assettransformindex`
--
CREATE TABLE `craft_assettransformindex` (
  `id` int(11) NOT NULL AUTO_INCREMENT,
  `fileId` int(11) NOT NULL,
  `filename` varchar(255) COLLATE utf8_unicode_ci DEFAULT NULL,
  `format` varchar(255) COLLATE utf8_unicode_ci DEFAULT NULL,
  `location` varchar(255) COLLATE utf8_unicode_ci NOT NULL,
  `sourceId` int(11) DEFAULT NULL,
  `fileExists` tinyint(1) DEFAULT NULL,
  `inProgress` tinyint(1) DEFAULT NULL,
  `dateIndexed` datetime DEFAULT NULL,
  `dateCreated` datetime NOT NULL,
  `dateUpdated` datetime NOT NULL,
  `uid` char(36) COLLATE utf8_unicode_ci NOT NULL DEFAULT '0',
  PRIMARY KEY (`id`),
  KEY `craft_assettransformindex_sourceId_fileId_location_idx` (`sourceId`,`fileId`,`location`)
) ENGINE=InnoDB DEFAULT CHARSET=utf8 COLLATE=utf8_unicode_ci;

DROP TABLE IF EXISTS `craft_assettransforms`;


--
-- Schema for table `craft_assettransforms`
--
CREATE TABLE `craft_assettransforms` (
  `id` int(11) NOT NULL AUTO_INCREMENT,
  `name` varchar(255) COLLATE utf8_unicode_ci NOT NULL,
  `handle` varchar(255) COLLATE utf8_unicode_ci NOT NULL,
  `mode` enum('stretch','fit','crop') COLLATE utf8_unicode_ci NOT NULL DEFAULT 'crop',
  `position` enum('top-left','top-center','top-right','center-left','center-center','center-right','bottom-left','bottom-center','bottom-right') COLLATE utf8_unicode_ci NOT NULL DEFAULT 'center-center',
  `height` int(10) DEFAULT NULL,
  `width` int(10) DEFAULT NULL,
  `format` varchar(255) COLLATE utf8_unicode_ci DEFAULT NULL,
  `quality` int(10) DEFAULT NULL,
  `dimensionChangeTime` datetime DEFAULT NULL,
  `dateCreated` datetime NOT NULL,
  `dateUpdated` datetime NOT NULL,
  `uid` char(36) COLLATE utf8_unicode_ci NOT NULL DEFAULT '0',
  PRIMARY KEY (`id`),
  UNIQUE KEY `craft_assettransforms_name_unq_idx` (`name`),
  UNIQUE KEY `craft_assettransforms_handle_unq_idx` (`handle`)
) ENGINE=InnoDB DEFAULT CHARSET=utf8 COLLATE=utf8_unicode_ci;

DROP TABLE IF EXISTS `craft_categories`;


--
-- Schema for table `craft_categories`
--
CREATE TABLE `craft_categories` (
  `id` int(11) NOT NULL,
  `groupId` int(11) NOT NULL,
  `dateCreated` datetime NOT NULL,
  `dateUpdated` datetime NOT NULL,
  `uid` char(36) COLLATE utf8_unicode_ci NOT NULL DEFAULT '0',
  PRIMARY KEY (`id`),
  KEY `craft_categories_groupId_fk` (`groupId`)
) ENGINE=InnoDB DEFAULT CHARSET=utf8 COLLATE=utf8_unicode_ci;

DROP TABLE IF EXISTS `craft_categorygroups`;


--
-- Schema for table `craft_categorygroups`
--
CREATE TABLE `craft_categorygroups` (
  `id` int(11) NOT NULL AUTO_INCREMENT,
  `structureId` int(11) NOT NULL,
  `fieldLayoutId` int(11) DEFAULT NULL,
  `name` varchar(255) COLLATE utf8_unicode_ci NOT NULL,
  `handle` varchar(255) COLLATE utf8_unicode_ci NOT NULL,
  `hasUrls` tinyint(1) unsigned NOT NULL DEFAULT '1',
  `template` varchar(500) COLLATE utf8_unicode_ci DEFAULT NULL,
  `dateCreated` datetime NOT NULL,
  `dateUpdated` datetime NOT NULL,
  `uid` char(36) COLLATE utf8_unicode_ci NOT NULL DEFAULT '0',
  PRIMARY KEY (`id`),
  UNIQUE KEY `craft_categorygroups_name_unq_idx` (`name`),
  UNIQUE KEY `craft_categorygroups_handle_unq_idx` (`handle`),
  KEY `craft_categorygroups_structureId_fk` (`structureId`),
  KEY `craft_categorygroups_fieldLayoutId_fk` (`fieldLayoutId`)
) ENGINE=InnoDB DEFAULT CHARSET=utf8 COLLATE=utf8_unicode_ci;

DROP TABLE IF EXISTS `craft_categorygroups_i18n`;


--
-- Schema for table `craft_categorygroups_i18n`
--
CREATE TABLE `craft_categorygroups_i18n` (
  `id` int(11) NOT NULL AUTO_INCREMENT,
  `groupId` int(11) NOT NULL,
  `locale` char(12) COLLATE utf8_unicode_ci NOT NULL,
  `urlFormat` text COLLATE utf8_unicode_ci,
  `nestedUrlFormat` text COLLATE utf8_unicode_ci,
  `dateCreated` datetime NOT NULL,
  `dateUpdated` datetime NOT NULL,
  `uid` char(36) COLLATE utf8_unicode_ci NOT NULL DEFAULT '0',
  PRIMARY KEY (`id`),
  UNIQUE KEY `craft_categorygroups_i18n_groupId_locale_unq_idx` (`groupId`,`locale`),
  KEY `craft_categorygroups_i18n_locale_fk` (`locale`)
) ENGINE=InnoDB DEFAULT CHARSET=utf8 COLLATE=utf8_unicode_ci;

DROP TABLE IF EXISTS `craft_content`;


--
-- Schema for table `craft_content`
--
CREATE TABLE `craft_content` (
  `id` int(11) NOT NULL AUTO_INCREMENT,
  `elementId` int(11) NOT NULL,
  `locale` char(12) COLLATE utf8_unicode_ci NOT NULL,
  `title` varchar(255) COLLATE utf8_unicode_ci DEFAULT NULL,
  `field_body` text COLLATE utf8_unicode_ci,
  `dateCreated` datetime NOT NULL,
  `dateUpdated` datetime NOT NULL,
  `uid` char(36) COLLATE utf8_unicode_ci NOT NULL DEFAULT '0',
  PRIMARY KEY (`id`),
  UNIQUE KEY `craft_content_elementId_locale_unq_idx` (`elementId`,`locale`),
  KEY `craft_content_title_idx` (`title`),
  KEY `craft_content_locale_fk` (`locale`)
) ENGINE=InnoDB AUTO_INCREMENT=23 DEFAULT CHARSET=utf8 COLLATE=utf8_unicode_ci;

--
-- Data for table `craft_content`
--

INSERT INTO `craft_content` (`id`, `elementId`, `locale`, `title`, `field_body`, `dateCreated`, `dateUpdated`, `uid`) VALUES
 ('1', '1', 'nl', NULL, NULL, '2018-02-20 09:10:16', '2018-02-20 09:10:16', '3d1c7c19-948b-420c-a452-c2c408abe7dd'),
 ('2', '2', 'nl', 'Welcome to Big Lion Promotions', '<p><strong>Lorem Ipsum</strong> is simply dummy text of the printing and typesetting industry. Lorem Ipsum has been the industry\'s standard dummy text ever since the 1500s, when an unknown printer took a galley of type and scrambled it to make a type specimen book. It has survived not only five centuries, but also the leap into electronic typesetting, remaining essentially unchanged. It was popularised in the 1960s with the release of Letraset sheets containing Lorem Ipsum passages, and more recently with desktop publishing software like Aldus PageMaker including versions of Lorem Ipsum.</p>', '2018-02-20 09:10:18', '2018-02-21 08:47:14', '28544d7d-84dc-44da-a6d0-84e48bcdfc99'),
 ('3', '3', 'nl', 'The band is now back toghether!', '<p><strong>Lorem Ipsum</strong> is simply dummy text of the printing and typesetting industry. Lorem Ipsum has been the industry\'s standard dummy text ever since the 1500s, when an unknown printer took a galley of type and scrambled it to make a type specimen book. It has survived not only five centuries, but also the leap into electronic typesetting, remaining essentially unchanged. It was popularised in the 1960s with the release of Letraset sheets containing Lorem Ipsum passages, and more recently with desktop publishing software like Aldus PageMaker including versions of Lorem Ipsum.</p>\n<p>It is a long established fact that a reader will be distracted by the readable content of a page when looking at its layout. The point of using Lorem Ipsum is that it has a more-or-less normal distribution of letters, as opposed to using \'Content here, content here\', making it look like readable English. Many desktop publishing packages and web page editors now use Lorem Ipsum as their default model text, and a search for \'lorem ipsum\' will uncover many web sites still in their infancy. Various versions have evolved over the years, sometimes by accident, sometimes on purpose (injected humour and the like).</p>', '2018-02-20 09:10:18', '2018-02-20 22:07:27', 'e87ad691-dab7-40b6-ac2d-9379e01e2332'),
 ('4', '4', 'nl', 'contact', NULL, '2018-02-20 09:11:22', '2018-02-20 09:11:22', 'd3fce3f6-8449-448a-b5e8-cca4aed82d94'),
 ('5', '5', 'nl', 'Jamaica Pr6 2 14 P02 H', NULL, '2018-02-21 08:31:36', '2018-02-21 08:31:36', '96d41e4a-b93f-48f5-b077-d41b8c8561b4'),
 ('6', '6', 'nl', 'Maxresdefault 1', NULL, '2018-02-21 08:31:36', '2018-02-21 08:31:36', '7c37553c-309e-4016-9c08-193535aaec9c'),
 ('7', '7', 'nl', 'Maxresdefault', NULL, '2018-02-21 08:31:36', '2018-02-21 08:31:36', '8d773f1e-2da3-4554-8b1c-4f39555c641f'),
 ('8', '8', 'nl', 'Reggae Night', NULL, '2018-02-21 08:31:37', '2018-02-21 08:31:37', 'c58fe39b-97ea-43f1-a6d8-0dd594aec456'),
 ('9', '9', 'nl', 'Stephen Ziggy Marley', NULL, '2018-02-21 08:31:37', '2018-02-21 08:31:37', '3b814d31-a902-4101-a77c-382653c42593'),
 ('10', '10', 'nl', 'Jamaica P4', '<p><b>Lorem Ipsum</b> is simply dummy text of the printing and typesetting industry. Lorem Ipsum has been the industry\'s standard dummy text ever since the 1500s, when an unknown printer took a galley of type and scrambled it to make a type specimen book. It has survived not only five centuries, but also the leap into electronic typesetting, remaining essentially unchanged. It was popularised in the 1960s with the release of Letraset sheets containing Lorem Ipsum passages, and more recently with desktop publishing software like Aldus PageMaker including versions of Lorem Ipsum.</p>', '2018-02-21 08:31:54', '2018-02-21 08:31:54', '46836fa9-0ad1-4ee1-87a8-29c1b40cf99c'),
 ('11', '11', 'nl', 'Summerjam 2017', '<p><b>Lorem Ipsum</b> is simply dummy text of the printing and typesetting industry. Lorem Ipsum has been the industry\'s standard dummy text ever since the 1500s, when an unknown printer took a galley of type and scrambled it to make a type specimen book. It has survived not only five centuries, but also the leap into electronic typesetting, remaining essentially unchanged. It was popularised in the 1960s with the release of Letraset sheets containing Lorem Ipsum passages, and more recently with desktop publishing software like Aldus PageMaker including versions of Lorem Ipsum.</p>', '2018-02-21 08:32:24', '2018-02-21 08:32:24', '0b9498ec-25a0-44cf-9820-9891ca1209cc'),
 ('12', '12', 'nl', 'Reggae Night', '<p><b>Lorem Ipsum</b> is simply dummy text of the printing and typesetting industry. Lorem Ipsum has been the industry\'s standard dummy text ever since the 1500s, when an unknown printer took a galley of type and scrambled it to make a type specimen book. It has survived not only five centuries, but also the leap into electronic typesetting, remaining essentially unchanged. It was popularised in the 1960s with the release of Letraset sheets containing Lorem Ipsum passages, and more recently with desktop publishing software like Aldus PageMaker including versions of Lorem Ipsum.</p>', '2018-02-21 08:32:39', '2018-02-21 08:32:39', '9a86ab7f-5ca8-4bdf-ac45-d153322aba27'),
 ('13', '13', 'nl', 'Jam around the world!', '<p><b>Lorem Ipsum</b> is simply dummy text of the printing and typesetting industry. Lorem Ipsum has been the industry\'s standard dummy text ever since the 1500s, when an unknown printer took a galley of type and scrambled it to make a type specimen book. It has survived not only five centuries, but also the leap into electronic typesetting, remaining essentially unchanged. It was popularised in the 1960s with the release of Letraset sheets containing Lorem Ipsum passages, and more recently with desktop publishing software like Aldus PageMaker including versions of Lorem Ipsum.</p>', '2018-02-21 08:33:01', '2018-02-21 08:33:01', '61fe0769-b385-4d97-ba32-37b6171b5125'),
 ('14', '14', 'nl', 'Ziggy Marley Ziggodome', '<p><b>Lorem Ipsum</b> is simply dummy text of the printing and typesetting industry. Lorem Ipsum has been the industry\'s standard dummy text ever since the 1500s, when an unknown printer took a galley of type and scrambled it to make a type specimen book. It has survived not only five centuries, but also the leap into electronic typesetting, remaining essentially unchanged. It was popularised in the 1960s with the release of Letraset sheets containing Lorem Ipsum passages, and more recently with desktop publishing software like Aldus PageMaker including versions of Lorem Ipsum.</p>', '2018-02-21 08:33:20', '2018-02-21 08:33:20', '8cc999a7-479d-4d0d-9f43-73343a74c45d'),
 ('16', '16', 'nl', '20139960 756858411160693 1824294467137751100 N', NULL, '2018-02-21 08:47:12', '2018-02-21 08:47:12', '2ea89471-8ac1-4df0-91f9-92060a6d9269'),
 ('17', '17', 'nl', 'Dilan', NULL, '2018-02-21 10:36:28', '2018-02-21 10:36:28', 'f974a9b5-a202-4de9-ac33-6e3162e2b304'),
 ('18', '18', 'nl', 'Faya Milla Ellis Moore', NULL, '2018-02-21 10:36:28', '2018-02-21 10:36:28', '3b2085b3-e7ae-4b6f-94a6-43e0949dbf19'),
 ('19', '19', 'nl', 'Remco Hoeneveld', NULL, '2018-02-21 10:36:28', '2018-02-21 10:36:28', '230a2151-4bef-442f-9ff6-da931fd4a055'),
 ('20', '20', 'nl', 'Dilan Tekin', '<p><b>Lorem ipsum</b>. L <b>Lorem ipsum</b> dolor sit amet, consectetuer adipiscing elit. Aenean commodo ligula eget dolor. Aenean massa. Cum sociis natoque penatibus et magnis dis parturient montes, nascetur ridiculus mus. Donec quam felis, ultricies nec, pellentesque eu, pretium quis, sem. Nulla consequat massa quis enim. Donec</p>', '2018-02-21 10:36:36', '2018-02-21 10:36:36', 'ac13afb4-dcc7-403b-b4db-db55846b0977'),
 ('21', '21', 'nl', 'Faya Milla', '<p><b>Lorem ipsum</b>. L <b>Lorem ipsum</b> dolor sit amet, consectetuer adipiscing elit. Aenean commodo ligula eget dolor. Aenean massa. Cum sociis natoque penatibus et magnis dis parturient montes, nascetur ridiculus mus. Donec quam felis, ultricies nec, pellentesque eu, pretium quis, sem. Nulla consequat massa quis enim. Donec</p>', '2018-02-21 10:36:53', '2018-02-21 10:36:53', 'edfedd57-b4fc-4e55-882b-165c9c06a28f'),
 ('22', '22', 'nl', 'Remco Hoeneveld', '<p><b>Lorem ipsum</b>. L <b>Lorem ipsum</b> dolor sit amet, consectetuer adipiscing elit. Aenean commodo ligula eget dolor. Aenean massa. Cum sociis natoque penatibus et magnis dis parturient montes, nascetur ridiculus mus. Donec quam felis, ultricies nec, pellentesque eu, pretium quis, sem. Nulla consequat massa quis enim. Donec</p>', '2018-02-21 10:37:06', '2018-02-21 10:37:06', 'e781fec5-c814-49ab-bcd6-3ff6bde860f1');



DROP TABLE IF EXISTS `craft_deprecationerrors`;


--
-- Schema for table `craft_deprecationerrors`
--
CREATE TABLE `craft_deprecationerrors` (
  `id` int(11) NOT NULL AUTO_INCREMENT,
  `key` varchar(255) COLLATE utf8_unicode_ci NOT NULL,
  `fingerprint` varchar(255) COLLATE utf8_unicode_ci NOT NULL,
  `lastOccurrence` datetime NOT NULL,
  `file` varchar(255) COLLATE utf8_unicode_ci NOT NULL,
  `line` smallint(6) unsigned NOT NULL,
  `class` varchar(255) COLLATE utf8_unicode_ci DEFAULT NULL,
  `method` varchar(255) COLLATE utf8_unicode_ci DEFAULT NULL,
  `template` varchar(255) COLLATE utf8_unicode_ci DEFAULT NULL,
  `templateLine` smallint(6) unsigned DEFAULT NULL,
  `message` varchar(255) COLLATE utf8_unicode_ci DEFAULT NULL,
  `traces` text COLLATE utf8_unicode_ci,
  `dateCreated` datetime NOT NULL,
  `dateUpdated` datetime NOT NULL,
  `uid` char(36) COLLATE utf8_unicode_ci NOT NULL DEFAULT '0',
  PRIMARY KEY (`id`),
  UNIQUE KEY `craft_deprecationerrors_key_fingerprint_unq_idx` (`key`,`fingerprint`)
) ENGINE=InnoDB DEFAULT CHARSET=utf8 COLLATE=utf8_unicode_ci;

DROP TABLE IF EXISTS `craft_elementindexsettings`;


--
-- Schema for table `craft_elementindexsettings`
--
CREATE TABLE `craft_elementindexsettings` (
  `id` int(11) NOT NULL AUTO_INCREMENT,
  `type` varchar(150) COLLATE utf8_unicode_ci NOT NULL,
  `settings` text COLLATE utf8_unicode_ci,
  `dateCreated` datetime NOT NULL,
  `dateUpdated` datetime NOT NULL,
  `uid` char(36) COLLATE utf8_unicode_ci NOT NULL DEFAULT '0',
  PRIMARY KEY (`id`),
  UNIQUE KEY `craft_elementindexsettings_type_unq_idx` (`type`)
) ENGINE=InnoDB DEFAULT CHARSET=utf8 COLLATE=utf8_unicode_ci;

DROP TABLE IF EXISTS `craft_elements`;


--
-- Schema for table `craft_elements`
--
CREATE TABLE `craft_elements` (
  `id` int(11) NOT NULL AUTO_INCREMENT,
  `type` varchar(150) COLLATE utf8_unicode_ci NOT NULL,
  `enabled` tinyint(1) unsigned NOT NULL DEFAULT '1',
  `archived` tinyint(1) unsigned NOT NULL DEFAULT '0',
  `dateCreated` datetime NOT NULL,
  `dateUpdated` datetime NOT NULL,
  `uid` char(36) COLLATE utf8_unicode_ci NOT NULL DEFAULT '0',
  PRIMARY KEY (`id`),
  KEY `craft_elements_type_idx` (`type`),
  KEY `craft_elements_enabled_idx` (`enabled`),
  KEY `craft_elements_archived_dateCreated_idx` (`archived`,`dateCreated`)
) ENGINE=InnoDB AUTO_INCREMENT=23 DEFAULT CHARSET=utf8 COLLATE=utf8_unicode_ci;

--
-- Data for table `craft_elements`
--

INSERT INTO `craft_elements` (`id`, `type`, `enabled`, `archived`, `dateCreated`, `dateUpdated`, `uid`) VALUES
 ('1', 'User', '1', '0', '2018-02-20 09:10:16', '2018-02-20 09:10:16', 'a5a3171f-df24-4714-85f5-7703e23e7d85'),
 ('2', 'Entry', '1', '0', '2018-02-20 09:10:18', '2018-02-21 08:47:14', '8b1c8fbc-0111-4715-a3c8-677ac7090fe1'),
 ('3', 'Entry', '1', '0', '2018-02-20 09:10:18', '2018-02-20 22:07:27', '7976d94b-3dd0-4e5a-850e-240ba6d4d288'),
 ('4', 'Entry', '1', '0', '2018-02-20 09:11:22', '2018-02-20 09:11:22', '0a2db153-4465-4e39-ab88-074244fce861'),
 ('5', 'Asset', '1', '0', '2018-02-21 08:31:36', '2018-02-21 08:31:36', '7e3964aa-2199-480b-8585-0b8a7e7d1f56'),
 ('6', 'Asset', '1', '0', '2018-02-21 08:31:36', '2018-02-21 08:31:36', '7d882c59-4ca9-4fd8-8e48-2c1e02b9fd5c'),
 ('7', 'Asset', '1', '0', '2018-02-21 08:31:36', '2018-02-21 08:31:36', '7d10a37c-0012-4610-bc0f-f4613c895d47'),
 ('8', 'Asset', '1', '0', '2018-02-21 08:31:37', '2018-02-21 08:31:37', '14cba2c2-638e-406f-ad39-879ff676a3f5'),
 ('9', 'Asset', '1', '0', '2018-02-21 08:31:37', '2018-02-21 08:31:37', 'e991a58f-50f9-4a34-a51e-5e2486a88874'),
 ('10', 'Entry', '1', '0', '2018-02-21 08:31:54', '2018-02-21 08:31:54', '688eda8a-3773-4aa6-837c-343b6347c529'),
 ('11', 'Entry', '1', '0', '2018-02-21 08:32:24', '2018-02-21 08:32:24', 'bb16e1a8-4c87-47ba-9332-d3236cfe0b78'),
 ('12', 'Entry', '1', '0', '2018-02-21 08:32:39', '2018-02-21 08:32:39', '723db560-ff47-48ab-a3d2-3202bbf26b9c'),
 ('13', 'Entry', '1', '0', '2018-02-21 08:33:01', '2018-02-21 08:33:01', '258396a7-f49a-4faf-913f-7856596a2de8'),
 ('14', 'Entry', '1', '0', '2018-02-21 08:33:20', '2018-02-21 08:33:20', 'bd00eda6-c80e-49ce-bb2a-f2828900ccb1'),
 ('16', 'Asset', '1', '0', '2018-02-21 08:47:12', '2018-02-21 08:47:12', '9457c16a-7903-4cc4-9350-e27ef9076b4a'),
 ('17', 'Asset', '1', '0', '2018-02-21 10:36:28', '2018-02-21 10:36:28', 'd1f5b275-1402-4abe-9caf-40249f9f6cfd'),
 ('18', 'Asset', '1', '0', '2018-02-21 10:36:28', '2018-02-21 10:36:28', '52c5fd39-ad59-4a07-962e-f81147a3a53f'),
 ('19', 'Asset', '1', '0', '2018-02-21 10:36:28', '2018-02-21 10:36:28', '9b800ad6-77ef-45f1-a3e1-9646dd5dfc64'),
 ('20', 'Entry', '1', '0', '2018-02-21 10:36:36', '2018-02-21 10:36:36', 'eca1015c-056c-4b0a-85c5-be77f4f3f133'),
 ('21', 'Entry', '1', '0', '2018-02-21 10:36:53', '2018-02-21 10:36:53', '87deaaa6-3210-4d36-8fde-1e2bfce03d10'),
 ('22', 'Entry', '1', '0', '2018-02-21 10:37:06', '2018-02-21 10:37:06', '01b5cc64-e72b-496f-ad34-4c8bd71e6c3f');



DROP TABLE IF EXISTS `craft_elements_i18n`;


--
-- Schema for table `craft_elements_i18n`
--
CREATE TABLE `craft_elements_i18n` (
  `id` int(11) NOT NULL AUTO_INCREMENT,
  `elementId` int(11) NOT NULL,
  `locale` char(12) COLLATE utf8_unicode_ci NOT NULL,
  `slug` varchar(255) COLLATE utf8_unicode_ci DEFAULT NULL,
  `uri` varchar(255) COLLATE utf8_unicode_ci DEFAULT NULL,
  `enabled` tinyint(1) unsigned NOT NULL DEFAULT '1',
  `dateCreated` datetime NOT NULL,
  `dateUpdated` datetime NOT NULL,
  `uid` char(36) COLLATE utf8_unicode_ci NOT NULL DEFAULT '0',
  PRIMARY KEY (`id`),
  UNIQUE KEY `craft_elements_i18n_elementId_locale_unq_idx` (`elementId`,`locale`),
  UNIQUE KEY `craft_elements_i18n_uri_locale_unq_idx` (`uri`,`locale`),
  KEY `craft_elements_i18n_slug_locale_idx` (`slug`,`locale`),
  KEY `craft_elements_i18n_enabled_idx` (`enabled`),
  KEY `craft_elements_i18n_locale_fk` (`locale`)
) ENGINE=InnoDB AUTO_INCREMENT=23 DEFAULT CHARSET=utf8 COLLATE=utf8_unicode_ci;

--
-- Data for table `craft_elements_i18n`
--

INSERT INTO `craft_elements_i18n` (`id`, `elementId`, `locale`, `slug`, `uri`, `enabled`, `dateCreated`, `dateUpdated`, `uid`) VALUES
 ('1', '1', 'nl', '', NULL, '1', '2018-02-20 09:10:17', '2018-02-20 09:10:17', 'ba192664-82e8-433d-aec6-d8f47f59ee5a'),
 ('2', '2', 'nl', 'homepage', '__home__', '1', '2018-02-20 09:10:18', '2018-02-21 08:47:14', '28daed6a-02fd-47bf-9fbd-ba3b6cb71d82'),
 ('3', '3', 'nl', 'we-just-installed-craft', 'news/2018/we-just-installed-craft', '1', '2018-02-20 09:10:18', '2018-02-20 22:07:27', '41398b16-d84e-47dc-8779-cc41e3f3f928'),
 ('4', '4', 'nl', 'contact', 'contact', '1', '2018-02-20 09:11:22', '2018-02-20 09:11:22', '4e76e693-221e-47df-b4ac-3d2efa09ee9f'),
 ('5', '5', 'nl', 'jamaica-pr6-2-14-p02-h', NULL, '1', '2018-02-21 08:31:36', '2018-02-21 08:31:36', '3fe1d48b-8ce6-4ffe-8b7c-6c50ee0421eb'),
 ('6', '6', 'nl', 'maxresdefault-1', NULL, '1', '2018-02-21 08:31:36', '2018-02-21 08:31:36', '291933f0-984e-4ea7-9593-251b019e921a'),
 ('7', '7', 'nl', 'maxresdefault', NULL, '1', '2018-02-21 08:31:36', '2018-02-21 08:31:36', 'f5e3cecc-8327-4531-bc45-c946958fea83'),
 ('8', '8', 'nl', 'reggae-night', NULL, '1', '2018-02-21 08:31:37', '2018-02-21 08:31:37', 'ae061274-d949-40c6-b455-b3aa6243e9ff'),
 ('9', '9', 'nl', 'stephen-ziggy-marley', NULL, '1', '2018-02-21 08:31:37', '2018-02-21 08:31:37', '891d7106-a728-4b1f-8955-63b86e713eab'),
 ('10', '10', 'nl', 'jamaica-p4', 'shows/jamaica-p4', '1', '2018-02-21 08:31:54', '2018-02-21 08:31:54', 'c64f3c4e-dfc3-4995-9788-350fcea309fe'),
 ('11', '11', 'nl', 'summerjam-2017', 'shows/summerjam-2017', '1', '2018-02-21 08:32:24', '2018-02-21 08:32:24', 'dbff3bc5-acdf-447a-9fbc-38d151f155ce'),
 ('12', '12', 'nl', 'reggae-night', 'shows/reggae-night', '1', '2018-02-21 08:32:39', '2018-02-21 08:32:39', '31acf38e-bc27-4734-bc18-21db098a405e'),
 ('13', '13', 'nl', 'jam-around-the-world', 'shows/jam-around-the-world', '1', '2018-02-21 08:33:01', '2018-02-21 08:33:01', 'df1ca583-3129-4dde-a547-89a8c71b31f7'),
 ('14', '14', 'nl', 'ziggy-marley-ziggodome', 'shows/ziggy-marley-ziggodome', '1', '2018-02-21 08:33:20', '2018-02-21 08:33:20', 'a49bfbe5-3370-48f0-88a4-83a01d3c3492'),
 ('16', '16', 'nl', '20139960-756858411160693-1824294467137751100-n', NULL, '1', '2018-02-21 08:47:12', '2018-02-21 08:47:12', '3daa7b41-d80d-4ed4-9e80-874cef00bf60'),
 ('17', '17', 'nl', 'dilan', NULL, '1', '2018-02-21 10:36:28', '2018-02-21 10:36:28', '04df3056-e87b-46e5-b829-0664412b6044'),
 ('18', '18', 'nl', 'faya-milla-ellis-moore', NULL, '1', '2018-02-21 10:36:28', '2018-02-21 10:36:28', '0f9fa8d1-60a5-4d69-96a2-078c773cc4d6'),
 ('19', '19', 'nl', 'remco-hoeneveld', NULL, '1', '2018-02-21 10:36:28', '2018-02-21 10:36:28', '9e26afff-64c9-4031-a9d5-4fdce5e01551'),
 ('20', '20', 'nl', 'dilan-tekin', 'artists/dilan-tekin', '1', '2018-02-21 10:36:37', '2018-02-21 10:36:37', '809b8455-ae68-466d-86ae-511fb52d2802'),
 ('21', '21', 'nl', 'faya-milla', 'artists/faya-milla', '1', '2018-02-21 10:36:53', '2018-02-21 10:36:53', '44d344e4-b206-478c-b120-1a069e29d692'),
 ('22', '22', 'nl', 'remco-hoeneveld', 'artists/remco-hoeneveld', '1', '2018-02-21 10:37:06', '2018-02-21 10:37:06', '00078eb0-4895-489b-8809-ee03c85096aa');



DROP TABLE IF EXISTS `craft_emailmessages`;


--
-- Schema for table `craft_emailmessages`
--
CREATE TABLE `craft_emailmessages` (
  `id` int(11) NOT NULL AUTO_INCREMENT,
  `key` char(150) COLLATE utf8_unicode_ci NOT NULL,
  `locale` char(12) COLLATE utf8_unicode_ci NOT NULL,
  `subject` varchar(1000) COLLATE utf8_unicode_ci NOT NULL,
  `body` text COLLATE utf8_unicode_ci NOT NULL,
  `dateCreated` datetime NOT NULL,
  `dateUpdated` datetime NOT NULL,
  `uid` char(36) COLLATE utf8_unicode_ci NOT NULL DEFAULT '0',
  PRIMARY KEY (`id`),
  UNIQUE KEY `craft_emailmessages_key_locale_unq_idx` (`key`,`locale`),
  KEY `craft_emailmessages_locale_fk` (`locale`)
) ENGINE=InnoDB DEFAULT CHARSET=utf8 COLLATE=utf8_unicode_ci;

DROP TABLE IF EXISTS `craft_entries`;


--
-- Schema for table `craft_entries`
--
CREATE TABLE `craft_entries` (
  `id` int(11) NOT NULL,
  `sectionId` int(11) NOT NULL,
  `typeId` int(11) DEFAULT NULL,
  `authorId` int(11) DEFAULT NULL,
  `postDate` datetime DEFAULT NULL,
  `expiryDate` datetime DEFAULT NULL,
  `dateCreated` datetime NOT NULL,
  `dateUpdated` datetime NOT NULL,
  `uid` char(36) COLLATE utf8_unicode_ci NOT NULL DEFAULT '0',
  PRIMARY KEY (`id`),
  KEY `craft_entries_sectionId_idx` (`sectionId`),
  KEY `craft_entries_typeId_idx` (`typeId`),
  KEY `craft_entries_postDate_idx` (`postDate`),
  KEY `craft_entries_expiryDate_idx` (`expiryDate`),
  KEY `craft_entries_authorId_fk` (`authorId`)
) ENGINE=InnoDB DEFAULT CHARSET=utf8 COLLATE=utf8_unicode_ci;

--
-- Data for table `craft_entries`
--

INSERT INTO `craft_entries` (`id`, `sectionId`, `typeId`, `authorId`, `postDate`, `expiryDate`, `dateCreated`, `dateUpdated`, `uid`) VALUES
 ('2', '1', NULL, NULL, '2018-02-20 09:10:18', NULL, '2018-02-20 09:10:18', '2018-02-21 08:47:15', '2698ec44-b639-421d-92a8-f8fe395927dc'),
 ('3', '2', '2', '1', '2018-02-20 09:10:00', NULL, '2018-02-20 09:10:18', '2018-02-20 22:07:27', '0d5ecc26-9f0c-4b8f-9055-5b232cb90f62'),
 ('4', '6', NULL, NULL, '2018-02-20 09:11:22', NULL, '2018-02-20 09:11:22', '2018-02-20 09:11:22', '8c2e8ea3-7a58-484d-9121-586270723e4b'),
 ('10', '8', '8', '1', '2018-02-21 08:31:54', NULL, '2018-02-21 08:31:54', '2018-02-21 08:31:54', '0fdc302d-c237-4d47-b0aa-9589c531d589'),
 ('11', '8', '8', '1', '2018-02-21 08:32:24', NULL, '2018-02-21 08:32:24', '2018-02-21 08:32:24', '312a97a3-3527-45a7-ad19-5e1f933d18a5'),
 ('12', '8', '8', '1', '2018-02-21 08:32:39', NULL, '2018-02-21 08:32:39', '2018-02-21 08:32:39', 'a4a18576-67c2-4a4b-92a5-4633c347b3b4'),
 ('13', '8', '8', '1', '2018-02-21 08:33:01', NULL, '2018-02-21 08:33:01', '2018-02-21 08:33:01', '974b5c0e-7d8a-4553-a3ee-8411c4f49422'),
 ('14', '8', '8', '1', '2018-02-21 08:33:20', NULL, '2018-02-21 08:33:20', '2018-02-21 08:33:20', '3386b027-c300-4477-9265-b0f90523ed5f'),
 ('20', '3', '3', '1', '2018-02-21 10:36:36', NULL, '2018-02-21 10:36:37', '2018-02-21 10:36:37', '295775dc-575c-49b5-962b-0e2a1dc6b221'),
 ('21', '3', '3', '1', '2018-02-21 10:36:53', NULL, '2018-02-21 10:36:53', '2018-02-21 10:36:53', '66ac8839-e401-4825-aa6d-53ea6285e3b0'),
 ('22', '3', '3', '1', '2018-02-21 10:37:06', NULL, '2018-02-21 10:37:06', '2018-02-21 10:37:06', '1f09fd41-9e1e-479e-b933-59a564de7c2b');



DROP TABLE IF EXISTS `craft_entrydrafts`;


--
-- Schema for table `craft_entrydrafts`
--
CREATE TABLE `craft_entrydrafts` (
  `id` int(11) NOT NULL AUTO_INCREMENT,
  `entryId` int(11) NOT NULL,
  `sectionId` int(11) NOT NULL,
  `creatorId` int(11) NOT NULL,
  `locale` char(12) COLLATE utf8_unicode_ci NOT NULL,
  `name` varchar(255) COLLATE utf8_unicode_ci NOT NULL,
  `notes` tinytext COLLATE utf8_unicode_ci,
  `data` mediumtext COLLATE utf8_unicode_ci NOT NULL,
  `dateCreated` datetime NOT NULL,
  `dateUpdated` datetime NOT NULL,
  `uid` char(36) COLLATE utf8_unicode_ci NOT NULL DEFAULT '0',
  PRIMARY KEY (`id`),
  KEY `craft_entrydrafts_entryId_locale_idx` (`entryId`,`locale`),
  KEY `craft_entrydrafts_sectionId_fk` (`sectionId`),
  KEY `craft_entrydrafts_creatorId_fk` (`creatorId`),
  KEY `craft_entrydrafts_locale_fk` (`locale`)
) ENGINE=InnoDB DEFAULT CHARSET=utf8 COLLATE=utf8_unicode_ci;

DROP TABLE IF EXISTS `craft_entrytypes`;


--
-- Schema for table `craft_entrytypes`
--
CREATE TABLE `craft_entrytypes` (
  `id` int(11) NOT NULL AUTO_INCREMENT,
  `sectionId` int(11) NOT NULL,
  `fieldLayoutId` int(11) DEFAULT NULL,
  `name` varchar(255) COLLATE utf8_unicode_ci NOT NULL,
  `handle` varchar(255) COLLATE utf8_unicode_ci NOT NULL,
  `hasTitleField` tinyint(1) unsigned NOT NULL DEFAULT '1',
  `titleLabel` varchar(255) COLLATE utf8_unicode_ci DEFAULT 'Title',
  `titleFormat` varchar(255) COLLATE utf8_unicode_ci DEFAULT NULL,
  `sortOrder` smallint(6) unsigned DEFAULT NULL,
  `dateCreated` datetime NOT NULL,
  `dateUpdated` datetime NOT NULL,
  `uid` char(36) COLLATE utf8_unicode_ci NOT NULL DEFAULT '0',
  PRIMARY KEY (`id`),
  UNIQUE KEY `craft_entrytypes_name_sectionId_unq_idx` (`name`,`sectionId`),
  UNIQUE KEY `craft_entrytypes_handle_sectionId_unq_idx` (`handle`,`sectionId`),
  KEY `craft_entrytypes_sectionId_fk` (`sectionId`),
  KEY `craft_entrytypes_fieldLayoutId_fk` (`fieldLayoutId`)
) ENGINE=InnoDB AUTO_INCREMENT=9 DEFAULT CHARSET=utf8 COLLATE=utf8_unicode_ci;

--
-- Data for table `craft_entrytypes`
--

INSERT INTO `craft_entrytypes` (`id`, `sectionId`, `fieldLayoutId`, `name`, `handle`, `hasTitleField`, `titleLabel`, `titleFormat`, `sortOrder`, `dateCreated`, `dateUpdated`, `uid`) VALUES
 ('1', '1', '21', 'Homepage', 'homepage', '1', 'Title', NULL, '1', '2018-02-20 09:10:18', '2018-02-21 08:42:59', '5cc6d9e8-fb3d-4fc3-95c1-9b67436f5ab2'),
 ('2', '2', '15', 'News', 'news', '1', 'Titel', NULL, '1', '2018-02-20 09:10:18', '2018-02-21 08:26:42', '9550a959-6ddf-4be5-8c52-afea3b994b5a'),
 ('3', '3', '19', 'artists', 'artists', '1', 'Titel', NULL, '1', '2018-02-20 09:10:52', '2018-02-21 08:28:15', 'fac2239a-aee8-46be-9e7b-7ed0f6e4009f'),
 ('4', '4', '18', 'backline', 'backline', '1', 'Titel', NULL, '1', '2018-02-20 09:11:00', '2018-02-21 08:27:57', '77b265ce-41b7-4124-9a5a-da6375458e88'),
 ('5', '5', '17', 'bands', 'bands', '1', 'Titel', NULL, '1', '2018-02-20 09:11:11', '2018-02-21 08:27:39', 'cf7fc5ad-1664-4f47-9a25-0fcb902bf2d2'),
 ('6', '6', '9', 'contact', 'contact', '0', NULL, '{section.name|raw}', '1', '2018-02-20 09:11:22', '2018-02-20 09:11:22', '8ad48d19-83ad-4e57-8709-24fac139d831'),
 ('7', '7', '16', 'media', 'media', '1', 'Titel', NULL, '1', '2018-02-20 09:11:37', '2018-02-21 08:27:04', '0d77e709-ebdf-4b42-8cc5-678e2874f636'),
 ('8', '8', '13', 'shows', 'shows', '1', 'Titel', NULL, '1', '2018-02-20 09:11:42', '2018-02-21 08:26:25', 'e0620860-3875-4664-9860-507d520ab68d');



DROP TABLE IF EXISTS `craft_entryversions`;


--
-- Schema for table `craft_entryversions`
--
CREATE TABLE `craft_entryversions` (
  `id` int(11) NOT NULL AUTO_INCREMENT,
  `entryId` int(11) NOT NULL,
  `sectionId` int(11) NOT NULL,
  `creatorId` int(11) DEFAULT NULL,
  `locale` char(12) COLLATE utf8_unicode_ci NOT NULL,
  `num` smallint(6) unsigned NOT NULL,
  `notes` tinytext COLLATE utf8_unicode_ci,
  `data` mediumtext COLLATE utf8_unicode_ci NOT NULL,
  `dateCreated` datetime NOT NULL,
  `dateUpdated` datetime NOT NULL,
  `uid` char(36) COLLATE utf8_unicode_ci NOT NULL DEFAULT '0',
  PRIMARY KEY (`id`),
  KEY `craft_entryversions_entryId_locale_idx` (`entryId`,`locale`),
  KEY `craft_entryversions_sectionId_fk` (`sectionId`),
  KEY `craft_entryversions_creatorId_fk` (`creatorId`),
  KEY `craft_entryversions_locale_fk` (`locale`)
) ENGINE=InnoDB AUTO_INCREMENT=18 DEFAULT CHARSET=utf8 COLLATE=utf8_unicode_ci;

--
-- Data for table `craft_entryversions`
--

INSERT INTO `craft_entryversions` (`id`, `entryId`, `sectionId`, `creatorId`, `locale`, `num`, `notes`, `data`, `dateCreated`, `dateUpdated`, `uid`) VALUES
 ('1', '2', '1', '1', 'nl', '1', NULL, '{\"typeId\":\"1\",\"authorId\":null,\"title\":\"Homepage\",\"slug\":\"homepage\",\"postDate\":1519117818,\"expiryDate\":null,\"enabled\":1,\"parentId\":null,\"fields\":[]}', '2018-02-20 09:10:18', '2018-02-20 09:10:18', '28b5fe0a-bc36-4f83-a532-66a3956bf3fc'),
 ('2', '2', '1', '1', 'nl', '2', NULL, '{\"typeId\":null,\"authorId\":null,\"title\":\"Welcome to Scotchbox.local!\",\"slug\":\"homepage\",\"postDate\":1519117818,\"expiryDate\":null,\"enabled\":\"1\",\"parentId\":null,\"fields\":{\"1\":\"<p>It\\u2019s true, this site doesn\\u2019t have a whole lot of content yet, but don\\u2019t worry. Our web developers have just installed the CMS, and they\\u2019re setting things up for the content editors this very moment. Soon Scotchbox.local will be an oasis of fresh perspectives, sharp analyses, and astute opinions that will keep you coming back again and again.<\\/p>\"}}', '2018-02-20 09:10:18', '2018-02-20 09:10:18', 'e732e87c-2aeb-4c78-8de5-d7281e302b89'),
 ('3', '3', '2', '1', 'nl', '1', NULL, '{\"typeId\":\"2\",\"authorId\":\"1\",\"title\":\"We just installed Craft!\",\"slug\":\"we-just-installed-craft\",\"postDate\":1519117818,\"expiryDate\":null,\"enabled\":1,\"parentId\":null,\"fields\":[]}', '2018-02-20 09:10:18', '2018-02-20 09:10:18', '5c27cd63-3eeb-4800-acda-bf3869e05875'),
 ('4', '4', '6', '1', 'nl', '1', NULL, '{\"typeId\":\"6\",\"authorId\":null,\"title\":\"contact\",\"slug\":\"contact\",\"postDate\":1519117882,\"expiryDate\":null,\"enabled\":1,\"parentId\":null,\"fields\":[]}', '2018-02-20 09:11:22', '2018-02-20 09:11:22', '77ffd9e9-b170-4510-9bce-cc52fc0ff003'),
 ('5', '2', '1', '1', 'nl', '3', '', '{\"typeId\":null,\"authorId\":null,\"title\":\"Welcome to Big Lion Promotions\",\"slug\":\"homepage\",\"postDate\":1519117818,\"expiryDate\":null,\"enabled\":1,\"parentId\":null,\"fields\":{\"1\":\"<p><strong>Lorem Ipsum<\\/strong>&nbsp;is simply dummy text of the printing and typesetting industry. Lorem Ipsum has been the industry\'s standard dummy text ever since the 1500s, when an unknown printer took a galley of type and scrambled it to make a type specimen book. It has survived not only five centuries, but also the leap into electronic typesetting, remaining essentially unchanged. It was popularised in the 1960s with the release of Letraset sheets containing Lorem Ipsum passages, and more recently with desktop publishing software like Aldus PageMaker including versions of Lorem Ipsum.<\\/p>\\r\\n<p>It is a long established fact that a reader will be distracted by the readable content of a page when looking at its layout. The point of using Lorem Ipsum is that it has a more-or-less normal distribution of letters, as opposed to using \'Content here, content here\', making it look like readable English. Many desktop publishing packages and web page editors now use Lorem Ipsum as their default model text, and a search for \'lorem ipsum\' will uncover many web sites still in their infancy. Various versions have evolved over the years, sometimes by accident, sometimes on purpose (injected humour and the like).<\\/p>\"}}', '2018-02-20 22:07:04', '2018-02-20 22:07:04', '13fd0a6f-c20c-46cd-baac-939d4b36885d'),
 ('6', '3', '2', '1', 'nl', '2', '', '{\"typeId\":\"2\",\"authorId\":\"1\",\"title\":\"The band is now back toghether!\",\"slug\":\"we-just-installed-craft\",\"postDate\":1519117800,\"expiryDate\":null,\"enabled\":1,\"parentId\":null,\"fields\":{\"1\":\"<p><\\/p><p><strong>Lorem Ipsum<\\/strong>&nbsp;is simply dummy text of the printing and typesetting industry. Lorem Ipsum has been the industry\'s standard dummy text ever since the 1500s, when an unknown printer took a galley of type and scrambled it to make a type specimen book. It has survived not only five centuries, but also the leap into electronic typesetting, remaining essentially unchanged. It was popularised in the 1960s with the release of Letraset sheets containing Lorem Ipsum passages, and more recently with desktop publishing software like Aldus PageMaker including versions of Lorem Ipsum.<\\/p>\\r\\n<p>It is a long established fact that a reader will be distracted by the readable content of a page when looking at its layout. The point of using Lorem Ipsum is that it has a more-or-less normal distribution of letters, as opposed to using \'Content here, content here\', making it look like readable English. Many desktop publishing packages and web page editors now use Lorem Ipsum as their default model text, and a search for \'lorem ipsum\' will uncover many web sites still in their infancy. Various versions have evolved over the years, sometimes by accident, sometimes on purpose (injected humour and the like).<\\/p>\",\"2\":\"\"}}', '2018-02-20 22:07:27', '2018-02-20 22:07:27', 'fb11cb14-5739-4d11-bffc-4e5bb5a01c17'),
 ('7', '10', '8', '1', 'nl', '1', '', '{\"typeId\":null,\"authorId\":\"1\",\"title\":\"Jamaica P4\",\"slug\":\"jamaica-p4\",\"postDate\":1519201914,\"expiryDate\":null,\"enabled\":1,\"parentId\":null,\"fields\":{\"1\":\"<p><b>Lorem Ipsum<\\/b>&nbsp;is simply dummy text of the printing and typesetting industry. Lorem Ipsum has been the industry\'s standard dummy text ever since the 1500s, when an unknown printer took a galley of type and scrambled it to make a type specimen book. It has survived not only five centuries, but also the leap into electronic typesetting, remaining essentially unchanged. It was popularised in the 1960s with the release of Letraset sheets containing Lorem Ipsum passages, and more recently with desktop publishing software like Aldus PageMaker including versions of Lorem Ipsum.<\\/p>\",\"3\":[\"5\"],\"2\":\"\"}}', '2018-02-21 08:31:54', '2018-02-21 08:31:54', '35826e32-191b-48a3-986c-96e476771954'),
 ('8', '11', '8', '1', 'nl', '1', '', '{\"typeId\":null,\"authorId\":\"1\",\"title\":\"Summerjam 2017\",\"slug\":\"summerjam-2017\",\"postDate\":1519201944,\"expiryDate\":null,\"enabled\":1,\"parentId\":null,\"fields\":{\"1\":\"<p><b>Lorem Ipsum<\\/b>&nbsp;is simply dummy text of the printing and typesetting industry. Lorem Ipsum has been the industry\'s standard dummy text ever since the 1500s, when an unknown printer took a galley of type and scrambled it to make a type specimen book. It has survived not only five centuries, but also the leap into electronic typesetting, remaining essentially unchanged. It was popularised in the 1960s with the release of Letraset sheets containing Lorem Ipsum passages, and more recently with desktop publishing software like Aldus PageMaker including versions of Lorem Ipsum.<\\/p>\",\"3\":[\"7\"],\"2\":\"\"}}', '2018-02-21 08:32:24', '2018-02-21 08:32:24', 'f6cf1e8f-fcd1-48d8-b1a1-f580c245c75b'),
 ('9', '12', '8', '1', 'nl', '1', '', '{\"typeId\":null,\"authorId\":\"1\",\"title\":\"Reggae Night\",\"slug\":\"reggae-night\",\"postDate\":1519201959,\"expiryDate\":null,\"enabled\":1,\"parentId\":null,\"fields\":{\"1\":\"<p><b>Lorem Ipsum<\\/b>&nbsp;is simply dummy text of the printing and typesetting industry. Lorem Ipsum has been the industry\'s standard dummy text ever since the 1500s, when an unknown printer took a galley of type and scrambled it to make a type specimen book. It has survived not only five centuries, but also the leap into electronic typesetting, remaining essentially unchanged. It was popularised in the 1960s with the release of Letraset sheets containing Lorem Ipsum passages, and more recently with desktop publishing software like Aldus PageMaker including versions of Lorem Ipsum.<\\/p>\",\"3\":[\"6\"],\"2\":\"\"}}', '2018-02-21 08:32:39', '2018-02-21 08:32:39', '1684d35c-c64a-4a32-9564-2601dbe7f756'),
 ('10', '13', '8', '1', 'nl', '1', '', '{\"typeId\":null,\"authorId\":\"1\",\"title\":\"Jam around the world!\",\"slug\":\"jam-around-the-world\",\"postDate\":1519201981,\"expiryDate\":null,\"enabled\":1,\"parentId\":null,\"fields\":{\"1\":\"<p><b>Lorem Ipsum<\\/b>&nbsp;is simply dummy text of the printing and typesetting industry. Lorem Ipsum has been the industry\'s standard dummy text ever since the 1500s, when an unknown printer took a galley of type and scrambled it to make a type specimen book. It has survived not only five centuries, but also the leap into electronic typesetting, remaining essentially unchanged. It was popularised in the 1960s with the release of Letraset sheets containing Lorem Ipsum passages, and more recently with desktop publishing software like Aldus PageMaker including versions of Lorem Ipsum.<\\/p>\",\"3\":[\"8\"],\"2\":\"\"}}', '2018-02-21 08:33:01', '2018-02-21 08:33:01', '16d8eb4a-ff92-47e5-92f7-305f592a7358'),
 ('11', '14', '8', '1', 'nl', '1', '', '{\"typeId\":null,\"authorId\":\"1\",\"title\":\"Ziggy Marley Ziggodome\",\"slug\":\"ziggy-marley-ziggodome\",\"postDate\":1519202000,\"expiryDate\":null,\"enabled\":1,\"parentId\":null,\"fields\":{\"1\":\"<p><b>Lorem Ipsum<\\/b>&nbsp;is simply dummy text of the printing and typesetting industry. Lorem Ipsum has been the industry\'s standard dummy text ever since the 1500s, when an unknown printer took a galley of type and scrambled it to make a type specimen book. It has survived not only five centuries, but also the leap into electronic typesetting, remaining essentially unchanged. It was popularised in the 1960s with the release of Letraset sheets containing Lorem Ipsum passages, and more recently with desktop publishing software like Aldus PageMaker including versions of Lorem Ipsum.<\\/p>\",\"3\":[\"9\"],\"2\":\"\"}}', '2018-02-21 08:33:20', '2018-02-21 08:33:20', '88938885-860e-45f2-851f-265f26ab830f'),
 ('12', '2', '1', '1', 'nl', '4', '', '{\"typeId\":null,\"authorId\":null,\"title\":\"Welcome to Big Lion Promotions\",\"slug\":\"homepage\",\"postDate\":1519117818,\"expiryDate\":null,\"enabled\":1,\"parentId\":null,\"fields\":{\"1\":\"<p><strong>Lorem Ipsum<\\/strong>&nbsp;is simply dummy text of the printing and typesetting industry. Lorem Ipsum has been the industry\'s standard dummy text ever since the 1500s, when an unknown printer took a galley of type and scrambled it to make a type specimen book. It has survived not only five centuries, but also the leap into electronic typesetting, remaining essentially unchanged. It was popularised in the 1960s with the release of Letraset sheets containing Lorem Ipsum passages, and more recently with desktop publishing software like Aldus PageMaker including versions of Lorem Ipsum.<\\/p>\"}}', '2018-02-21 08:41:09', '2018-02-21 08:41:09', 'b3ef6aba-b8f6-42ea-8fa6-cb38de32e5f8'),
 ('13', '2', '1', '1', 'nl', '5', '', '{\"typeId\":null,\"authorId\":null,\"title\":\"Welcome to Big Lion Promotions\",\"slug\":\"homepage\",\"postDate\":1519117818,\"expiryDate\":null,\"enabled\":1,\"parentId\":null,\"fields\":{\"1\":\"<p><strong>Lorem Ipsum<\\/strong>&nbsp;is simply dummy text of the printing and typesetting industry. Lorem Ipsum has been the industry\'s standard dummy text ever since the 1500s, when an unknown printer took a galley of type and scrambled it to make a type specimen book. It has survived not only five centuries, but also the leap into electronic typesetting, remaining essentially unchanged. It was popularised in the 1960s with the release of Letraset sheets containing Lorem Ipsum passages, and more recently with desktop publishing software like Aldus PageMaker including versions of Lorem Ipsum.<\\/p>\",\"3\":[\"15\"]}}', '2018-02-21 08:44:44', '2018-02-21 08:44:44', '7b5bfd4e-c2e1-4509-81fd-0cc9946a5d44'),
 ('14', '2', '1', '1', 'nl', '6', '', '{\"typeId\":null,\"authorId\":null,\"title\":\"Welcome to Big Lion Promotions\",\"slug\":\"homepage\",\"postDate\":1519117818,\"expiryDate\":null,\"enabled\":1,\"parentId\":null,\"fields\":{\"1\":\"<p><strong>Lorem Ipsum<\\/strong>&nbsp;is simply dummy text of the printing and typesetting industry. Lorem Ipsum has been the industry\'s standard dummy text ever since the 1500s, when an unknown printer took a galley of type and scrambled it to make a type specimen book. It has survived not only five centuries, but also the leap into electronic typesetting, remaining essentially unchanged. It was popularised in the 1960s with the release of Letraset sheets containing Lorem Ipsum passages, and more recently with desktop publishing software like Aldus PageMaker including versions of Lorem Ipsum.<\\/p>\",\"3\":[\"16\"]}}', '2018-02-21 08:47:15', '2018-02-21 08:47:15', 'ac5e2385-3d73-4e22-b3f2-81b8924ec3bd'),
 ('15', '20', '3', '1', 'nl', '1', '', '{\"typeId\":null,\"authorId\":\"1\",\"title\":\"Dilan Tekin\",\"slug\":\"dilan-tekin\",\"postDate\":1519209396,\"expiryDate\":null,\"enabled\":1,\"parentId\":null,\"fields\":{\"1\":\"<p><b>Lorem ipsum<\\/b>. L&nbsp;<b>Lorem ipsum<\\/b>&nbsp;dolor sit amet, consectetuer adipiscing elit. Aenean commodo ligula eget dolor. Aenean massa. Cum sociis natoque penatibus et magnis dis parturient montes, nascetur ridiculus mus. Donec quam felis, ultricies nec, pellentesque eu, pretium quis, sem. Nulla consequat massa quis enim. Donec<\\/p>\",\"3\":[\"17\"],\"2\":\"\"}}', '2018-02-21 10:36:37', '2018-02-21 10:36:37', '5885ce51-c0eb-469c-961c-24add3495c24'),
 ('16', '21', '3', '1', 'nl', '1', '', '{\"typeId\":null,\"authorId\":\"1\",\"title\":\"Faya Milla\",\"slug\":\"faya-milla\",\"postDate\":1519209413,\"expiryDate\":null,\"enabled\":1,\"parentId\":null,\"fields\":{\"1\":\"<p><b>Lorem ipsum<\\/b>. L&nbsp;<b>Lorem ipsum<\\/b>&nbsp;dolor sit amet, consectetuer adipiscing elit. Aenean commodo ligula eget dolor. Aenean massa. Cum sociis natoque penatibus et magnis dis parturient montes, nascetur ridiculus mus. Donec quam felis, ultricies nec, pellentesque eu, pretium quis, sem. Nulla consequat massa quis enim. Donec<\\/p>\",\"3\":[\"18\"],\"2\":\"\"}}', '2018-02-21 10:36:53', '2018-02-21 10:36:53', '80eb88ae-d484-4568-ba92-034e48f43451'),
 ('17', '22', '3', '1', 'nl', '1', '', '{\"typeId\":null,\"authorId\":\"1\",\"title\":\"Remco Hoeneveld\",\"slug\":\"remco-hoeneveld\",\"postDate\":1519209426,\"expiryDate\":null,\"enabled\":1,\"parentId\":null,\"fields\":{\"1\":\"<p><b>Lorem ipsum<\\/b>. L&nbsp;<b>Lorem ipsum<\\/b>&nbsp;dolor sit amet, consectetuer adipiscing elit. Aenean commodo ligula eget dolor. Aenean massa. Cum sociis natoque penatibus et magnis dis parturient montes, nascetur ridiculus mus. Donec quam felis, ultricies nec, pellentesque eu, pretium quis, sem. Nulla consequat massa quis enim. Donec<\\/p>\",\"3\":[\"19\"],\"2\":\"\"}}', '2018-02-21 10:37:06', '2018-02-21 10:37:06', 'b64e3f36-e159-40bd-bbac-3fd261c3f168');



DROP TABLE IF EXISTS `craft_fieldgroups`;


--
-- Schema for table `craft_fieldgroups`
--
CREATE TABLE `craft_fieldgroups` (
  `id` int(11) NOT NULL AUTO_INCREMENT,
  `name` varchar(255) COLLATE utf8_unicode_ci NOT NULL,
  `dateCreated` datetime NOT NULL,
  `dateUpdated` datetime NOT NULL,
  `uid` char(36) COLLATE utf8_unicode_ci NOT NULL DEFAULT '0',
  PRIMARY KEY (`id`),
  UNIQUE KEY `craft_fieldgroups_name_unq_idx` (`name`)
) ENGINE=InnoDB AUTO_INCREMENT=2 DEFAULT CHARSET=utf8 COLLATE=utf8_unicode_ci;

--
-- Data for table `craft_fieldgroups`
--

INSERT INTO `craft_fieldgroups` (`id`, `name`, `dateCreated`, `dateUpdated`, `uid`) VALUES
 ('1', 'Default', '2018-02-20 09:10:18', '2018-02-20 09:10:18', '5684a1db-786c-4b9d-b891-bdab029ee960');



DROP TABLE IF EXISTS `craft_fieldlayoutfields`;


--
-- Schema for table `craft_fieldlayoutfields`
--
CREATE TABLE `craft_fieldlayoutfields` (
  `id` int(11) NOT NULL AUTO_INCREMENT,
  `layoutId` int(11) NOT NULL,
  `tabId` int(11) NOT NULL,
  `fieldId` int(11) NOT NULL,
  `required` tinyint(1) unsigned NOT NULL DEFAULT '0',
  `sortOrder` smallint(6) unsigned DEFAULT NULL,
  `dateCreated` datetime NOT NULL,
  `dateUpdated` datetime NOT NULL,
  `uid` char(36) COLLATE utf8_unicode_ci NOT NULL DEFAULT '0',
  PRIMARY KEY (`id`),
  UNIQUE KEY `craft_fieldlayoutfields_layoutId_fieldId_unq_idx` (`layoutId`,`fieldId`),
  KEY `craft_fieldlayoutfields_sortOrder_idx` (`sortOrder`),
  KEY `craft_fieldlayoutfields_tabId_fk` (`tabId`),
  KEY `craft_fieldlayoutfields_fieldId_fk` (`fieldId`)
) ENGINE=InnoDB AUTO_INCREMENT=27 DEFAULT CHARSET=utf8 COLLATE=utf8_unicode_ci;

--
-- Data for table `craft_fieldlayoutfields`
--

INSERT INTO `craft_fieldlayoutfields` (`id`, `layoutId`, `tabId`, `fieldId`, `required`, `sortOrder`, `dateCreated`, `dateUpdated`, `uid`) VALUES
 ('4', '13', '3', '1', '0', '1', '2018-02-21 08:26:25', '2018-02-21 08:26:25', 'c86325c1-ebc4-4a74-8d71-57cd3c944fc6'),
 ('5', '13', '3', '3', '0', '2', '2018-02-21 08:26:25', '2018-02-21 08:26:25', '2d60ca03-c70a-43cf-875b-5f74cb96c633'),
 ('6', '13', '3', '2', '0', '3', '2018-02-21 08:26:25', '2018-02-21 08:26:25', 'ea264af3-e208-429d-8c1c-7e06558d7bce'),
 ('10', '15', '5', '1', '1', '1', '2018-02-21 08:26:42', '2018-02-21 08:26:42', 'ded4ff33-14fa-4c64-980c-672044995e53'),
 ('11', '15', '5', '2', '0', '2', '2018-02-21 08:26:42', '2018-02-21 08:26:42', '9c1442ae-9d3a-4e15-b859-f9f8846ad4db'),
 ('12', '15', '5', '3', '1', '3', '2018-02-21 08:26:42', '2018-02-21 08:26:42', '14951f76-ac41-4831-a3f7-45f3c50a5bb6'),
 ('13', '16', '6', '1', '0', '1', '2018-02-21 08:27:04', '2018-02-21 08:27:04', '10cd1427-3d54-4a78-a6b6-025750b0a0e0'),
 ('14', '16', '6', '3', '1', '2', '2018-02-21 08:27:04', '2018-02-21 08:27:04', '52d85d51-d7a0-4480-bd94-a2cb6b5ec444'),
 ('15', '16', '6', '2', '0', '3', '2018-02-21 08:27:04', '2018-02-21 08:27:04', '4ce4b7a3-8229-431b-a391-7fe62617b0ad'),
 ('16', '17', '7', '1', '0', '1', '2018-02-21 08:27:39', '2018-02-21 08:27:39', '938a618c-c04e-4b4b-9823-87d5acf9472c'),
 ('17', '17', '7', '3', '0', '2', '2018-02-21 08:27:39', '2018-02-21 08:27:39', 'c26d0647-df02-43dd-9604-6cf408d888b1'),
 ('18', '17', '7', '2', '0', '3', '2018-02-21 08:27:39', '2018-02-21 08:27:39', 'be438577-b67b-426f-9bf2-e29a371e1d2c'),
 ('19', '18', '8', '1', '0', '1', '2018-02-21 08:27:57', '2018-02-21 08:27:57', 'bccb1b05-85a7-41be-9923-22c938976d36'),
 ('20', '18', '8', '3', '0', '2', '2018-02-21 08:27:57', '2018-02-21 08:27:57', 'e63b5403-2bbb-454b-ad85-9679a802d3f6'),
 ('21', '18', '8', '2', '0', '3', '2018-02-21 08:27:57', '2018-02-21 08:27:57', '0ce923b2-0007-4614-8367-5df0e2bc38c0'),
 ('22', '19', '9', '1', '0', '1', '2018-02-21 08:28:15', '2018-02-21 08:28:15', 'a5df8759-0c89-47cf-a7af-1ece12f55e1a'),
 ('23', '19', '9', '3', '0', '2', '2018-02-21 08:28:15', '2018-02-21 08:28:15', '80ed55ad-3a60-4650-ae9b-08dba690a95a'),
 ('24', '19', '9', '2', '0', '3', '2018-02-21 08:28:15', '2018-02-21 08:28:15', '875d5cad-5042-4a46-b0cd-908dc2b8f524'),
 ('25', '21', '10', '1', '1', '1', '2018-02-21 08:42:59', '2018-02-21 08:42:59', 'cf831441-fcf0-49b7-9d67-12898fc9b834'),
 ('26', '21', '10', '3', '0', '2', '2018-02-21 08:42:59', '2018-02-21 08:42:59', '6dafd3d7-a03e-49b0-a3ab-67e579c218ef');



DROP TABLE IF EXISTS `craft_fieldlayouts`;


--
-- Schema for table `craft_fieldlayouts`
--
CREATE TABLE `craft_fieldlayouts` (
  `id` int(11) NOT NULL AUTO_INCREMENT,
  `type` varchar(150) COLLATE utf8_unicode_ci NOT NULL,
  `dateCreated` datetime NOT NULL,
  `dateUpdated` datetime NOT NULL,
  `uid` char(36) COLLATE utf8_unicode_ci NOT NULL DEFAULT '0',
  PRIMARY KEY (`id`),
  KEY `craft_fieldlayouts_type_idx` (`type`)
) ENGINE=InnoDB AUTO_INCREMENT=22 DEFAULT CHARSET=utf8 COLLATE=utf8_unicode_ci;

--
-- Data for table `craft_fieldlayouts`
--

INSERT INTO `craft_fieldlayouts` (`id`, `type`, `dateCreated`, `dateUpdated`, `uid`) VALUES
 ('1', 'Tag', '2018-02-20 09:10:18', '2018-02-20 09:10:18', 'cafddc20-062c-48ca-94ba-2ed27481b497'),
 ('9', 'Entry', '2018-02-20 09:11:22', '2018-02-20 09:11:22', '1d794682-5646-48cf-8f79-22e39a17b9a3'),
 ('13', 'Entry', '2018-02-21 08:26:25', '2018-02-21 08:26:25', '5d7e5f0f-9a3c-4b37-9954-92ef14fa7d80'),
 ('15', 'Entry', '2018-02-21 08:26:42', '2018-02-21 08:26:42', 'ccf4770a-910e-418e-b399-b8d51337db10'),
 ('16', 'Entry', '2018-02-21 08:27:04', '2018-02-21 08:27:04', '35eef7aa-cdb0-440e-974e-12833d95f10c'),
 ('17', 'Entry', '2018-02-21 08:27:39', '2018-02-21 08:27:39', '5c524149-a223-4457-b378-ea1c4dfc4c21'),
 ('18', 'Entry', '2018-02-21 08:27:57', '2018-02-21 08:27:57', '95bee564-fe80-4b05-a3cd-6dda208621f3'),
 ('19', 'Entry', '2018-02-21 08:28:15', '2018-02-21 08:28:15', 'c1b0d240-9c25-4aa2-82d9-0ce68bcb76af'),
 ('20', 'Asset', '2018-02-21 08:31:19', '2018-02-21 08:31:19', 'cdbe91db-f67f-4e16-bbc8-dc7e5fc8a998'),
 ('21', 'Entry', '2018-02-21 08:42:59', '2018-02-21 08:42:59', '15212546-e208-4987-80ea-7158f5d7dec4');



DROP TABLE IF EXISTS `craft_fieldlayouttabs`;


--
-- Schema for table `craft_fieldlayouttabs`
--
CREATE TABLE `craft_fieldlayouttabs` (
  `id` int(11) NOT NULL AUTO_INCREMENT,
  `layoutId` int(11) NOT NULL,
  `name` varchar(255) COLLATE utf8_unicode_ci NOT NULL,
  `sortOrder` smallint(6) unsigned DEFAULT NULL,
  `dateCreated` datetime NOT NULL,
  `dateUpdated` datetime NOT NULL,
  `uid` char(36) COLLATE utf8_unicode_ci NOT NULL DEFAULT '0',
  PRIMARY KEY (`id`),
  KEY `craft_fieldlayouttabs_sortOrder_idx` (`sortOrder`),
  KEY `craft_fieldlayouttabs_layoutId_fk` (`layoutId`)
) ENGINE=InnoDB AUTO_INCREMENT=11 DEFAULT CHARSET=utf8 COLLATE=utf8_unicode_ci;

--
-- Data for table `craft_fieldlayouttabs`
--

INSERT INTO `craft_fieldlayouttabs` (`id`, `layoutId`, `name`, `sortOrder`, `dateCreated`, `dateUpdated`, `uid`) VALUES
 ('3', '13', 'shows', '1', '2018-02-21 08:26:25', '2018-02-21 08:26:25', 'f3cddcb2-3a74-4fcd-a3f3-5aa49808db15'),
 ('5', '15', 'Content', '1', '2018-02-21 08:26:42', '2018-02-21 08:26:42', '98a85eca-5d15-427f-938c-bb0126ecbb77'),
 ('6', '16', 'Media', '1', '2018-02-21 08:27:04', '2018-02-21 08:27:04', 'd44b8d73-30c4-4a78-b4a7-115e968e4591'),
 ('7', '17', 'Bands', '1', '2018-02-21 08:27:39', '2018-02-21 08:27:39', '034f7809-a1bf-4419-bef6-b504a01b63d8'),
 ('8', '18', 'Backline', '1', '2018-02-21 08:27:57', '2018-02-21 08:27:57', '187c9db3-86c7-41bf-9e3c-90824238a987'),
 ('9', '19', 'Artists', '1', '2018-02-21 08:28:15', '2018-02-21 08:28:15', 'c34b8393-859a-4c06-b923-4baabadcf7ff'),
 ('10', '21', 'Content', '1', '2018-02-21 08:42:59', '2018-02-21 08:42:59', '5d5ac2da-8fe9-46d2-95f6-f20ee0da9275');



DROP TABLE IF EXISTS `craft_fields`;


--
-- Schema for table `craft_fields`
--
CREATE TABLE `craft_fields` (
  `id` int(11) NOT NULL AUTO_INCREMENT,
  `groupId` int(11) DEFAULT NULL,
  `name` varchar(255) COLLATE utf8_unicode_ci NOT NULL,
  `handle` varchar(58) COLLATE utf8_unicode_ci NOT NULL,
  `context` varchar(255) COLLATE utf8_unicode_ci NOT NULL DEFAULT 'global',
  `instructions` text COLLATE utf8_unicode_ci,
  `translatable` tinyint(1) unsigned NOT NULL DEFAULT '0',
  `type` varchar(150) COLLATE utf8_unicode_ci NOT NULL,
  `settings` text COLLATE utf8_unicode_ci,
  `dateCreated` datetime NOT NULL,
  `dateUpdated` datetime NOT NULL,
  `uid` char(36) COLLATE utf8_unicode_ci NOT NULL DEFAULT '0',
  PRIMARY KEY (`id`),
  UNIQUE KEY `craft_fields_handle_context_unq_idx` (`handle`,`context`),
  KEY `craft_fields_context_idx` (`context`),
  KEY `craft_fields_groupId_fk` (`groupId`)
) ENGINE=InnoDB AUTO_INCREMENT=4 DEFAULT CHARSET=utf8 COLLATE=utf8_unicode_ci;

--
-- Data for table `craft_fields`
--

INSERT INTO `craft_fields` (`id`, `groupId`, `name`, `handle`, `context`, `instructions`, `translatable`, `type`, `settings`, `dateCreated`, `dateUpdated`, `uid`) VALUES
 ('1', '1', 'Body', 'body', 'global', NULL, '1', 'RichText', '{\"configFile\":\"Standard.json\",\"columnType\":\"text\"}', '2018-02-20 09:10:18', '2018-02-20 09:10:18', '7a3d4698-5faa-4081-ab74-8ad04b6c234b'),
 ('2', '1', 'Tags', 'tags', 'global', NULL, '0', 'Tags', '{\"source\":\"taggroup:1\"}', '2018-02-20 09:10:18', '2018-02-20 09:10:18', 'd0971727-1955-4062-ad98-9c9699df0828'),
 ('3', '1', 'FeatureImage', 'featureImage', 'global', '', '0', 'Assets', '{\"useSingleFolder\":\"\",\"sources\":[\"folder:1\"],\"defaultUploadLocationSource\":\"1\",\"defaultUploadLocationSubpath\":\"{slug}\",\"singleUploadLocationSource\":\"1\",\"singleUploadLocationSubpath\":\"\",\"restrictFiles\":\"1\",\"allowedKinds\":[\"image\"],\"limit\":\"\",\"viewMode\":\"large\",\"selectionLabel\":\"Voer hier uw afbeelding in\"}', '2018-02-21 08:25:08', '2018-02-21 08:25:38', '9e7eab95-4431-4ea6-a100-b2c9070dc225');



DROP TABLE IF EXISTS `craft_globalsets`;


--
-- Schema for table `craft_globalsets`
--
CREATE TABLE `craft_globalsets` (
  `id` int(11) NOT NULL,
  `name` varchar(255) COLLATE utf8_unicode_ci NOT NULL,
  `handle` varchar(255) COLLATE utf8_unicode_ci NOT NULL,
  `fieldLayoutId` int(10) DEFAULT NULL,
  `dateCreated` datetime NOT NULL,
  `dateUpdated` datetime NOT NULL,
  `uid` char(36) COLLATE utf8_unicode_ci NOT NULL DEFAULT '0',
  PRIMARY KEY (`id`),
  UNIQUE KEY `craft_globalsets_name_unq_idx` (`name`),
  UNIQUE KEY `craft_globalsets_handle_unq_idx` (`handle`),
  KEY `craft_globalsets_fieldLayoutId_fk` (`fieldLayoutId`)
) ENGINE=InnoDB DEFAULT CHARSET=utf8 COLLATE=utf8_unicode_ci;

DROP TABLE IF EXISTS `craft_info`;


--
-- Schema for table `craft_info`
--
CREATE TABLE `craft_info` (
  `id` int(11) NOT NULL AUTO_INCREMENT,
  `version` varchar(50) COLLATE utf8_unicode_ci NOT NULL,
  `schemaVersion` varchar(15) COLLATE utf8_unicode_ci NOT NULL,
  `edition` tinyint(1) unsigned NOT NULL DEFAULT '0',
  `siteName` varchar(100) COLLATE utf8_unicode_ci NOT NULL,
  `siteUrl` varchar(255) COLLATE utf8_unicode_ci NOT NULL,
  `timezone` varchar(30) COLLATE utf8_unicode_ci DEFAULT NULL,
  `on` tinyint(1) unsigned NOT NULL DEFAULT '0',
  `maintenance` tinyint(1) unsigned NOT NULL DEFAULT '0',
  `dateCreated` datetime NOT NULL,
  `dateUpdated` datetime NOT NULL,
  `uid` char(36) COLLATE utf8_unicode_ci NOT NULL DEFAULT '0',
  PRIMARY KEY (`id`)
) ENGINE=InnoDB AUTO_INCREMENT=2 DEFAULT CHARSET=utf8 COLLATE=utf8_unicode_ci;

--
-- Data for table `craft_info`
--

INSERT INTO `craft_info` (`id`, `version`, `schemaVersion`, `edition`, `siteName`, `siteUrl`, `timezone`, `on`, `maintenance`, `dateCreated`, `dateUpdated`, `uid`) VALUES
 ('1', '2.6.3009', '2.6.13', '0', 'Big Lion Promotions', 'http://biglion.local', 'UTC', '1', '1', '2018-02-20 09:10:16', '2018-02-21 14:33:45', '97dc9bbc-831a-4e83-96c3-24cc8d742313');



DROP TABLE IF EXISTS `craft_locales`;


--
-- Schema for table `craft_locales`
--
CREATE TABLE `craft_locales` (
  `locale` char(12) COLLATE utf8_unicode_ci NOT NULL,
  `sortOrder` smallint(6) unsigned DEFAULT NULL,
  `dateCreated` datetime NOT NULL,
  `dateUpdated` datetime NOT NULL,
  `uid` char(36) COLLATE utf8_unicode_ci NOT NULL DEFAULT '0',
  PRIMARY KEY (`locale`),
  KEY `craft_locales_sortOrder_idx` (`sortOrder`)
) ENGINE=InnoDB DEFAULT CHARSET=utf8 COLLATE=utf8_unicode_ci;

--
-- Data for table `craft_locales`
--

INSERT INTO `craft_locales` (`locale`, `sortOrder`, `dateCreated`, `dateUpdated`, `uid`) VALUES
 ('nl', '1', '2018-02-20 09:10:16', '2018-02-20 09:10:16', 'db674852-4216-491a-9370-8b8788ff9e3b');



DROP TABLE IF EXISTS `craft_matrixblocks`;


--
-- Schema for table `craft_matrixblocks`
--
CREATE TABLE `craft_matrixblocks` (
  `id` int(11) NOT NULL,
  `ownerId` int(11) NOT NULL,
  `fieldId` int(11) NOT NULL,
  `typeId` int(11) DEFAULT NULL,
  `sortOrder` smallint(6) unsigned DEFAULT NULL,
  `ownerLocale` char(12) COLLATE utf8_unicode_ci DEFAULT NULL,
  `dateCreated` datetime NOT NULL,
  `dateUpdated` datetime NOT NULL,
  `uid` char(36) COLLATE utf8_unicode_ci NOT NULL DEFAULT '0',
  PRIMARY KEY (`id`),
  KEY `craft_matrixblocks_ownerId_idx` (`ownerId`),
  KEY `craft_matrixblocks_fieldId_idx` (`fieldId`),
  KEY `craft_matrixblocks_typeId_idx` (`typeId`),
  KEY `craft_matrixblocks_sortOrder_idx` (`sortOrder`),
  KEY `craft_matrixblocks_ownerLocale_fk` (`ownerLocale`)
) ENGINE=InnoDB DEFAULT CHARSET=utf8 COLLATE=utf8_unicode_ci;

DROP TABLE IF EXISTS `craft_matrixblocktypes`;


--
-- Schema for table `craft_matrixblocktypes`
--
CREATE TABLE `craft_matrixblocktypes` (
  `id` int(11) NOT NULL AUTO_INCREMENT,
  `fieldId` int(11) NOT NULL,
  `fieldLayoutId` int(11) DEFAULT NULL,
  `name` varchar(255) COLLATE utf8_unicode_ci NOT NULL,
  `handle` varchar(255) COLLATE utf8_unicode_ci NOT NULL,
  `sortOrder` smallint(6) unsigned DEFAULT NULL,
  `dateCreated` datetime NOT NULL,
  `dateUpdated` datetime NOT NULL,
  `uid` char(36) COLLATE utf8_unicode_ci NOT NULL DEFAULT '0',
  PRIMARY KEY (`id`),
  UNIQUE KEY `craft_matrixblocktypes_name_fieldId_unq_idx` (`name`,`fieldId`),
  UNIQUE KEY `craft_matrixblocktypes_handle_fieldId_unq_idx` (`handle`,`fieldId`),
  KEY `craft_matrixblocktypes_fieldId_fk` (`fieldId`),
  KEY `craft_matrixblocktypes_fieldLayoutId_fk` (`fieldLayoutId`)
) ENGINE=InnoDB DEFAULT CHARSET=utf8 COLLATE=utf8_unicode_ci;

DROP TABLE IF EXISTS `craft_migrations`;


--
-- Schema for table `craft_migrations`
--
CREATE TABLE `craft_migrations` (
  `id` int(11) NOT NULL AUTO_INCREMENT,
  `pluginId` int(11) DEFAULT NULL,
  `version` varchar(255) COLLATE utf8_unicode_ci NOT NULL,
  `applyTime` datetime NOT NULL,
  `dateCreated` datetime NOT NULL,
  `dateUpdated` datetime NOT NULL,
  `uid` char(36) COLLATE utf8_unicode_ci NOT NULL DEFAULT '0',
  PRIMARY KEY (`id`),
  UNIQUE KEY `craft_migrations_version_unq_idx` (`version`),
  KEY `craft_migrations_pluginId_fk` (`pluginId`)
) ENGINE=InnoDB AUTO_INCREMENT=43 DEFAULT CHARSET=utf8 COLLATE=utf8_unicode_ci;

--
-- Data for table `craft_migrations`
--

INSERT INTO `craft_migrations` (`id`, `pluginId`, `version`, `applyTime`, `dateCreated`, `dateUpdated`, `uid`) VALUES
 ('1', NULL, 'm000000_000000_base', '2018-02-20 09:10:16', '2018-02-20 09:10:16', '2018-02-20 09:10:16', '29ad8ece-6486-4c26-adbc-f18db5b47ebb'),
 ('2', NULL, 'm140730_000001_add_filename_and_format_to_transformindex', '2018-02-20 09:10:16', '2018-02-20 09:10:16', '2018-02-20 09:10:16', '31a98008-b5a1-4933-8d60-d1b2ef7ce13b'),
 ('3', NULL, 'm140815_000001_add_format_to_transforms', '2018-02-20 09:10:16', '2018-02-20 09:10:16', '2018-02-20 09:10:16', '62442aa1-1952-4208-ae3c-e5e48cd6a295'),
 ('4', NULL, 'm140822_000001_allow_more_than_128_items_per_field', '2018-02-20 09:10:16', '2018-02-20 09:10:16', '2018-02-20 09:10:16', '265cc491-0415-4219-b392-c7b594a9bf1a'),
 ('5', NULL, 'm140829_000001_single_title_formats', '2018-02-20 09:10:16', '2018-02-20 09:10:16', '2018-02-20 09:10:16', 'e09abb32-b92a-4e7a-beb6-858deb6feda0'),
 ('6', NULL, 'm140831_000001_extended_cache_keys', '2018-02-20 09:10:16', '2018-02-20 09:10:16', '2018-02-20 09:10:16', 'bce70986-226b-4666-9bcd-b1b213250bc5'),
 ('7', NULL, 'm140922_000001_delete_orphaned_matrix_blocks', '2018-02-20 09:10:16', '2018-02-20 09:10:16', '2018-02-20 09:10:16', '71a91ed4-6a9d-40bb-8e4e-aa40df586ab9'),
 ('8', NULL, 'm141008_000001_elements_index_tune', '2018-02-20 09:10:16', '2018-02-20 09:10:16', '2018-02-20 09:10:16', 'ff88024c-3a35-42c9-885b-cc84b59136cd'),
 ('9', NULL, 'm141009_000001_assets_source_handle', '2018-02-20 09:10:16', '2018-02-20 09:10:16', '2018-02-20 09:10:16', 'f886f287-25b6-4bc0-9454-bc36adb83d99'),
 ('10', NULL, 'm141024_000001_field_layout_tabs', '2018-02-20 09:10:16', '2018-02-20 09:10:16', '2018-02-20 09:10:16', 'bee672b8-0739-431d-a96d-47c755b71c28'),
 ('11', NULL, 'm141030_000000_plugin_schema_versions', '2018-02-20 09:10:16', '2018-02-20 09:10:16', '2018-02-20 09:10:16', 'c6e59799-27c4-43b3-831d-813f14c0b5b1'),
 ('12', NULL, 'm141030_000001_drop_structure_move_permission', '2018-02-20 09:10:16', '2018-02-20 09:10:16', '2018-02-20 09:10:16', '6fa986d9-5090-4761-9c9f-422b3c24ce34'),
 ('13', NULL, 'm141103_000001_tag_titles', '2018-02-20 09:10:16', '2018-02-20 09:10:16', '2018-02-20 09:10:16', 'a53278a3-82a6-4676-8520-d07ce2284807'),
 ('14', NULL, 'm141109_000001_user_status_shuffle', '2018-02-20 09:10:16', '2018-02-20 09:10:16', '2018-02-20 09:10:16', '6aac7468-a103-4b4f-bc4e-f12d4cf5ade9'),
 ('15', NULL, 'm141126_000001_user_week_start_day', '2018-02-20 09:10:16', '2018-02-20 09:10:16', '2018-02-20 09:10:16', '508024c7-5c6e-42b5-84b5-399a7b9e2850'),
 ('16', NULL, 'm150210_000001_adjust_user_photo_size', '2018-02-20 09:10:16', '2018-02-20 09:10:16', '2018-02-20 09:10:16', '90193e1a-e119-4120-a319-e933a95396b5'),
 ('17', NULL, 'm150724_000001_adjust_quality_settings', '2018-02-20 09:10:16', '2018-02-20 09:10:16', '2018-02-20 09:10:16', 'c36f8e1a-73f4-4823-af45-306634f73c38'),
 ('18', NULL, 'm150827_000000_element_index_settings', '2018-02-20 09:10:16', '2018-02-20 09:10:16', '2018-02-20 09:10:16', '5c32c534-7115-4093-be81-928aedd82767'),
 ('19', NULL, 'm150918_000001_add_colspan_to_widgets', '2018-02-20 09:10:16', '2018-02-20 09:10:16', '2018-02-20 09:10:16', '1c52d9f4-a85f-4d71-9986-3486d42f803e'),
 ('20', NULL, 'm151007_000000_clear_asset_caches', '2018-02-20 09:10:16', '2018-02-20 09:10:16', '2018-02-20 09:10:16', '343deca6-416e-4be1-9c97-f5dce1b79c0b'),
 ('21', NULL, 'm151109_000000_text_url_formats', '2018-02-20 09:10:16', '2018-02-20 09:10:16', '2018-02-20 09:10:16', '703506b9-3fb5-471c-9ecd-e2014a846d36'),
 ('22', NULL, 'm151110_000000_move_logo', '2018-02-20 09:10:16', '2018-02-20 09:10:16', '2018-02-20 09:10:16', '82223bcc-f2f3-4272-bb96-da9649aa2b9d'),
 ('23', NULL, 'm151117_000000_adjust_image_widthheight', '2018-02-20 09:10:16', '2018-02-20 09:10:16', '2018-02-20 09:10:16', 'f84b9065-9cd3-4628-8bc2-662cb3dce49b'),
 ('24', NULL, 'm151127_000000_clear_license_key_status', '2018-02-20 09:10:16', '2018-02-20 09:10:16', '2018-02-20 09:10:16', 'a2c076ab-ae4a-490a-860b-0dbaf45d32b9'),
 ('25', NULL, 'm151127_000000_plugin_license_keys', '2018-02-20 09:10:16', '2018-02-20 09:10:16', '2018-02-20 09:10:16', '2145278a-612e-4f32-a181-49f5c25b7303'),
 ('26', NULL, 'm151130_000000_update_pt_widget_feeds', '2018-02-20 09:10:16', '2018-02-20 09:10:16', '2018-02-20 09:10:16', 'b853bd4e-e3b7-4428-a5e2-144d27505fe9'),
 ('27', NULL, 'm160114_000000_asset_sources_public_url_default_true', '2018-02-20 09:10:16', '2018-02-20 09:10:16', '2018-02-20 09:10:16', '2b56c8ac-ed4f-4572-b6c3-032e60e469a1'),
 ('28', NULL, 'm160223_000000_sortorder_to_smallint', '2018-02-20 09:10:16', '2018-02-20 09:10:16', '2018-02-20 09:10:16', '65e0eec5-6c88-4140-89b0-f7fa36158961'),
 ('29', NULL, 'm160229_000000_set_default_entry_statuses', '2018-02-20 09:10:16', '2018-02-20 09:10:16', '2018-02-20 09:10:16', 'efe3c6f5-71c4-48de-aad6-fac81b83f681'),
 ('30', NULL, 'm160304_000000_client_permissions', '2018-02-20 09:10:16', '2018-02-20 09:10:16', '2018-02-20 09:10:16', 'a046a048-c31b-4971-9a46-82963959dcee'),
 ('31', NULL, 'm160322_000000_asset_filesize', '2018-02-20 09:10:16', '2018-02-20 09:10:16', '2018-02-20 09:10:16', '09218b54-ec89-4cf1-bc3b-a97097e3e58c'),
 ('32', NULL, 'm160503_000000_orphaned_fieldlayouts', '2018-02-20 09:10:16', '2018-02-20 09:10:16', '2018-02-20 09:10:16', '19fa3e94-54c4-4260-b3ed-f34ef6222bb5'),
 ('33', NULL, 'm160510_000000_tasksettings', '2018-02-20 09:10:16', '2018-02-20 09:10:16', '2018-02-20 09:10:16', '2cbe968b-539b-46af-9cb8-912f15917ae4'),
 ('34', NULL, 'm160829_000000_pending_user_content_cleanup', '2018-02-20 09:10:16', '2018-02-20 09:10:16', '2018-02-20 09:10:16', '44480f06-66fa-4d41-aef9-4b48c1860c2a'),
 ('35', NULL, 'm160830_000000_asset_index_uri_increase', '2018-02-20 09:10:16', '2018-02-20 09:10:16', '2018-02-20 09:10:16', 'ed2b3986-301c-4648-9d31-9c047d5405bd'),
 ('36', NULL, 'm160919_000000_usergroup_handle_title_unique', '2018-02-20 09:10:16', '2018-02-20 09:10:16', '2018-02-20 09:10:16', '8e8ec21f-3539-4a5d-be58-ddedb51de9ab'),
 ('37', NULL, 'm161108_000000_new_version_format', '2018-02-20 09:10:16', '2018-02-20 09:10:16', '2018-02-20 09:10:16', '2b807284-3248-41bf-b943-af311f1d50aa'),
 ('38', NULL, 'm161109_000000_index_shuffle', '2018-02-20 09:10:16', '2018-02-20 09:10:16', '2018-02-20 09:10:16', '408b7dbd-6300-40bf-8e71-e79fa46f3f0a'),
 ('39', NULL, 'm170612_000000_route_index_shuffle', '2018-02-20 09:10:16', '2018-02-20 09:10:16', '2018-02-20 09:10:16', 'e7654ca7-ce6d-4df0-8904-61250e621124'),
 ('40', NULL, 'm171107_000000_assign_group_permissions', '2018-02-20 09:10:16', '2018-02-20 09:10:16', '2018-02-20 09:10:16', '59fc5c84-2509-48c6-a14e-0afeb032da83'),
 ('41', NULL, 'm171117_000001_templatecache_index_tune', '2018-02-20 09:10:16', '2018-02-20 09:10:16', '2018-02-20 09:10:16', 'a9af9765-38d3-49f6-8ddb-e11604548cb1'),
 ('42', NULL, 'm171204_000001_templatecache_index_tune_deux', '2018-02-20 09:10:16', '2018-02-20 09:10:16', '2018-02-20 09:10:16', '09f256b6-5e6d-4150-a70e-eb7172625f3c');



DROP TABLE IF EXISTS `craft_plugins`;


--
-- Schema for table `craft_plugins`
--
CREATE TABLE `craft_plugins` (
  `id` int(11) NOT NULL AUTO_INCREMENT,
  `class` varchar(150) COLLATE utf8_unicode_ci NOT NULL,
  `version` varchar(15) COLLATE utf8_unicode_ci NOT NULL,
  `schemaVersion` varchar(15) COLLATE utf8_unicode_ci DEFAULT NULL,
  `licenseKey` char(24) COLLATE utf8_unicode_ci DEFAULT NULL,
  `licenseKeyStatus` enum('valid','invalid','mismatched','unknown') COLLATE utf8_unicode_ci NOT NULL DEFAULT 'unknown',
  `enabled` tinyint(1) unsigned NOT NULL DEFAULT '0',
  `settings` text COLLATE utf8_unicode_ci,
  `installDate` datetime NOT NULL,
  `dateCreated` datetime NOT NULL,
  `dateUpdated` datetime NOT NULL,
  `uid` char(36) COLLATE utf8_unicode_ci NOT NULL DEFAULT '0',
  PRIMARY KEY (`id`)
) ENGINE=InnoDB DEFAULT CHARSET=utf8 COLLATE=utf8_unicode_ci;

DROP TABLE IF EXISTS `craft_rackspaceaccess`;


--
-- Schema for table `craft_rackspaceaccess`
--
CREATE TABLE `craft_rackspaceaccess` (
  `id` int(11) NOT NULL AUTO_INCREMENT,
  `connectionKey` varchar(255) COLLATE utf8_unicode_ci NOT NULL,
  `token` varchar(255) COLLATE utf8_unicode_ci NOT NULL,
  `storageUrl` varchar(255) COLLATE utf8_unicode_ci NOT NULL,
  `cdnUrl` varchar(255) COLLATE utf8_unicode_ci NOT NULL,
  `dateCreated` datetime NOT NULL,
  `dateUpdated` datetime NOT NULL,
  `uid` char(36) COLLATE utf8_unicode_ci NOT NULL DEFAULT '0',
  PRIMARY KEY (`id`),
  UNIQUE KEY `craft_rackspaceaccess_connectionKey_unq_idx` (`connectionKey`)
) ENGINE=InnoDB DEFAULT CHARSET=utf8 COLLATE=utf8_unicode_ci;

DROP TABLE IF EXISTS `craft_relations`;


--
-- Schema for table `craft_relations`
--
CREATE TABLE `craft_relations` (
  `id` int(11) NOT NULL AUTO_INCREMENT,
  `fieldId` int(11) NOT NULL,
  `sourceId` int(11) NOT NULL,
  `sourceLocale` char(12) COLLATE utf8_unicode_ci DEFAULT NULL,
  `targetId` int(11) NOT NULL,
  `sortOrder` smallint(6) DEFAULT NULL,
  `dateCreated` datetime NOT NULL,
  `dateUpdated` datetime NOT NULL,
  `uid` char(36) COLLATE utf8_unicode_ci NOT NULL DEFAULT '0',
  PRIMARY KEY (`id`),
  UNIQUE KEY `craft_relations_fieldId_sourceId_sourceLocale_targetId_unq_idx` (`fieldId`,`sourceId`,`sourceLocale`,`targetId`),
  KEY `craft_relations_sourceId_fk` (`sourceId`),
  KEY `craft_relations_sourceLocale_fk` (`sourceLocale`),
  KEY `craft_relations_targetId_fk` (`targetId`)
) ENGINE=InnoDB AUTO_INCREMENT=11 DEFAULT CHARSET=utf8 COLLATE=utf8_unicode_ci;

--
-- Data for table `craft_relations`
--

INSERT INTO `craft_relations` (`id`, `fieldId`, `sourceId`, `sourceLocale`, `targetId`, `sortOrder`, `dateCreated`, `dateUpdated`, `uid`) VALUES
 ('1', '3', '10', NULL, '5', '1', '2018-02-21 08:31:54', '2018-02-21 08:31:54', 'ed45f775-8198-4433-b976-0a3ef2984a07'),
 ('2', '3', '11', NULL, '7', '1', '2018-02-21 08:32:24', '2018-02-21 08:32:24', 'b1ef3d15-da6c-43c1-865d-dd5136ad4f78'),
 ('3', '3', '12', NULL, '6', '1', '2018-02-21 08:32:39', '2018-02-21 08:32:39', '9472049a-9918-42c2-925a-a1759f9d874e'),
 ('4', '3', '13', NULL, '8', '1', '2018-02-21 08:33:01', '2018-02-21 08:33:01', '242345fa-0e71-47d6-9c85-9dc29a498109'),
 ('5', '3', '14', NULL, '9', '1', '2018-02-21 08:33:20', '2018-02-21 08:33:20', '986fc6c2-72fb-49da-8e61-71d62507e4ea'),
 ('7', '3', '2', NULL, '16', '1', '2018-02-21 08:47:15', '2018-02-21 08:47:15', '31a1f03c-062d-4647-924e-395e3218300d'),
 ('8', '3', '20', NULL, '17', '1', '2018-02-21 10:36:37', '2018-02-21 10:36:37', 'f05529b7-c489-4def-b93a-14bf52d39fcf'),
 ('9', '3', '21', NULL, '18', '1', '2018-02-21 10:36:53', '2018-02-21 10:36:53', '9fdf07bb-ba4d-49db-9581-27d31f4de4d5'),
 ('10', '3', '22', NULL, '19', '1', '2018-02-21 10:37:06', '2018-02-21 10:37:06', 'c19c1ae7-e3a4-42a5-b5aa-9c4c2af6ce89');



DROP TABLE IF EXISTS `craft_routes`;


--
-- Schema for table `craft_routes`
--
CREATE TABLE `craft_routes` (
  `id` int(11) NOT NULL AUTO_INCREMENT,
  `locale` char(12) COLLATE utf8_unicode_ci DEFAULT NULL,
  `urlParts` varchar(255) COLLATE utf8_unicode_ci NOT NULL,
  `urlPattern` varchar(255) COLLATE utf8_unicode_ci NOT NULL,
  `template` varchar(255) COLLATE utf8_unicode_ci NOT NULL,
  `sortOrder` smallint(6) unsigned DEFAULT NULL,
  `dateCreated` datetime NOT NULL,
  `dateUpdated` datetime NOT NULL,
  `uid` char(36) COLLATE utf8_unicode_ci NOT NULL DEFAULT '0',
  PRIMARY KEY (`id`),
  KEY `craft_routes_locale_idx` (`locale`),
  KEY `craft_routes_urlPattern_idx` (`urlPattern`)
) ENGINE=InnoDB DEFAULT CHARSET=utf8 COLLATE=utf8_unicode_ci;

DROP TABLE IF EXISTS `craft_searchindex`;


--
-- Schema for table `craft_searchindex`
--
CREATE TABLE `craft_searchindex` (
  `elementId` int(11) NOT NULL,
  `attribute` varchar(25) COLLATE utf8_unicode_ci NOT NULL,
  `fieldId` int(11) NOT NULL,
  `locale` char(12) COLLATE utf8_unicode_ci NOT NULL,
  `keywords` text COLLATE utf8_unicode_ci NOT NULL,
  PRIMARY KEY (`elementId`,`attribute`,`fieldId`,`locale`),
  FULLTEXT KEY `craft_searchindex_keywords_idx` (`keywords`)
) ENGINE=MyISAM DEFAULT CHARSET=utf8 COLLATE=utf8_unicode_ci;

--
-- Data for table `craft_searchindex`
--

INSERT INTO `craft_searchindex` (`elementId`, `attribute`, `fieldId`, `locale`, `keywords`) VALUES
 ('1', 'username', '0', 'nl', ' remcohoeneveld '),
 ('1', 'firstname', '0', 'nl', ''),
 ('1', 'lastname', '0', 'nl', ''),
 ('1', 'fullname', '0', 'nl', ''),
 ('1', 'email', '0', 'nl', ' remcohoeneveld gmail com '),
 ('1', 'slug', '0', 'nl', ''),
 ('2', 'slug', '0', 'nl', ' homepage '),
 ('2', 'title', '0', 'nl', ' welcome to big lion promotions '),
 ('2', 'field', '1', 'nl', ' lorem ipsum is simply dummy text of the printing and typesetting industry lorem ipsum has been the industry s standard dummy text ever since the 1500s when an unknown printer took a galley of type and scrambled it to make a type specimen book it has survived not only five centuries but also the leap into electronic typesetting remaining essentially unchanged it was popularised in the 1960s with the release of letraset sheets containing lorem ipsum passages and more recently with desktop publishing software like aldus pagemaker including versions of lorem ipsum '),
 ('3', 'field', '1', 'nl', ' lorem ipsum is simply dummy text of the printing and typesetting industry lorem ipsum has been the industry s standard dummy text ever since the 1500s when an unknown printer took a galley of type and scrambled it to make a type specimen book it has survived not only five centuries but also the leap into electronic typesetting remaining essentially unchanged it was popularised in the 1960s with the release of letraset sheets containing lorem ipsum passages and more recently with desktop publishing software like aldus pagemaker including versions of lorem ipsum it is a long established fact that a reader will be distracted by the readable content of a page when looking at its layout the point of using lorem ipsum is that it has a more or less normal distribution of letters as opposed to using content here content here making it look like readable english many desktop publishing packages and web page editors now use lorem ipsum as their default model text and a search for lorem ipsum will uncover many web sites still in their infancy various versions have evolved over the years sometimes by accident sometimes on purpose injected humour and the like '),
 ('3', 'field', '2', 'nl', ''),
 ('3', 'slug', '0', 'nl', ' we just installed craft '),
 ('3', 'title', '0', 'nl', ' the band is now back toghether '),
 ('4', 'slug', '0', 'nl', ' contact '),
 ('4', 'title', '0', 'nl', ' contact '),
 ('16', 'title', '0', 'nl', ' 20139960 756858411160693 1824294467137751100 n '),
 ('16', 'slug', '0', 'nl', ' 20139960 756858411160693 1824294467137751100 n '),
 ('16', 'kind', '0', 'nl', ' image '),
 ('16', 'filename', '0', 'nl', ' 20139960_756858411160693_1824294467137751100_n jpg '),
 ('16', 'extension', '0', 'nl', ' jpg '),
 ('2', 'field', '3', 'nl', ' 20139960 756858411160693 1824294467137751100 n '),
 ('17', 'filename', '0', 'nl', ' dilan jpg '),
 ('17', 'extension', '0', 'nl', ' jpg '),
 ('17', 'kind', '0', 'nl', ' image '),
 ('5', 'filename', '0', 'nl', ' jamaicapr6_2_14p02h jpg '),
 ('5', 'extension', '0', 'nl', ' jpg '),
 ('5', 'kind', '0', 'nl', ' image '),
 ('5', 'slug', '0', 'nl', ' jamaica pr6 2 14 p02 h '),
 ('5', 'title', '0', 'nl', ' jamaica pr6 2 14 p02 h '),
 ('6', 'filename', '0', 'nl', ' maxresdefault 1 jpg '),
 ('6', 'extension', '0', 'nl', ' jpg '),
 ('6', 'kind', '0', 'nl', ' image '),
 ('6', 'slug', '0', 'nl', ' maxresdefault 1 '),
 ('6', 'title', '0', 'nl', ' maxresdefault 1 '),
 ('7', 'filename', '0', 'nl', ' maxresdefault jpg '),
 ('7', 'extension', '0', 'nl', ' jpg '),
 ('7', 'kind', '0', 'nl', ' image '),
 ('7', 'slug', '0', 'nl', ' maxresdefault '),
 ('7', 'title', '0', 'nl', ' maxresdefault '),
 ('8', 'filename', '0', 'nl', ' reggae night jpg '),
 ('8', 'extension', '0', 'nl', ' jpg '),
 ('8', 'kind', '0', 'nl', ' image '),
 ('8', 'slug', '0', 'nl', ' reggae night '),
 ('8', 'title', '0', 'nl', ' reggae night '),
 ('9', 'filename', '0', 'nl', ' stephenziggymarley jpg '),
 ('9', 'extension', '0', 'nl', ' jpg '),
 ('9', 'kind', '0', 'nl', ' image '),
 ('9', 'slug', '0', 'nl', ' stephen ziggy marley '),
 ('9', 'title', '0', 'nl', ' stephen ziggy marley '),
 ('10', 'field', '1', 'nl', ' lorem ipsum is simply dummy text of the printing and typesetting industry lorem ipsum has been the industry s standard dummy text ever since the 1500s when an unknown printer took a galley of type and scrambled it to make a type specimen book it has survived not only five centuries but also the leap into electronic typesetting remaining essentially unchanged it was popularised in the 1960s with the release of letraset sheets containing lorem ipsum passages and more recently with desktop publishing software like aldus pagemaker including versions of lorem ipsum '),
 ('10', 'field', '3', 'nl', ' jamaica pr6 2 14 p02 h '),
 ('10', 'field', '2', 'nl', ''),
 ('10', 'slug', '0', 'nl', ' jamaica p4 '),
 ('10', 'title', '0', 'nl', ' jamaica p4 '),
 ('11', 'field', '1', 'nl', ' lorem ipsum is simply dummy text of the printing and typesetting industry lorem ipsum has been the industry s standard dummy text ever since the 1500s when an unknown printer took a galley of type and scrambled it to make a type specimen book it has survived not only five centuries but also the leap into electronic typesetting remaining essentially unchanged it was popularised in the 1960s with the release of letraset sheets containing lorem ipsum passages and more recently with desktop publishing software like aldus pagemaker including versions of lorem ipsum '),
 ('11', 'field', '3', 'nl', ' maxresdefault '),
 ('11', 'field', '2', 'nl', ''),
 ('11', 'slug', '0', 'nl', ' summerjam 2017 '),
 ('11', 'title', '0', 'nl', ' summerjam 2017 '),
 ('12', 'field', '1', 'nl', ' lorem ipsum is simply dummy text of the printing and typesetting industry lorem ipsum has been the industry s standard dummy text ever since the 1500s when an unknown printer took a galley of type and scrambled it to make a type specimen book it has survived not only five centuries but also the leap into electronic typesetting remaining essentially unchanged it was popularised in the 1960s with the release of letraset sheets containing lorem ipsum passages and more recently with desktop publishing software like aldus pagemaker including versions of lorem ipsum '),
 ('12', 'field', '3', 'nl', ' maxresdefault 1 '),
 ('12', 'field', '2', 'nl', ''),
 ('12', 'slug', '0', 'nl', ' reggae night '),
 ('12', 'title', '0', 'nl', ' reggae night '),
 ('13', 'field', '1', 'nl', ' lorem ipsum is simply dummy text of the printing and typesetting industry lorem ipsum has been the industry s standard dummy text ever since the 1500s when an unknown printer took a galley of type and scrambled it to make a type specimen book it has survived not only five centuries but also the leap into electronic typesetting remaining essentially unchanged it was popularised in the 1960s with the release of letraset sheets containing lorem ipsum passages and more recently with desktop publishing software like aldus pagemaker including versions of lorem ipsum '),
 ('13', 'field', '3', 'nl', ' reggae night '),
 ('13', 'field', '2', 'nl', ''),
 ('13', 'slug', '0', 'nl', ' jam around the world '),
 ('13', 'title', '0', 'nl', ' jam around the world '),
 ('14', 'field', '1', 'nl', ' lorem ipsum is simply dummy text of the printing and typesetting industry lorem ipsum has been the industry s standard dummy text ever since the 1500s when an unknown printer took a galley of type and scrambled it to make a type specimen book it has survived not only five centuries but also the leap into electronic typesetting remaining essentially unchanged it was popularised in the 1960s with the release of letraset sheets containing lorem ipsum passages and more recently with desktop publishing software like aldus pagemaker including versions of lorem ipsum '),
 ('14', 'field', '3', 'nl', ' stephen ziggy marley '),
 ('14', 'field', '2', 'nl', ''),
 ('14', 'slug', '0', 'nl', ' ziggy marley ziggodome '),
 ('14', 'title', '0', 'nl', ' ziggy marley ziggodome '),
 ('17', 'slug', '0', 'nl', ' dilan '),
 ('17', 'title', '0', 'nl', ' dilan '),
 ('18', 'filename', '0', 'nl', ' faya milla ellis moore jpg '),
 ('18', 'extension', '0', 'nl', ' jpg '),
 ('18', 'kind', '0', 'nl', ' image '),
 ('18', 'slug', '0', 'nl', ' faya milla ellis moore '),
 ('18', 'title', '0', 'nl', ' faya milla ellis moore '),
 ('19', 'filename', '0', 'nl', ' remco hoeneveld jpg '),
 ('19', 'extension', '0', 'nl', ' jpg '),
 ('19', 'kind', '0', 'nl', ' image '),
 ('19', 'slug', '0', 'nl', ' remco hoeneveld '),
 ('19', 'title', '0', 'nl', ' remco hoeneveld '),
 ('20', 'field', '1', 'nl', ' lorem ipsum l lorem ipsum dolor sit amet consectetuer adipiscing elit aenean commodo ligula eget dolor aenean massa cum sociis natoque penatibus et magnis dis parturient montes nascetur ridiculus mus donec quam felis ultricies nec pellentesque eu pretium quis sem nulla consequat massa quis enim donec '),
 ('20', 'field', '3', 'nl', ' dilan '),
 ('20', 'field', '2', 'nl', ''),
 ('20', 'slug', '0', 'nl', ' dilan tekin '),
 ('20', 'title', '0', 'nl', ' dilan tekin '),
 ('21', 'field', '1', 'nl', ' lorem ipsum l lorem ipsum dolor sit amet consectetuer adipiscing elit aenean commodo ligula eget dolor aenean massa cum sociis natoque penatibus et magnis dis parturient montes nascetur ridiculus mus donec quam felis ultricies nec pellentesque eu pretium quis sem nulla consequat massa quis enim donec '),
 ('21', 'field', '3', 'nl', ' faya milla ellis moore '),
 ('21', 'field', '2', 'nl', ''),
 ('21', 'slug', '0', 'nl', ' faya milla '),
 ('21', 'title', '0', 'nl', ' faya milla '),
 ('22', 'field', '1', 'nl', ' lorem ipsum l lorem ipsum dolor sit amet consectetuer adipiscing elit aenean commodo ligula eget dolor aenean massa cum sociis natoque penatibus et magnis dis parturient montes nascetur ridiculus mus donec quam felis ultricies nec pellentesque eu pretium quis sem nulla consequat massa quis enim donec '),
 ('22', 'field', '3', 'nl', ' remco hoeneveld '),
 ('22', 'field', '2', 'nl', ''),
 ('22', 'slug', '0', 'nl', ' remco hoeneveld ');
INSERT INTO `craft_searchindex` (`elementId`, `attribute`, `fieldId`, `locale`, `keywords`) VALUES
 ('22', 'title', '0', 'nl', ' remco hoeneveld ');



DROP TABLE IF EXISTS `craft_sections`;


--
-- Schema for table `craft_sections`
--
CREATE TABLE `craft_sections` (
  `id` int(11) NOT NULL AUTO_INCREMENT,
  `structureId` int(11) DEFAULT NULL,
  `name` varchar(255) COLLATE utf8_unicode_ci NOT NULL,
  `handle` varchar(255) COLLATE utf8_unicode_ci NOT NULL,
  `type` enum('single','channel','structure') COLLATE utf8_unicode_ci NOT NULL DEFAULT 'channel',
  `hasUrls` tinyint(1) unsigned NOT NULL DEFAULT '1',
  `template` varchar(500) COLLATE utf8_unicode_ci DEFAULT NULL,
  `enableVersioning` tinyint(1) unsigned NOT NULL DEFAULT '0',
  `dateCreated` datetime NOT NULL,
  `dateUpdated` datetime NOT NULL,
  `uid` char(36) COLLATE utf8_unicode_ci NOT NULL DEFAULT '0',
  PRIMARY KEY (`id`),
  UNIQUE KEY `craft_sections_name_unq_idx` (`name`),
  UNIQUE KEY `craft_sections_handle_unq_idx` (`handle`),
  KEY `craft_sections_structureId_fk` (`structureId`)
) ENGINE=InnoDB AUTO_INCREMENT=9 DEFAULT CHARSET=utf8 COLLATE=utf8_unicode_ci;

--
-- Data for table `craft_sections`
--

INSERT INTO `craft_sections` (`id`, `structureId`, `name`, `handle`, `type`, `hasUrls`, `template`, `enableVersioning`, `dateCreated`, `dateUpdated`, `uid`) VALUES
 ('1', NULL, 'Homepage', 'homepage', 'single', '1', 'index', '1', '2018-02-20 09:10:18', '2018-02-20 09:10:18', '0ad879e6-afc0-4038-ad5e-21c9aa47f733'),
 ('2', NULL, 'News', 'news', 'channel', '1', 'news/_entry', '1', '2018-02-20 09:10:18', '2018-02-20 09:10:18', 'a63035da-b90f-4580-a2ce-ac8d8ebf665b'),
 ('3', NULL, 'artists', 'artists', 'channel', '1', 'artists/_entry', '1', '2018-02-20 09:10:52', '2018-02-20 09:10:52', '20e73e21-7ac8-416b-9b1b-24eebb698cf7'),
 ('4', NULL, 'backline', 'backline', 'channel', '1', 'backline/_entry', '1', '2018-02-20 09:11:00', '2018-02-20 09:11:00', 'a7e86c82-736c-4ea6-bb70-8ced68f98b5d'),
 ('5', NULL, 'bands', 'bands', 'channel', '1', 'bands/_entry', '1', '2018-02-20 09:11:10', '2018-02-20 09:11:10', '48b945ee-e3c8-47ad-907b-350e5a25db01'),
 ('6', NULL, 'contact', 'contact', 'single', '1', 'contact', '1', '2018-02-20 09:11:22', '2018-02-20 09:11:22', '1abedbaa-fd68-43a0-a6ef-dc19d400f9ea'),
 ('7', NULL, 'media', 'media', 'channel', '1', 'media/_entry', '1', '2018-02-20 09:11:37', '2018-02-20 09:11:37', '9c8ae337-c1e5-47d9-9be5-4b937aa395e2'),
 ('8', NULL, 'shows', 'shows', 'channel', '1', 'shows/_entry', '1', '2018-02-20 09:11:42', '2018-02-20 09:11:42', '6a2afd82-a9aa-4ba0-80fd-69d3d8a8bd98');



DROP TABLE IF EXISTS `craft_sections_i18n`;


--
-- Schema for table `craft_sections_i18n`
--
CREATE TABLE `craft_sections_i18n` (
  `id` int(11) NOT NULL AUTO_INCREMENT,
  `sectionId` int(11) NOT NULL,
  `locale` char(12) COLLATE utf8_unicode_ci NOT NULL,
  `enabledByDefault` tinyint(1) unsigned NOT NULL DEFAULT '1',
  `urlFormat` text COLLATE utf8_unicode_ci,
  `nestedUrlFormat` text COLLATE utf8_unicode_ci,
  `dateCreated` datetime NOT NULL,
  `dateUpdated` datetime NOT NULL,
  `uid` char(36) COLLATE utf8_unicode_ci NOT NULL DEFAULT '0',
  PRIMARY KEY (`id`),
  UNIQUE KEY `craft_sections_i18n_sectionId_locale_unq_idx` (`sectionId`,`locale`),
  KEY `craft_sections_i18n_locale_fk` (`locale`)
) ENGINE=InnoDB AUTO_INCREMENT=9 DEFAULT CHARSET=utf8 COLLATE=utf8_unicode_ci;

--
-- Data for table `craft_sections_i18n`
--

INSERT INTO `craft_sections_i18n` (`id`, `sectionId`, `locale`, `enabledByDefault`, `urlFormat`, `nestedUrlFormat`, `dateCreated`, `dateUpdated`, `uid`) VALUES
 ('1', '1', 'nl', '1', '__home__', NULL, '2018-02-20 09:10:18', '2018-02-20 09:10:18', '9b1eaba8-2652-49de-976d-bfd62f275fef'),
 ('2', '2', 'nl', '1', 'news/{postDate.year}/{slug}', NULL, '2018-02-20 09:10:18', '2018-02-20 09:10:18', '32250ba5-0da6-4e5c-a06c-9933035d14b7'),
 ('3', '3', 'nl', '1', 'artists/{slug}', NULL, '2018-02-20 09:10:52', '2018-02-20 09:10:52', '50ede71e-168e-4a25-a78a-397e02598a39'),
 ('4', '4', 'nl', '1', 'backline/{slug}', NULL, '2018-02-20 09:11:00', '2018-02-20 09:11:00', '66e1c406-25df-4470-8fed-d286f935d48d'),
 ('5', '5', 'nl', '1', 'bands/{slug}', NULL, '2018-02-20 09:11:10', '2018-02-20 09:11:10', 'ccd71f4f-d3d4-43b3-9c3b-8dcd126c86bc'),
 ('6', '6', 'nl', '1', 'contact', NULL, '2018-02-20 09:11:22', '2018-02-20 09:11:22', 'e91ac867-4cbb-4d4e-a286-c47ece68b0fb'),
 ('7', '7', 'nl', '1', 'media/{slug}', NULL, '2018-02-20 09:11:37', '2018-02-20 09:11:37', '8ceb05f4-1a6e-4d71-83fe-e76ac7d17310'),
 ('8', '8', 'nl', '1', 'shows/{slug}', NULL, '2018-02-20 09:11:42', '2018-02-20 09:11:42', '2f183f74-ac13-428d-9c77-821a72b2e605');



DROP TABLE IF EXISTS `craft_sessions`;


--
-- Schema for table `craft_sessions`
--
CREATE TABLE `craft_sessions` (
  `id` int(11) NOT NULL AUTO_INCREMENT,
  `userId` int(11) NOT NULL,
  `token` char(100) COLLATE utf8_unicode_ci NOT NULL,
  `dateCreated` datetime NOT NULL,
  `dateUpdated` datetime NOT NULL,
  `uid` char(36) COLLATE utf8_unicode_ci NOT NULL DEFAULT '0',
  PRIMARY KEY (`id`),
  KEY `craft_sessions_uid_idx` (`uid`),
  KEY `craft_sessions_token_idx` (`token`),
  KEY `craft_sessions_dateUpdated_idx` (`dateUpdated`),
  KEY `craft_sessions_userId_fk` (`userId`)
) ENGINE=InnoDB AUTO_INCREMENT=6 DEFAULT CHARSET=utf8 COLLATE=utf8_unicode_ci;

DROP TABLE IF EXISTS `craft_shunnedmessages`;


--
-- Schema for table `craft_shunnedmessages`
--
CREATE TABLE `craft_shunnedmessages` (
  `id` int(11) NOT NULL AUTO_INCREMENT,
  `userId` int(11) NOT NULL,
  `message` varchar(255) COLLATE utf8_unicode_ci NOT NULL,
  `expiryDate` datetime DEFAULT NULL,
  `dateCreated` datetime NOT NULL,
  `dateUpdated` datetime NOT NULL,
  `uid` char(36) COLLATE utf8_unicode_ci NOT NULL DEFAULT '0',
  PRIMARY KEY (`id`),
  UNIQUE KEY `craft_shunnedmessages_userId_message_unq_idx` (`userId`,`message`)
) ENGINE=InnoDB DEFAULT CHARSET=utf8 COLLATE=utf8_unicode_ci;

DROP TABLE IF EXISTS `craft_structureelements`;


--
-- Schema for table `craft_structureelements`
--
CREATE TABLE `craft_structureelements` (
  `id` int(11) NOT NULL AUTO_INCREMENT,
  `structureId` int(11) NOT NULL,
  `elementId` int(11) DEFAULT NULL,
  `root` int(11) unsigned DEFAULT NULL,
  `lft` int(11) unsigned NOT NULL,
  `rgt` int(11) unsigned NOT NULL,
  `level` smallint(6) unsigned NOT NULL,
  `dateCreated` datetime NOT NULL,
  `dateUpdated` datetime NOT NULL,
  `uid` char(36) COLLATE utf8_unicode_ci NOT NULL DEFAULT '0',
  PRIMARY KEY (`id`),
  UNIQUE KEY `craft_structureelements_structureId_elementId_unq_idx` (`structureId`,`elementId`),
  KEY `craft_structureelements_root_idx` (`root`),
  KEY `craft_structureelements_lft_idx` (`lft`),
  KEY `craft_structureelements_rgt_idx` (`rgt`),
  KEY `craft_structureelements_level_idx` (`level`),
  KEY `craft_structureelements_elementId_fk` (`elementId`)
) ENGINE=InnoDB DEFAULT CHARSET=utf8 COLLATE=utf8_unicode_ci;

DROP TABLE IF EXISTS `craft_structures`;


--
-- Schema for table `craft_structures`
--
CREATE TABLE `craft_structures` (
  `id` int(11) NOT NULL AUTO_INCREMENT,
  `maxLevels` smallint(6) unsigned DEFAULT NULL,
  `dateCreated` datetime NOT NULL,
  `dateUpdated` datetime NOT NULL,
  `uid` char(36) COLLATE utf8_unicode_ci NOT NULL DEFAULT '0',
  PRIMARY KEY (`id`)
) ENGINE=InnoDB DEFAULT CHARSET=utf8 COLLATE=utf8_unicode_ci;

DROP TABLE IF EXISTS `craft_systemsettings`;


--
-- Schema for table `craft_systemsettings`
--
CREATE TABLE `craft_systemsettings` (
  `id` int(11) NOT NULL AUTO_INCREMENT,
  `category` varchar(15) COLLATE utf8_unicode_ci NOT NULL,
  `settings` text COLLATE utf8_unicode_ci,
  `dateCreated` datetime NOT NULL,
  `dateUpdated` datetime NOT NULL,
  `uid` char(36) COLLATE utf8_unicode_ci NOT NULL DEFAULT '0',
  PRIMARY KEY (`id`),
  UNIQUE KEY `craft_systemsettings_category_unq_idx` (`category`)
) ENGINE=InnoDB AUTO_INCREMENT=2 DEFAULT CHARSET=utf8 COLLATE=utf8_unicode_ci;

--
-- Data for table `craft_systemsettings`
--

INSERT INTO `craft_systemsettings` (`id`, `category`, `settings`, `dateCreated`, `dateUpdated`, `uid`) VALUES
 ('1', 'email', '{\"protocol\":\"php\",\"emailAddress\":\"remcohoeneveld@gmail.com\",\"senderName\":\"Big Lion Promotions\"}', '2018-02-20 09:10:18', '2018-02-20 09:10:18', '1d50edc4-4def-4a5f-8d99-3ac619662d68');



DROP TABLE IF EXISTS `craft_taggroups`;


--
-- Schema for table `craft_taggroups`
--
CREATE TABLE `craft_taggroups` (
  `id` int(11) NOT NULL AUTO_INCREMENT,
  `name` varchar(255) COLLATE utf8_unicode_ci NOT NULL,
  `handle` varchar(255) COLLATE utf8_unicode_ci NOT NULL,
  `fieldLayoutId` int(10) DEFAULT NULL,
  `dateCreated` datetime NOT NULL,
  `dateUpdated` datetime NOT NULL,
  `uid` char(36) COLLATE utf8_unicode_ci NOT NULL DEFAULT '0',
  PRIMARY KEY (`id`),
  UNIQUE KEY `craft_taggroups_name_unq_idx` (`name`),
  UNIQUE KEY `craft_taggroups_handle_unq_idx` (`handle`),
  KEY `craft_taggroups_fieldLayoutId_fk` (`fieldLayoutId`)
) ENGINE=InnoDB AUTO_INCREMENT=2 DEFAULT CHARSET=utf8 COLLATE=utf8_unicode_ci;

--
-- Data for table `craft_taggroups`
--

INSERT INTO `craft_taggroups` (`id`, `name`, `handle`, `fieldLayoutId`, `dateCreated`, `dateUpdated`, `uid`) VALUES
 ('1', 'Default', 'default', '1', '2018-02-20 09:10:18', '2018-02-20 09:10:18', 'fb3c97e3-4979-4be3-aac2-04c0303844ac');



DROP TABLE IF EXISTS `craft_tags`;


--
-- Schema for table `craft_tags`
--
CREATE TABLE `craft_tags` (
  `id` int(11) NOT NULL,
  `groupId` int(11) NOT NULL,
  `dateCreated` datetime NOT NULL,
  `dateUpdated` datetime NOT NULL,
  `uid` char(36) COLLATE utf8_unicode_ci NOT NULL DEFAULT '0',
  PRIMARY KEY (`id`),
  KEY `craft_tags_groupId_fk` (`groupId`)
) ENGINE=InnoDB DEFAULT CHARSET=utf8 COLLATE=utf8_unicode_ci;

DROP TABLE IF EXISTS `craft_tasks`;


--
-- Schema for table `craft_tasks`
--
CREATE TABLE `craft_tasks` (
  `id` int(11) NOT NULL AUTO_INCREMENT,
  `root` int(11) unsigned DEFAULT NULL,
  `lft` int(11) unsigned NOT NULL,
  `rgt` int(11) unsigned NOT NULL,
  `level` smallint(6) unsigned NOT NULL,
  `currentStep` int(11) unsigned DEFAULT NULL,
  `totalSteps` int(11) unsigned DEFAULT NULL,
  `status` enum('pending','error','running') COLLATE utf8_unicode_ci DEFAULT NULL,
  `type` varchar(150) COLLATE utf8_unicode_ci NOT NULL,
  `description` varchar(255) COLLATE utf8_unicode_ci DEFAULT NULL,
  `settings` mediumtext COLLATE utf8_unicode_ci,
  `dateCreated` datetime NOT NULL,
  `dateUpdated` datetime NOT NULL,
  `uid` char(36) COLLATE utf8_unicode_ci NOT NULL DEFAULT '0',
  PRIMARY KEY (`id`),
  KEY `craft_tasks_root_idx` (`root`),
  KEY `craft_tasks_lft_idx` (`lft`),
  KEY `craft_tasks_rgt_idx` (`rgt`),
  KEY `craft_tasks_level_idx` (`level`)
) ENGINE=InnoDB DEFAULT CHARSET=utf8 COLLATE=utf8_unicode_ci;

DROP TABLE IF EXISTS `craft_templatecachecriteria`;


--
-- Schema for table `craft_templatecachecriteria`
--
CREATE TABLE `craft_templatecachecriteria` (
  `id` int(11) NOT NULL AUTO_INCREMENT,
  `cacheId` int(11) NOT NULL,
  `type` varchar(150) COLLATE utf8_unicode_ci NOT NULL,
  `criteria` text COLLATE utf8_unicode_ci NOT NULL,
  PRIMARY KEY (`id`),
  KEY `craft_templatecachecriteria_cacheId_fk` (`cacheId`),
  KEY `craft_templatecachecriteria_type_idx` (`type`)
) ENGINE=InnoDB DEFAULT CHARSET=utf8 COLLATE=utf8_unicode_ci;

DROP TABLE IF EXISTS `craft_templatecacheelements`;


--
-- Schema for table `craft_templatecacheelements`
--
CREATE TABLE `craft_templatecacheelements` (
  `cacheId` int(11) NOT NULL,
  `elementId` int(11) NOT NULL,
  KEY `craft_templatecacheelements_cacheId_fk` (`cacheId`),
  KEY `craft_templatecacheelements_elementId_fk` (`elementId`)
) ENGINE=InnoDB DEFAULT CHARSET=utf8 COLLATE=utf8_unicode_ci;

DROP TABLE IF EXISTS `craft_templatecaches`;


--
-- Schema for table `craft_templatecaches`
--
CREATE TABLE `craft_templatecaches` (
  `id` int(11) NOT NULL AUTO_INCREMENT,
  `cacheKey` varchar(255) COLLATE utf8_unicode_ci NOT NULL,
  `locale` char(12) COLLATE utf8_unicode_ci NOT NULL,
  `path` varchar(255) COLLATE utf8_unicode_ci DEFAULT NULL,
  `expiryDate` datetime NOT NULL,
  `body` mediumtext COLLATE utf8_unicode_ci NOT NULL,
  PRIMARY KEY (`id`),
  KEY `craft_templatecaches_cacheKey_locale_expiryDate_path_idx` (`cacheKey`,`locale`,`expiryDate`,`path`),
  KEY `craft_templatecaches_cacheKey_locale_expiryDate_idx` (`cacheKey`,`locale`,`expiryDate`),
  KEY `craft_templatecaches_locale_fk` (`locale`)
) ENGINE=InnoDB DEFAULT CHARSET=utf8 COLLATE=utf8_unicode_ci;

DROP TABLE IF EXISTS `craft_tokens`;


--
-- Schema for table `craft_tokens`
--
CREATE TABLE `craft_tokens` (
  `id` int(11) NOT NULL AUTO_INCREMENT,
  `token` char(32) COLLATE utf8_unicode_ci NOT NULL,
  `route` text COLLATE utf8_unicode_ci,
  `usageLimit` tinyint(3) unsigned DEFAULT NULL,
  `usageCount` tinyint(3) unsigned DEFAULT NULL,
  `expiryDate` datetime NOT NULL,
  `dateCreated` datetime NOT NULL,
  `dateUpdated` datetime NOT NULL,
  `uid` char(36) COLLATE utf8_unicode_ci NOT NULL DEFAULT '0',
  PRIMARY KEY (`id`),
  UNIQUE KEY `craft_tokens_token_unq_idx` (`token`),
  KEY `craft_tokens_expiryDate_idx` (`expiryDate`)
) ENGINE=InnoDB DEFAULT CHARSET=utf8 COLLATE=utf8_unicode_ci;

DROP TABLE IF EXISTS `craft_usergroups`;


--
-- Schema for table `craft_usergroups`
--
CREATE TABLE `craft_usergroups` (
  `id` int(11) NOT NULL AUTO_INCREMENT,
  `name` varchar(255) COLLATE utf8_unicode_ci NOT NULL,
  `handle` varchar(255) COLLATE utf8_unicode_ci NOT NULL,
  `dateCreated` datetime NOT NULL,
  `dateUpdated` datetime NOT NULL,
  `uid` char(36) COLLATE utf8_unicode_ci NOT NULL DEFAULT '0',
  PRIMARY KEY (`id`),
  UNIQUE KEY `craft_usergroups_name_unq_idx` (`name`),
  UNIQUE KEY `craft_usergroups_handle_unq_idx` (`handle`)
) ENGINE=InnoDB DEFAULT CHARSET=utf8 COLLATE=utf8_unicode_ci;

DROP TABLE IF EXISTS `craft_usergroups_users`;


--
-- Schema for table `craft_usergroups_users`
--
CREATE TABLE `craft_usergroups_users` (
  `id` int(11) NOT NULL AUTO_INCREMENT,
  `groupId` int(11) NOT NULL,
  `userId` int(11) NOT NULL,
  `dateCreated` datetime NOT NULL,
  `dateUpdated` datetime NOT NULL,
  `uid` char(36) COLLATE utf8_unicode_ci NOT NULL DEFAULT '0',
  PRIMARY KEY (`id`),
  UNIQUE KEY `craft_usergroups_users_groupId_userId_unq_idx` (`groupId`,`userId`),
  KEY `craft_usergroups_users_userId_fk` (`userId`)
) ENGINE=InnoDB DEFAULT CHARSET=utf8 COLLATE=utf8_unicode_ci;

DROP TABLE IF EXISTS `craft_userpermissions`;


--
-- Schema for table `craft_userpermissions`
--
CREATE TABLE `craft_userpermissions` (
  `id` int(11) NOT NULL AUTO_INCREMENT,
  `name` varchar(255) COLLATE utf8_unicode_ci NOT NULL,
  `dateCreated` datetime NOT NULL,
  `dateUpdated` datetime NOT NULL,
  `uid` char(36) COLLATE utf8_unicode_ci NOT NULL DEFAULT '0',
  PRIMARY KEY (`id`),
  UNIQUE KEY `craft_userpermissions_name_unq_idx` (`name`)
) ENGINE=InnoDB DEFAULT CHARSET=utf8 COLLATE=utf8_unicode_ci;

DROP TABLE IF EXISTS `craft_userpermissions_usergroups`;


--
-- Schema for table `craft_userpermissions_usergroups`
--
CREATE TABLE `craft_userpermissions_usergroups` (
  `id` int(11) NOT NULL AUTO_INCREMENT,
  `permissionId` int(11) NOT NULL,
  `groupId` int(11) NOT NULL,
  `dateCreated` datetime NOT NULL,
  `dateUpdated` datetime NOT NULL,
  `uid` char(36) COLLATE utf8_unicode_ci NOT NULL DEFAULT '0',
  PRIMARY KEY (`id`),
  UNIQUE KEY `craft_userpermissions_usergroups_permissionId_groupId_unq_idx` (`permissionId`,`groupId`),
  KEY `craft_userpermissions_usergroups_groupId_fk` (`groupId`)
) ENGINE=InnoDB DEFAULT CHARSET=utf8 COLLATE=utf8_unicode_ci;

DROP TABLE IF EXISTS `craft_userpermissions_users`;


--
-- Schema for table `craft_userpermissions_users`
--
CREATE TABLE `craft_userpermissions_users` (
  `id` int(11) NOT NULL AUTO_INCREMENT,
  `permissionId` int(11) NOT NULL,
  `userId` int(11) NOT NULL,
  `dateCreated` datetime NOT NULL,
  `dateUpdated` datetime NOT NULL,
  `uid` char(36) COLLATE utf8_unicode_ci NOT NULL DEFAULT '0',
  PRIMARY KEY (`id`),
  UNIQUE KEY `craft_userpermissions_users_permissionId_userId_unq_idx` (`permissionId`,`userId`),
  KEY `craft_userpermissions_users_userId_fk` (`userId`)
) ENGINE=InnoDB DEFAULT CHARSET=utf8 COLLATE=utf8_unicode_ci;

DROP TABLE IF EXISTS `craft_users`;


--
-- Schema for table `craft_users`
--
CREATE TABLE `craft_users` (
  `id` int(11) NOT NULL,
  `username` varchar(100) COLLATE utf8_unicode_ci NOT NULL,
  `photo` varchar(100) COLLATE utf8_unicode_ci DEFAULT NULL,
  `firstName` varchar(100) COLLATE utf8_unicode_ci DEFAULT NULL,
  `lastName` varchar(100) COLLATE utf8_unicode_ci DEFAULT NULL,
  `email` varchar(255) COLLATE utf8_unicode_ci NOT NULL,
  `password` char(255) COLLATE utf8_unicode_ci DEFAULT NULL,
  `preferredLocale` char(12) COLLATE utf8_unicode_ci DEFAULT NULL,
  `weekStartDay` tinyint(1) unsigned NOT NULL DEFAULT '0',
  `admin` tinyint(1) unsigned NOT NULL DEFAULT '0',
  `client` tinyint(1) unsigned NOT NULL DEFAULT '0',
  `locked` tinyint(1) unsigned NOT NULL DEFAULT '0',
  `suspended` tinyint(1) unsigned NOT NULL DEFAULT '0',
  `pending` tinyint(1) unsigned NOT NULL DEFAULT '0',
  `archived` tinyint(1) unsigned NOT NULL DEFAULT '0',
  `lastLoginDate` datetime DEFAULT NULL,
  `lastLoginAttemptIPAddress` varchar(45) COLLATE utf8_unicode_ci DEFAULT NULL,
  `invalidLoginWindowStart` datetime DEFAULT NULL,
  `invalidLoginCount` tinyint(4) unsigned DEFAULT NULL,
  `lastInvalidLoginDate` datetime DEFAULT NULL,
  `lockoutDate` datetime DEFAULT NULL,
  `verificationCode` char(100) COLLATE utf8_unicode_ci DEFAULT NULL,
  `verificationCodeIssuedDate` datetime DEFAULT NULL,
  `unverifiedEmail` varchar(255) COLLATE utf8_unicode_ci DEFAULT NULL,
  `passwordResetRequired` tinyint(1) unsigned NOT NULL DEFAULT '0',
  `lastPasswordChangeDate` datetime DEFAULT NULL,
  `dateCreated` datetime NOT NULL,
  `dateUpdated` datetime NOT NULL,
  `uid` char(36) COLLATE utf8_unicode_ci NOT NULL DEFAULT '0',
  PRIMARY KEY (`id`),
  UNIQUE KEY `craft_users_username_unq_idx` (`username`),
  UNIQUE KEY `craft_users_email_unq_idx` (`email`),
  KEY `craft_users_verificationCode_idx` (`verificationCode`),
  KEY `craft_users_uid_idx` (`uid`),
  KEY `craft_users_preferredLocale_fk` (`preferredLocale`)
) ENGINE=InnoDB DEFAULT CHARSET=utf8 COLLATE=utf8_unicode_ci;

--
-- Data for table `craft_users`
--

INSERT INTO `craft_users` (`id`, `username`, `photo`, `firstName`, `lastName`, `email`, `password`, `preferredLocale`, `weekStartDay`, `admin`, `client`, `locked`, `suspended`, `pending`, `archived`, `lastLoginDate`, `lastLoginAttemptIPAddress`, `invalidLoginWindowStart`, `invalidLoginCount`, `lastInvalidLoginDate`, `lockoutDate`, `verificationCode`, `verificationCodeIssuedDate`, `unverifiedEmail`, `passwordResetRequired`, `lastPasswordChangeDate`, `dateCreated`, `dateUpdated`, `uid`) VALUES
 ('1', 'remcohoeneveld', NULL, NULL, NULL, 'remcohoeneveld@gmail.com', '$2y$13$tfDdIdoP68gd.2VWrEO5mOyYtMxDx.aCo3ISMj7JJ8c//dwi1P4cm', NULL, '0', '1', '0', '0', '0', '0', '0', '2018-02-21 14:26:26', '192.168.3.1', NULL, NULL, '2018-02-21 08:22:24', NULL, NULL, NULL, NULL, '0', '2018-02-20 09:10:16', '2018-02-20 09:10:17', '2018-02-21 14:26:27', 'ec5282b0-8db2-4660-89fa-0fc88bf11716');



DROP TABLE IF EXISTS `craft_widgets`;


--
-- Schema for table `craft_widgets`
--
CREATE TABLE `craft_widgets` (
  `id` int(11) NOT NULL AUTO_INCREMENT,
  `userId` int(11) NOT NULL,
  `type` varchar(150) COLLATE utf8_unicode_ci NOT NULL,
  `sortOrder` smallint(6) unsigned DEFAULT NULL,
  `colspan` tinyint(4) unsigned DEFAULT NULL,
  `settings` text COLLATE utf8_unicode_ci,
  `enabled` tinyint(1) unsigned NOT NULL DEFAULT '1',
  `dateCreated` datetime NOT NULL,
  `dateUpdated` datetime NOT NULL,
  `uid` char(36) COLLATE utf8_unicode_ci NOT NULL DEFAULT '0',
  PRIMARY KEY (`id`),
  KEY `craft_widgets_userId_fk` (`userId`)
) ENGINE=InnoDB AUTO_INCREMENT=5 DEFAULT CHARSET=utf8 COLLATE=utf8_unicode_ci;

--
-- Data for table `craft_widgets`
--

INSERT INTO `craft_widgets` (`id`, `userId`, `type`, `sortOrder`, `colspan`, `settings`, `enabled`, `dateCreated`, `dateUpdated`, `uid`) VALUES
 ('1', '1', 'RecentEntries', '1', NULL, '{\"section\":\"*\",\"limit\":\"20\"}', '1', '2018-02-20 09:10:20', '2018-02-21 08:40:50', 'fa798261-a360-460c-a476-51656a8d7194'),
 ('2', '1', 'GetHelp', '2', NULL, NULL, '1', '2018-02-20 09:10:20', '2018-02-20 09:10:20', '91b2a76d-d74b-4828-bf98-818cc3cc449d'),
 ('3', '1', 'Updates', '3', NULL, NULL, '1', '2018-02-20 09:10:20', '2018-02-20 09:10:20', '27e182ce-d531-4491-a2e2-92276c7874dc'),
 ('4', '1', 'Feed', '4', NULL, '{\"url\":\"https:\\/\\/craftcms.com\\/news.rss\",\"title\":\"Craft News\"}', '1', '2018-02-20 09:10:20', '2018-02-20 09:10:20', '3f07722d-5d51-411a-905e-60e43e8869bb');


--
-- Constraints for tables
--


--
-- Constraints for table `craft_assetfiles`
--
ALTER TABLE `craft_assetfiles`
	ADD CONSTRAINT `craft_assetfiles_folderId_fk` FOREIGN KEY (`folderId`) REFERENCES `craft_assetfolders` (`id`) ON DELETE CASCADE,
	ADD CONSTRAINT `craft_assetfiles_id_fk` FOREIGN KEY (`id`) REFERENCES `craft_elements` (`id`) ON DELETE CASCADE,
	ADD CONSTRAINT `craft_assetfiles_sourceId_fk` FOREIGN KEY (`sourceId`) REFERENCES `craft_assetsources` (`id`) ON DELETE CASCADE;

--
-- Constraints for table `craft_assetfolders`
--
ALTER TABLE `craft_assetfolders`
	ADD CONSTRAINT `craft_assetfolders_parentId_fk` FOREIGN KEY (`parentId`) REFERENCES `craft_assetfolders` (`id`) ON DELETE CASCADE,
	ADD CONSTRAINT `craft_assetfolders_sourceId_fk` FOREIGN KEY (`sourceId`) REFERENCES `craft_assetsources` (`id`) ON DELETE CASCADE;

--
-- Constraints for table `craft_assetindexdata`
--
ALTER TABLE `craft_assetindexdata`
	ADD CONSTRAINT `craft_assetindexdata_sourceId_fk` FOREIGN KEY (`sourceId`) REFERENCES `craft_assetsources` (`id`) ON DELETE CASCADE;

--
-- Constraints for table `craft_assetsources`
--
ALTER TABLE `craft_assetsources`
	ADD CONSTRAINT `craft_assetsources_fieldLayoutId_fk` FOREIGN KEY (`fieldLayoutId`) REFERENCES `craft_fieldlayouts` (`id`) ON DELETE SET NULL;

--
-- Constraints for table `craft_categories`
--
ALTER TABLE `craft_categories`
	ADD CONSTRAINT `craft_categories_groupId_fk` FOREIGN KEY (`groupId`) REFERENCES `craft_categorygroups` (`id`) ON DELETE CASCADE,
	ADD CONSTRAINT `craft_categories_id_fk` FOREIGN KEY (`id`) REFERENCES `craft_elements` (`id`) ON DELETE CASCADE;

--
-- Constraints for table `craft_categorygroups`
--
ALTER TABLE `craft_categorygroups`
	ADD CONSTRAINT `craft_categorygroups_fieldLayoutId_fk` FOREIGN KEY (`fieldLayoutId`) REFERENCES `craft_fieldlayouts` (`id`) ON DELETE SET NULL,
	ADD CONSTRAINT `craft_categorygroups_structureId_fk` FOREIGN KEY (`structureId`) REFERENCES `craft_structures` (`id`) ON DELETE CASCADE;

--
-- Constraints for table `craft_categorygroups_i18n`
--
ALTER TABLE `craft_categorygroups_i18n`
	ADD CONSTRAINT `craft_categorygroups_i18n_groupId_fk` FOREIGN KEY (`groupId`) REFERENCES `craft_categorygroups` (`id`) ON DELETE CASCADE,
	ADD CONSTRAINT `craft_categorygroups_i18n_locale_fk` FOREIGN KEY (`locale`) REFERENCES `craft_locales` (`locale`) ON DELETE CASCADE ON UPDATE CASCADE;

--
-- Constraints for table `craft_content`
--
ALTER TABLE `craft_content`
	ADD CONSTRAINT `craft_content_elementId_fk` FOREIGN KEY (`elementId`) REFERENCES `craft_elements` (`id`) ON DELETE CASCADE,
	ADD CONSTRAINT `craft_content_locale_fk` FOREIGN KEY (`locale`) REFERENCES `craft_locales` (`locale`) ON DELETE CASCADE ON UPDATE CASCADE;

--
-- Constraints for table `craft_elements_i18n`
--
ALTER TABLE `craft_elements_i18n`
	ADD CONSTRAINT `craft_elements_i18n_elementId_fk` FOREIGN KEY (`elementId`) REFERENCES `craft_elements` (`id`) ON DELETE CASCADE,
	ADD CONSTRAINT `craft_elements_i18n_locale_fk` FOREIGN KEY (`locale`) REFERENCES `craft_locales` (`locale`) ON DELETE CASCADE ON UPDATE CASCADE;

--
-- Constraints for table `craft_emailmessages`
--
ALTER TABLE `craft_emailmessages`
	ADD CONSTRAINT `craft_emailmessages_locale_fk` FOREIGN KEY (`locale`) REFERENCES `craft_locales` (`locale`) ON DELETE CASCADE ON UPDATE CASCADE;

--
-- Constraints for table `craft_entries`
--
ALTER TABLE `craft_entries`
	ADD CONSTRAINT `craft_entries_authorId_fk` FOREIGN KEY (`authorId`) REFERENCES `craft_users` (`id`) ON DELETE CASCADE,
	ADD CONSTRAINT `craft_entries_id_fk` FOREIGN KEY (`id`) REFERENCES `craft_elements` (`id`) ON DELETE CASCADE,
	ADD CONSTRAINT `craft_entries_sectionId_fk` FOREIGN KEY (`sectionId`) REFERENCES `craft_sections` (`id`) ON DELETE CASCADE,
	ADD CONSTRAINT `craft_entries_typeId_fk` FOREIGN KEY (`typeId`) REFERENCES `craft_entrytypes` (`id`) ON DELETE CASCADE;

--
-- Constraints for table `craft_entrydrafts`
--
ALTER TABLE `craft_entrydrafts`
	ADD CONSTRAINT `craft_entrydrafts_creatorId_fk` FOREIGN KEY (`creatorId`) REFERENCES `craft_users` (`id`) ON DELETE CASCADE,
	ADD CONSTRAINT `craft_entrydrafts_entryId_fk` FOREIGN KEY (`entryId`) REFERENCES `craft_entries` (`id`) ON DELETE CASCADE,
	ADD CONSTRAINT `craft_entrydrafts_locale_fk` FOREIGN KEY (`locale`) REFERENCES `craft_locales` (`locale`) ON DELETE CASCADE ON UPDATE CASCADE,
	ADD CONSTRAINT `craft_entrydrafts_sectionId_fk` FOREIGN KEY (`sectionId`) REFERENCES `craft_sections` (`id`) ON DELETE CASCADE;

--
-- Constraints for table `craft_entrytypes`
--
ALTER TABLE `craft_entrytypes`
	ADD CONSTRAINT `craft_entrytypes_fieldLayoutId_fk` FOREIGN KEY (`fieldLayoutId`) REFERENCES `craft_fieldlayouts` (`id`) ON DELETE SET NULL,
	ADD CONSTRAINT `craft_entrytypes_sectionId_fk` FOREIGN KEY (`sectionId`) REFERENCES `craft_sections` (`id`) ON DELETE CASCADE;

--
-- Constraints for table `craft_entryversions`
--
ALTER TABLE `craft_entryversions`
	ADD CONSTRAINT `craft_entryversions_creatorId_fk` FOREIGN KEY (`creatorId`) REFERENCES `craft_users` (`id`) ON DELETE SET NULL,
	ADD CONSTRAINT `craft_entryversions_entryId_fk` FOREIGN KEY (`entryId`) REFERENCES `craft_entries` (`id`) ON DELETE CASCADE,
	ADD CONSTRAINT `craft_entryversions_locale_fk` FOREIGN KEY (`locale`) REFERENCES `craft_locales` (`locale`) ON DELETE CASCADE ON UPDATE CASCADE,
	ADD CONSTRAINT `craft_entryversions_sectionId_fk` FOREIGN KEY (`sectionId`) REFERENCES `craft_sections` (`id`) ON DELETE CASCADE;

--
-- Constraints for table `craft_fieldlayoutfields`
--
ALTER TABLE `craft_fieldlayoutfields`
	ADD CONSTRAINT `craft_fieldlayoutfields_fieldId_fk` FOREIGN KEY (`fieldId`) REFERENCES `craft_fields` (`id`) ON DELETE CASCADE,
	ADD CONSTRAINT `craft_fieldlayoutfields_layoutId_fk` FOREIGN KEY (`layoutId`) REFERENCES `craft_fieldlayouts` (`id`) ON DELETE CASCADE,
	ADD CONSTRAINT `craft_fieldlayoutfields_tabId_fk` FOREIGN KEY (`tabId`) REFERENCES `craft_fieldlayouttabs` (`id`) ON DELETE CASCADE;

--
-- Constraints for table `craft_fieldlayouttabs`
--
ALTER TABLE `craft_fieldlayouttabs`
	ADD CONSTRAINT `craft_fieldlayouttabs_layoutId_fk` FOREIGN KEY (`layoutId`) REFERENCES `craft_fieldlayouts` (`id`) ON DELETE CASCADE;

--
-- Constraints for table `craft_fields`
--
ALTER TABLE `craft_fields`
	ADD CONSTRAINT `craft_fields_groupId_fk` FOREIGN KEY (`groupId`) REFERENCES `craft_fieldgroups` (`id`) ON DELETE CASCADE;

--
-- Constraints for table `craft_globalsets`
--
ALTER TABLE `craft_globalsets`
	ADD CONSTRAINT `craft_globalsets_fieldLayoutId_fk` FOREIGN KEY (`fieldLayoutId`) REFERENCES `craft_fieldlayouts` (`id`) ON DELETE SET NULL,
	ADD CONSTRAINT `craft_globalsets_id_fk` FOREIGN KEY (`id`) REFERENCES `craft_elements` (`id`) ON DELETE CASCADE;

--
-- Constraints for table `craft_matrixblocks`
--
ALTER TABLE `craft_matrixblocks`
	ADD CONSTRAINT `craft_matrixblocks_fieldId_fk` FOREIGN KEY (`fieldId`) REFERENCES `craft_fields` (`id`) ON DELETE CASCADE,
	ADD CONSTRAINT `craft_matrixblocks_id_fk` FOREIGN KEY (`id`) REFERENCES `craft_elements` (`id`) ON DELETE CASCADE,
	ADD CONSTRAINT `craft_matrixblocks_ownerId_fk` FOREIGN KEY (`ownerId`) REFERENCES `craft_elements` (`id`) ON DELETE CASCADE,
	ADD CONSTRAINT `craft_matrixblocks_ownerLocale_fk` FOREIGN KEY (`ownerLocale`) REFERENCES `craft_locales` (`locale`) ON DELETE CASCADE ON UPDATE CASCADE,
	ADD CONSTRAINT `craft_matrixblocks_typeId_fk` FOREIGN KEY (`typeId`) REFERENCES `craft_matrixblocktypes` (`id`) ON DELETE CASCADE;

--
-- Constraints for table `craft_matrixblocktypes`
--
ALTER TABLE `craft_matrixblocktypes`
	ADD CONSTRAINT `craft_matrixblocktypes_fieldId_fk` FOREIGN KEY (`fieldId`) REFERENCES `craft_fields` (`id`) ON DELETE CASCADE,
	ADD CONSTRAINT `craft_matrixblocktypes_fieldLayoutId_fk` FOREIGN KEY (`fieldLayoutId`) REFERENCES `craft_fieldlayouts` (`id`) ON DELETE SET NULL;

--
-- Constraints for table `craft_migrations`
--
ALTER TABLE `craft_migrations`
	ADD CONSTRAINT `craft_migrations_pluginId_fk` FOREIGN KEY (`pluginId`) REFERENCES `craft_plugins` (`id`) ON DELETE CASCADE;

--
-- Constraints for table `craft_relations`
--
ALTER TABLE `craft_relations`
	ADD CONSTRAINT `craft_relations_fieldId_fk` FOREIGN KEY (`fieldId`) REFERENCES `craft_fields` (`id`) ON DELETE CASCADE,
	ADD CONSTRAINT `craft_relations_sourceId_fk` FOREIGN KEY (`sourceId`) REFERENCES `craft_elements` (`id`) ON DELETE CASCADE,
	ADD CONSTRAINT `craft_relations_sourceLocale_fk` FOREIGN KEY (`sourceLocale`) REFERENCES `craft_locales` (`locale`) ON DELETE CASCADE ON UPDATE CASCADE,
	ADD CONSTRAINT `craft_relations_targetId_fk` FOREIGN KEY (`targetId`) REFERENCES `craft_elements` (`id`) ON DELETE CASCADE;

--
-- Constraints for table `craft_routes`
--
ALTER TABLE `craft_routes`
	ADD CONSTRAINT `craft_routes_locale_fk` FOREIGN KEY (`locale`) REFERENCES `craft_locales` (`locale`) ON DELETE CASCADE ON UPDATE CASCADE;

--
-- Constraints for table `craft_sections`
--
ALTER TABLE `craft_sections`
	ADD CONSTRAINT `craft_sections_structureId_fk` FOREIGN KEY (`structureId`) REFERENCES `craft_structures` (`id`) ON DELETE SET NULL;

--
-- Constraints for table `craft_sections_i18n`
--
ALTER TABLE `craft_sections_i18n`
	ADD CONSTRAINT `craft_sections_i18n_locale_fk` FOREIGN KEY (`locale`) REFERENCES `craft_locales` (`locale`) ON DELETE CASCADE ON UPDATE CASCADE,
	ADD CONSTRAINT `craft_sections_i18n_sectionId_fk` FOREIGN KEY (`sectionId`) REFERENCES `craft_sections` (`id`) ON DELETE CASCADE;

--
-- Constraints for table `craft_sessions`
--
ALTER TABLE `craft_sessions`
	ADD CONSTRAINT `craft_sessions_userId_fk` FOREIGN KEY (`userId`) REFERENCES `craft_users` (`id`) ON DELETE CASCADE;

--
-- Constraints for table `craft_shunnedmessages`
--
ALTER TABLE `craft_shunnedmessages`
	ADD CONSTRAINT `craft_shunnedmessages_userId_fk` FOREIGN KEY (`userId`) REFERENCES `craft_users` (`id`) ON DELETE CASCADE;

--
-- Constraints for table `craft_structureelements`
--
ALTER TABLE `craft_structureelements`
	ADD CONSTRAINT `craft_structureelements_elementId_fk` FOREIGN KEY (`elementId`) REFERENCES `craft_elements` (`id`) ON DELETE CASCADE,
	ADD CONSTRAINT `craft_structureelements_structureId_fk` FOREIGN KEY (`structureId`) REFERENCES `craft_structures` (`id`) ON DELETE CASCADE;

--
-- Constraints for table `craft_taggroups`
--
ALTER TABLE `craft_taggroups`
	ADD CONSTRAINT `craft_taggroups_fieldLayoutId_fk` FOREIGN KEY (`fieldLayoutId`) REFERENCES `craft_fieldlayouts` (`id`) ON DELETE SET NULL;

--
-- Constraints for table `craft_tags`
--
ALTER TABLE `craft_tags`
	ADD CONSTRAINT `craft_tags_groupId_fk` FOREIGN KEY (`groupId`) REFERENCES `craft_taggroups` (`id`) ON DELETE CASCADE,
	ADD CONSTRAINT `craft_tags_id_fk` FOREIGN KEY (`id`) REFERENCES `craft_elements` (`id`) ON DELETE CASCADE;

--
-- Constraints for table `craft_templatecachecriteria`
--
ALTER TABLE `craft_templatecachecriteria`
	ADD CONSTRAINT `craft_templatecachecriteria_cacheId_fk` FOREIGN KEY (`cacheId`) REFERENCES `craft_templatecaches` (`id`) ON DELETE CASCADE;

--
-- Constraints for table `craft_templatecacheelements`
--
ALTER TABLE `craft_templatecacheelements`
	ADD CONSTRAINT `craft_templatecacheelements_cacheId_fk` FOREIGN KEY (`cacheId`) REFERENCES `craft_templatecaches` (`id`) ON DELETE CASCADE,
	ADD CONSTRAINT `craft_templatecacheelements_elementId_fk` FOREIGN KEY (`elementId`) REFERENCES `craft_elements` (`id`) ON DELETE CASCADE;

--
-- Constraints for table `craft_templatecaches`
--
ALTER TABLE `craft_templatecaches`
	ADD CONSTRAINT `craft_templatecaches_locale_fk` FOREIGN KEY (`locale`) REFERENCES `craft_locales` (`locale`) ON DELETE CASCADE ON UPDATE CASCADE;

--
-- Constraints for table `craft_usergroups_users`
--
ALTER TABLE `craft_usergroups_users`
	ADD CONSTRAINT `craft_usergroups_users_groupId_fk` FOREIGN KEY (`groupId`) REFERENCES `craft_usergroups` (`id`) ON DELETE CASCADE,
	ADD CONSTRAINT `craft_usergroups_users_userId_fk` FOREIGN KEY (`userId`) REFERENCES `craft_users` (`id`) ON DELETE CASCADE;

--
-- Constraints for table `craft_userpermissions_usergroups`
--
ALTER TABLE `craft_userpermissions_usergroups`
	ADD CONSTRAINT `craft_userpermissions_usergroups_groupId_fk` FOREIGN KEY (`groupId`) REFERENCES `craft_usergroups` (`id`) ON DELETE CASCADE,
	ADD CONSTRAINT `craft_userpermissions_usergroups_permissionId_fk` FOREIGN KEY (`permissionId`) REFERENCES `craft_userpermissions` (`id`) ON DELETE CASCADE;

--
-- Constraints for table `craft_userpermissions_users`
--
ALTER TABLE `craft_userpermissions_users`
	ADD CONSTRAINT `craft_userpermissions_users_permissionId_fk` FOREIGN KEY (`permissionId`) REFERENCES `craft_userpermissions` (`id`) ON DELETE CASCADE,
	ADD CONSTRAINT `craft_userpermissions_users_userId_fk` FOREIGN KEY (`userId`) REFERENCES `craft_users` (`id`) ON DELETE CASCADE;

--
-- Constraints for table `craft_users`
--
ALTER TABLE `craft_users`
	ADD CONSTRAINT `craft_users_id_fk` FOREIGN KEY (`id`) REFERENCES `craft_elements` (`id`) ON DELETE CASCADE,
	ADD CONSTRAINT `craft_users_preferredLocale_fk` FOREIGN KEY (`preferredLocale`) REFERENCES `craft_locales` (`locale`) ON DELETE SET NULL ON UPDATE CASCADE;

--
-- Constraints for table `craft_widgets`
--
ALTER TABLE `craft_widgets`
	ADD CONSTRAINT `craft_widgets_userId_fk` FOREIGN KEY (`userId`) REFERENCES `craft_users` (`id`) ON DELETE CASCADE;

SET FOREIGN_KEY_CHECKS = 1;
