-- Generated by Craft v2.6.3012 on 9 apr. 2018 14:37:10.

--
-- Disable foreign key checks and autocommit.
--

SET FOREIGN_KEY_CHECKS = 0;
SET SQL_MODE = "NO_AUTO_VALUE_ON_ZERO";
SET AUTOCOMMIT = 0;
SET NAMES utf8;


DROP TABLE IF EXISTS `craft_assetfiles`;


--
-- Schema for table `craft_assetfiles`
--
CREATE TABLE `craft_assetfiles` (
  `id` int(11) NOT NULL,
  `sourceId` int(11) DEFAULT NULL,
  `folderId` int(11) NOT NULL,
  `filename` varchar(255) COLLATE utf8_unicode_ci NOT NULL,
  `kind` varchar(50) COLLATE utf8_unicode_ci NOT NULL DEFAULT 'unknown',
  `width` int(11) unsigned DEFAULT NULL,
  `height` int(11) unsigned DEFAULT NULL,
  `size` bigint(20) unsigned DEFAULT NULL,
  `dateModified` datetime DEFAULT NULL,
  `dateCreated` datetime NOT NULL,
  `dateUpdated` datetime NOT NULL,
  `uid` char(36) COLLATE utf8_unicode_ci NOT NULL DEFAULT '0',
  PRIMARY KEY (`id`),
  UNIQUE KEY `craft_assetfiles_filename_folderId_unq_idx` (`filename`,`folderId`),
  KEY `craft_assetfiles_sourceId_fk` (`sourceId`),
  KEY `craft_assetfiles_folderId_fk` (`folderId`)
) ENGINE=InnoDB DEFAULT CHARSET=utf8 COLLATE=utf8_unicode_ci;

--
-- Data for table `craft_assetfiles`
--

INSERT INTO `craft_assetfiles` (`id`, `sourceId`, `folderId`, `filename`, `kind`, `width`, `height`, `size`, `dateModified`, `dateCreated`, `dateUpdated`, `uid`) VALUES
 ('28', '4', '17', 'dilan.jpg', 'image', '640', '640', '20605', '2018-02-21 15:43:07', '2018-02-21 15:43:07', '2018-02-21 15:43:07', 'a7c56346-ec82-4988-a23e-24c6a23337b1'),
 ('29', '4', '17', 'Faya-Milla-Ellis-Moore.jpg', 'image', '538', '538', '49448', '2018-02-21 15:43:07', '2018-02-21 15:43:07', '2018-02-21 15:43:07', '1dea3e59-2ba0-485f-a7b0-696e226c1f4f'),
 ('30', '4', '17', 'remco-hoeneveld.jpg', 'image', '640', '640', '71162', '2018-02-21 15:43:07', '2018-02-21 15:43:07', '2018-02-21 15:43:07', '0b2f1a24-6119-49db-9211-0335c5a8d1fe'),
 ('31', '3', '16', '1204-ONE-WORLD-BAND_02.jpg', 'image', '737', '507', '104483', '2018-02-21 15:44:02', '2018-02-21 15:44:02', '2018-02-21 15:44:02', 'a3473a5b-d48d-4988-bdcc-043a3fa47fe7'),
 ('33', '5', '18', 'JamaicaPR6_2_14P02H.jpg', 'image', '960', '637', '90797', '2018-02-21 15:44:22', '2018-02-21 15:44:22', '2018-02-21 15:44:22', '6b3c998c-f078-4684-bd36-4f748618b24e'),
 ('34', '5', '18', 'maxresdefault-1.jpg', 'image', '1280', '720', '149049', '2018-02-21 15:44:22', '2018-02-21 15:44:22', '2018-02-21 15:44:22', 'd6d7e488-bc8d-4355-8daf-1b7fd1fde735'),
 ('35', '5', '18', 'maxresdefault.jpg', 'image', '1280', '720', '62953', '2018-02-21 15:44:22', '2018-02-21 15:44:22', '2018-02-21 15:44:22', '043a2b9e-dcc3-4f97-9474-58168dcf4f41'),
 ('36', '5', '18', 'reggae-night.jpg', 'image', '550', '413', '29950', '2018-02-21 15:44:23', '2018-02-21 15:44:23', '2018-02-21 15:44:23', '298b403d-998f-4647-b13b-7f7530386c1e'),
 ('37', '5', '18', 'StephenZiggyMarley.jpg', 'image', '620', '400', '123405', '2018-02-21 15:44:23', '2018-02-21 15:44:23', '2018-02-21 15:44:23', '13628354-a0df-4ee9-be9c-86d1accc0a94'),
 ('38', '1', '1', '20108570_756867254493142_1608030923218655468_n.jpg', 'image', '766', '766', '153798', '2018-02-21 15:46:07', '2018-02-21 15:46:07', '2018-02-21 15:46:07', '6884b5b2-91c2-47e5-a00b-f99c9930393b'),
 ('39', '1', '1', '20139960_756858411160693_1824294467137751100_n.jpg', 'image', '960', '540', '72526', '2018-02-21 15:46:07', '2018-02-21 15:46:07', '2018-02-21 15:46:07', '810efd16-dcfa-47b4-bc27-e9b13fc8a2c8'),
 ('40', '6', '19', '20108570_756867254493142_1608030923218655468_n.jpg', 'image', '766', '766', '153798', '2018-02-21 16:11:32', '2018-02-21 16:11:32', '2018-02-21 16:11:32', '7d5ec6c6-6096-4db3-bb95-60e04dee4aa1'),
 ('41', '6', '19', '20139960_756858411160693_1824294467137751100_n.jpg', 'image', '960', '540', '72526', '2018-02-21 16:11:33', '2018-02-21 16:11:33', '2018-02-21 16:11:33', '051fcb34-7252-49ae-903b-a8a2b125e8ff'),
 ('42', '6', '19', '1204-ONE-WORLD-BAND_02.jpg', 'image', '737', '507', '104483', '2018-02-21 16:11:42', '2018-02-21 16:11:42', '2018-02-21 16:11:42', '013ceaad-40f3-4f43-a81c-e0c41863b85e'),
 ('44', '1', '1', 'backline.jpg', 'image', '1280', '853', '456172', '2018-02-21 16:22:52', '2018-02-21 16:22:52', '2018-02-21 16:22:52', '26dd997b-04aa-4bc0-b713-024e8b7f4c15'),
 ('45', '6', '19', 'wc1696785.png', 'image', '1280', '800', '369067', '2018-02-22 13:03:16', '2018-02-22 13:03:16', '2018-02-22 13:03:16', '47020297-271d-48c4-bc62-daa2fd254648'),
 ('46', '6', '19', 'wc1696786.jpg', 'image', '2560', '1440', '538736', '2018-02-22 13:03:17', '2018-02-22 13:03:17', '2018-02-22 13:03:17', '177b8b34-d350-4627-963c-6904366a048f'),
 ('47', '6', '19', 'wc1696789.jpg', 'image', '1600', '900', '70686', '2018-02-22 13:03:17', '2018-02-22 13:03:17', '2018-02-22 13:03:17', 'c4dee30c-8ccd-4b7b-b8c5-1e2ee033e1cc'),
 ('48', '6', '19', 'wc1696790.jpg', 'image', '1920', '1080', '97058', '2018-02-22 13:03:18', '2018-02-22 13:03:18', '2018-02-22 13:03:18', 'e94800b2-2710-44eb-9ca0-14e0fe74aaaf'),
 ('49', '6', '19', 'wc1696791.jpg', 'image', '2560', '1600', '690539', '2018-02-22 13:03:18', '2018-02-22 13:03:18', '2018-02-22 13:03:18', 'fca773f8-d621-498c-9bad-d7b3c83e5ebe'),
 ('50', '6', '19', 'wc1696805.jpg', 'image', '1280', '1024', '129070', '2018-02-22 13:03:18', '2018-02-22 13:03:18', '2018-02-22 13:03:18', 'a86b9f12-a09d-431f-806d-580af40e71f1'),
 ('51', '6', '19', 'wc1696809.jpg', 'image', '1600', '900', '77127', '2018-02-22 13:03:19', '2018-02-22 13:03:19', '2018-02-22 13:03:19', 'd2c4ea2e-53dc-4a59-ac27-1759815ee591'),
 ('52', '6', '19', 'wc1696811.jpg', 'image', '1920', '1080', '377360', '2018-02-22 13:03:19', '2018-02-22 13:03:19', '2018-02-22 13:03:19', '25d08d2a-a3ae-4c27-97fa-2b7137d37cfa'),
 ('53', '6', '19', 'wc1696813.jpg', 'image', '1920', '1080', '51694', '2018-02-22 13:03:19', '2018-02-22 13:03:19', '2018-02-22 13:03:19', '933c0bd1-bbd3-41af-ae40-7bc59ad969bf'),
 ('54', '6', '19', 'wc1696814.jpg', 'image', '1024', '819', '29806', '2018-02-22 13:03:20', '2018-02-22 13:03:20', '2018-02-22 13:03:20', '4fa4b4a4-de15-466c-ac5e-f6d72782b594'),
 ('55', '6', '19', 'wc1696817.jpg', 'image', '1300', '813', '36431', '2018-02-22 13:03:20', '2018-02-22 13:03:20', '2018-02-22 13:03:20', 'f952b1d3-295e-4e83-9925-78e18bfbacf8'),
 ('56', '3', '16', 'dubtonic-kru.jpg', 'image', '579', '371', '154852', '2018-02-22 16:37:53', '2018-02-22 16:37:53', '2018-02-22 16:37:53', 'd1450e61-1c0d-4d96-92b1-c3d59b63f571'),
 ('57', '3', '16', 'Hurricane-Reggae-Band.jpg', 'image', '593', '369', '52717', '2018-02-22 16:37:53', '2018-02-22 16:37:53', '2018-02-22 16:37:53', '338bab35-2493-4342-a63f-aae442d75de4'),
 ('58', '3', '16', 'Rubera-Roots-Band-photo-11.jpg', 'image', '1300', '753', '245290', '2018-02-22 16:37:53', '2018-02-22 16:37:53', '2018-02-22 16:37:53', '57169f8e-bde2-4ad9-8810-f0a4a34b9ae1'),
 ('62', '4', '17', 'AAEAAQAAAAAAAAZSAAAAJDU2NjQ3ZDEwLTcxYzktNDRjZS1iNmRkLTdhOTk1MjEzNTI4NQ.jpg', 'image', '450', '450', '31105', '2018-02-24 12:52:04', '2018-02-24 12:35:12', '2018-02-24 12:35:12', '4c712074-b819-4d03-be0b-2c44bf7adcff'),
 ('63', '4', '17', 'AAMAAgDGAAwAAQAAAAAAABFkAAAAJDJkMjQ4YTM4LWJlZTYtNDM0NS1hMTIxLTE1ZmYyNDZhMjU5Mg.jpg', 'image', '400', '400', '40024', '2018-02-24 12:52:04', '2018-02-24 12:35:12', '2018-02-24 12:35:12', '8fbe0669-d338-41f8-84a5-3ad3b070e7e5'),
 ('64', '7', '20', 'Hurricane-Reggae-Band.jpg', 'image', '593', '369', '52717', '2018-03-01 09:32:24', '2018-03-01 09:32:24', '2018-03-01 09:32:24', '3e4b910e-947e-4972-83c2-392663677348'),
 ('69', '7', '20', 'chilling-6.jpg', 'image', '1680', '1050', '116642', '2018-03-01 09:34:06', '2018-03-01 09:34:06', '2018-03-01 09:34:06', 'e78c1d97-d3a8-48ca-b357-00187c05c543'),
 ('71', '3', '16', 'IMG_1512.JPG', 'image', '1280', '720', '65225', '2018-03-10 12:21:55', '2018-03-10 12:21:55', '2018-03-10 12:21:55', '19601e65-dc79-4ea7-adcf-39e184a8e1b1'),
 ('73', '7', '20', 'IMG_1097.jpg', 'image', '1136', '640', '154955', '2018-03-10 12:32:49', '2018-03-10 12:32:49', '2018-03-10 12:32:49', '8dd0f590-5592-4cd1-8a90-2facc4636939'),
 ('75', '3', '16', '28056670_1877371859221636_5421875706496978027_n.jpg', 'image', '960', '640', '77382', '2018-03-10 13:04:21', '2018-03-10 13:04:22', '2018-03-10 13:04:22', '27ef9978-c762-481b-ac05-54da85500d3f'),
 ('77', '6', '19', '28280073_1877371602554995_948806552053151380_n.jpg', 'image', '960', '636', '53971', '2018-03-16 12:03:33', '2018-03-16 12:03:33', '2018-03-16 12:03:33', '945046b1-d85f-4b83-aa34-8ec6e2b02e3c'),
 ('78', '6', '19', 'images.jpeg', 'image', '275', '183', '11265', '2018-03-16 12:03:54', '2018-03-16 12:03:55', '2018-03-16 12:03:55', 'e1d6fccf-21eb-47c6-b41e-d6f558cc17b0'),
 ('79', '6', '19', '28279624_1877371779221644_6193034956393010356_n.jpg', 'image', '960', '636', '37285', '2018-03-16 12:04:17', '2018-03-16 12:04:17', '2018-03-16 12:04:17', '863034a3-38f8-4d1a-89d4-bf9a5455afbd'),
 ('80', '6', '19', 'IMG_0382.JPG', 'image', '960', '720', '67092', '2018-03-16 12:05:30', '2018-03-16 12:05:30', '2018-03-16 12:05:30', '06f0c95d-0b17-4ef0-9b09-3541978664df'),
 ('81', '6', '19', 'IMG_0546.jpg', 'image', '1136', '640', '136738', '2018-03-16 12:06:05', '2018-03-16 12:06:05', '2018-03-16 12:06:05', '5e910b74-d624-4ecb-a3e1-9ff68c054125'),
 ('82', '6', '19', 'IMG_0996.JPG', 'image', '694', '477', '43418', '2018-03-16 12:06:30', '2018-03-16 12:06:30', '2018-03-16 12:06:30', '7d76463f-eefc-4c65-9579-87073d942f9e'),
 ('83', '6', '19', '23130849_1822400578052098_7207604243906461992_n.jpg', 'image', '960', '640', '82854', '2018-03-16 12:07:12', '2018-03-16 12:07:12', '2018-03-16 12:07:12', '7510682f-5eba-408d-844e-aeacf3a839b1'),
 ('85', '4', '17', '22539971_892744267560183_2524640041173466196_n.jpg', 'image', '945', '960', '105322', '2018-03-16 12:42:16', '2018-03-16 12:42:17', '2018-03-16 12:42:17', 'a8dd346d-b5b1-413e-8836-8572ec0add5c'),
 ('91', '3', '16', 'Dreadless.jpg', 'image', '1200', '1200', '238722', '2018-03-16 12:53:31', '2018-03-16 12:53:32', '2018-03-16 12:53:32', 'a671a773-73d1-4341-a3e1-4333086675f2'),
 ('92', '3', '16', '0205-bagjuice.jpg', 'image', '737', '491', '131114', '2018-03-16 12:58:42', '2018-03-16 12:58:42', '2018-03-16 12:58:42', '56fc711f-7fd4-4923-87d4-859144483fda'),
 ('94', '4', '17', '21765198_1894742003877118_2870345100433033715_n.jpg', 'image', '960', '640', '46467', '2018-03-17 15:26:55', '2018-03-17 15:26:55', '2018-03-17 15:26:55', '1f81a7a5-9a22-4ac3-9cb3-aecda9d90a8c'),
 ('103', '4', '17', 'IMG_0542.JPG', 'image', '2448', '3059', '422123', '2018-03-17 15:36:03', '2018-03-17 15:36:03', '2018-03-17 15:36:03', '6d3b06c3-c1de-4b62-af6f-fb7c6e41b2a3'),
 ('110', '2', '14', 'IMG_0042.JPG', 'image', '4032', '3024', '1368536', '2018-03-18 13:10:03', '2018-03-18 13:10:03', '2018-03-18 13:10:03', '08965a0c-146d-4521-8a8c-5cfc83025679'),
 ('111', '2', '14', 'IMG_0025-min.JPG', 'image', '3024', '4032', '1686920', '2018-03-18 13:18:38', '2018-03-18 13:18:38', '2018-03-18 13:18:38', 'b979bdc8-e8df-42f5-b98f-dd3f31b0d32f'),
 ('112', '2', '14', 'IMG_0042-min.JPG', 'image', '4032', '3024', '1230086', '2018-03-18 13:19:15', '2018-03-18 13:19:15', '2018-03-18 13:19:15', '59ec346c-718f-454f-aa54-d77ee1dcad7d'),
 ('113', '2', '14', 'IMG_0030-min.JPG', 'image', '3024', '4032', '1180338', '2018-03-18 13:19:42', '2018-03-18 13:19:42', '2018-03-18 13:19:42', 'd1fb4ea3-d4a9-48cb-b75c-93a159f93760'),
 ('114', '2', '14', 'IMG_0034-min.JPG', 'image', '3024', '4032', '1103552', '2018-03-18 13:20:01', '2018-03-18 13:20:01', '2018-03-18 13:20:01', '177c8ed9-7984-46d5-ae05-baef62e77d45'),
 ('115', '2', '14', 'IMG_0040-min.JPG', 'image', '2256', '4032', '1138083', '2018-03-18 13:20:18', '2018-03-18 13:20:18', '2018-03-18 13:20:18', 'cb0d5fd5-9f39-4749-8c2f-a3e70d3ab0c6'),
 ('116', '1', '1', 'IMG_0040-min.JPG', 'image', '2256', '4032', '1138083', '2018-03-18 13:21:21', '2018-03-18 13:21:22', '2018-03-18 13:21:22', '9fa2cc3c-1741-4689-88fe-0fc24616b813');



DROP TABLE IF EXISTS `craft_assetfolders`;


--
-- Schema for table `craft_assetfolders`
--
CREATE TABLE `craft_assetfolders` (
  `id` int(11) NOT NULL AUTO_INCREMENT,
  `parentId` int(11) DEFAULT NULL,
  `sourceId` int(11) DEFAULT NULL,
  `name` varchar(255) COLLATE utf8_unicode_ci NOT NULL,
  `path` varchar(255) COLLATE utf8_unicode_ci DEFAULT NULL,
  `dateCreated` datetime NOT NULL,
  `dateUpdated` datetime NOT NULL,
  `uid` char(36) COLLATE utf8_unicode_ci NOT NULL DEFAULT '0',
  PRIMARY KEY (`id`),
  UNIQUE KEY `craft_assetfolders_name_parentId_sourceId_unq_idx` (`name`,`parentId`,`sourceId`),
  KEY `craft_assetfolders_parentId_fk` (`parentId`),
  KEY `craft_assetfolders_sourceId_fk` (`sourceId`)
) ENGINE=InnoDB AUTO_INCREMENT=21 DEFAULT CHARSET=utf8 COLLATE=utf8_unicode_ci;

--
-- Data for table `craft_assetfolders`
--

INSERT INTO `craft_assetfolders` (`id`, `parentId`, `sourceId`, `name`, `path`, `dateCreated`, `dateUpdated`, `uid`) VALUES
 ('1', NULL, '1', 'images', '', '2018-02-21 08:23:44', '2018-02-21 08:23:44', '375f36f2-66af-440e-946c-ae053f50de83'),
 ('2', NULL, NULL, 'Temporary source', NULL, '2018-02-21 08:29:46', '2018-02-21 08:29:46', 'c6796889-d381-4545-97f2-c667edb864c7'),
 ('3', '2', NULL, 'user_1', 'user_1/', '2018-02-21 08:29:46', '2018-02-21 08:29:46', '8cfba458-2164-464c-9912-e1846779656d'),
 ('4', '3', NULL, 'field_3', 'user_1/field_3/', '2018-02-21 08:29:46', '2018-02-21 08:29:46', '5454d6cd-9180-4d81-a9c9-4d39839e699f'),
 ('5', '1', '1', 'jamaica-p4', 'jamaica-p4/', '2018-02-21 08:31:54', '2018-02-21 08:31:54', '0a189f16-c74a-4bdd-907f-ddfd212e988b'),
 ('6', '1', '1', 'summerjam-2017', 'summerjam-2017/', '2018-02-21 08:32:24', '2018-02-21 08:32:24', '46e1294b-256e-46a8-8647-6b6fa752fa71'),
 ('7', '1', '1', 'reggae-night', 'reggae-night/', '2018-02-21 08:32:39', '2018-02-21 08:32:39', 'b9f41a5e-9b0c-4e50-aa82-0eaaecdc9a5e'),
 ('8', '1', '1', 'jam-around-the-world', 'jam-around-the-world/', '2018-02-21 08:33:01', '2018-02-21 08:33:01', '3e070751-7fe3-474d-b487-287ee397a58a'),
 ('9', '1', '1', 'ziggy-marley-ziggodome', 'ziggy-marley-ziggodome/', '2018-02-21 08:33:20', '2018-02-21 08:33:20', '95ed9690-c84d-47fb-bd32-18cb13f866ee'),
 ('10', '1', '1', 'homepage', 'homepage/', '2018-02-21 08:44:44', '2018-02-21 08:44:44', '9234caeb-2f68-4918-8a59-117bee041698'),
 ('11', '1', '1', 'dilan-tekin', 'dilan-tekin/', '2018-02-21 10:36:37', '2018-02-21 10:36:37', 'a88779a5-d9dd-4236-b025-64c8b7ab5e62'),
 ('12', '1', '1', 'faya-milla', 'faya-milla/', '2018-02-21 10:36:53', '2018-02-21 10:36:53', 'a644f2b2-ee48-45a7-b5ee-95a0beddc751'),
 ('13', '1', '1', 'remco-hoeneveld', 'remco-hoeneveld/', '2018-02-21 10:37:06', '2018-02-21 10:37:06', '6eb5ec52-bd2b-4e99-86c5-ae732c99a04f'),
 ('14', NULL, '2', 'backline', '', '2018-02-21 14:46:51', '2018-02-21 14:46:51', '70a48b33-4770-4297-86a1-61ffa55d5a4c'),
 ('15', '1', '1', 'backline', 'backline/', '2018-02-21 15:06:14', '2018-02-21 15:06:14', '3b44c073-dffe-4094-a94a-f5fe0df67631'),
 ('16', NULL, '3', 'bands', '', '2018-02-21 15:29:06', '2018-02-21 15:29:06', 'e9b90e5e-15b9-4df0-9754-49805797c982'),
 ('17', NULL, '4', 'artists', '', '2018-02-21 15:29:22', '2018-02-21 15:29:22', 'c4a2ca33-75b6-4309-bae1-4a31f2617288'),
 ('18', NULL, '5', 'shows', '', '2018-02-21 15:31:38', '2018-02-21 15:31:38', '08f3a158-3459-4cc8-9dff-4cd46ebf2d1c'),
 ('19', NULL, '6', 'media', '', '2018-02-21 16:06:33', '2018-02-21 16:06:33', '2402c3e5-c8a2-41ee-b836-5a173d798597'),
 ('20', NULL, '7', 'news', '', '2018-03-01 09:29:39', '2018-03-01 09:29:39', '2b4f269b-1783-4b79-bf79-6a9990e8b57a');



DROP TABLE IF EXISTS `craft_assetindexdata`;


--
-- Schema for table `craft_assetindexdata`
--
CREATE TABLE `craft_assetindexdata` (
  `id` int(11) NOT NULL AUTO_INCREMENT,
  `sessionId` varchar(36) COLLATE utf8_unicode_ci NOT NULL DEFAULT '',
  `sourceId` int(10) NOT NULL,
  `offset` int(10) NOT NULL,
  `uri` varchar(255) COLLATE utf8_unicode_ci DEFAULT NULL,
  `size` varchar(255) COLLATE utf8_unicode_ci DEFAULT NULL,
  `recordId` int(10) DEFAULT NULL,
  `dateCreated` datetime NOT NULL,
  `dateUpdated` datetime NOT NULL,
  `uid` char(36) COLLATE utf8_unicode_ci NOT NULL DEFAULT '0',
  PRIMARY KEY (`id`),
  UNIQUE KEY `craft_assetindexdata_sessionId_sourceId_offset_unq_idx` (`sessionId`,`sourceId`,`offset`),
  KEY `craft_assetindexdata_sourceId_fk` (`sourceId`)
) ENGINE=InnoDB DEFAULT CHARSET=utf8 COLLATE=utf8_unicode_ci;

DROP TABLE IF EXISTS `craft_assetsources`;


--
-- Schema for table `craft_assetsources`
--
CREATE TABLE `craft_assetsources` (
  `id` int(11) NOT NULL AUTO_INCREMENT,
  `name` varchar(255) COLLATE utf8_unicode_ci NOT NULL,
  `handle` varchar(255) COLLATE utf8_unicode_ci NOT NULL,
  `type` varchar(150) COLLATE utf8_unicode_ci NOT NULL,
  `settings` text COLLATE utf8_unicode_ci,
  `sortOrder` smallint(6) unsigned DEFAULT NULL,
  `fieldLayoutId` int(10) DEFAULT NULL,
  `dateCreated` datetime NOT NULL,
  `dateUpdated` datetime NOT NULL,
  `uid` char(36) COLLATE utf8_unicode_ci NOT NULL DEFAULT '0',
  PRIMARY KEY (`id`),
  UNIQUE KEY `craft_assetsources_name_unq_idx` (`name`),
  UNIQUE KEY `craft_assetsources_handle_unq_idx` (`handle`),
  KEY `craft_assetsources_fieldLayoutId_fk` (`fieldLayoutId`)
) ENGINE=InnoDB AUTO_INCREMENT=8 DEFAULT CHARSET=utf8 COLLATE=utf8_unicode_ci;

--
-- Data for table `craft_assetsources`
--

INSERT INTO `craft_assetsources` (`id`, `name`, `handle`, `type`, `settings`, `sortOrder`, `fieldLayoutId`, `dateCreated`, `dateUpdated`, `uid`) VALUES
 ('1', 'images', 'images', 'Local', '{\"path\":\"images\\/\",\"publicURLs\":\"1\",\"url\":\"images\\/\"}', '1', '24', '2018-02-21 08:23:44', '2018-02-21 14:46:58', 'b65b4341-426f-4ed5-8fb5-89728cf22f48'),
 ('2', 'backline', 'backline', 'Local', '{\"path\":\"images\\/backline\\/\",\"publicURLs\":\"1\",\"url\":\"images\\/backline\\/\"}', '2', '26', '2018-02-21 14:46:51', '2018-02-21 15:03:29', '961d3412-70cc-46b9-a3d6-a31b1938c178'),
 ('3', 'bands', 'bands', 'Local', '{\"path\":\"images\\/bands\\/\",\"publicURLs\":\"1\",\"url\":\"images\\/bands\\/\"}', '3', '27', '2018-02-21 15:29:06', '2018-02-21 15:29:06', '64136d54-100f-40ad-9288-a4f9961d6101'),
 ('4', 'artists', 'artists', 'Local', '{\"path\":\"images\\/artists\\/\",\"publicURLs\":\"1\",\"url\":\"images\\/artists\\/\"}', '4', '28', '2018-02-21 15:29:22', '2018-02-21 15:29:22', '5850b843-6372-4e9a-8231-1c48f77b84ed'),
 ('5', 'shows', 'shows', 'Local', '{\"path\":\"images\\/shows\\/\",\"publicURLs\":\"1\",\"url\":\"images\\/shows\\/\"}', '5', '29', '2018-02-21 15:31:38', '2018-02-21 15:31:38', '5ed7a1d5-17e8-4e5b-a9d9-3a2fddc07680'),
 ('6', 'media', 'media', 'Local', '{\"path\":\"images\\/media\\/\",\"publicURLs\":\"1\",\"url\":\"images\\/media\\/\"}', '6', '33', '2018-02-21 16:06:33', '2018-02-21 16:06:33', 'b2a4ea80-4515-4dbd-aef4-6d4aa3a024d5'),
 ('7', 'news', 'news', 'Local', '{\"path\":\"images\\/news\\/\",\"publicURLs\":\"1\",\"url\":\"images\\/news\\/\"}', '7', '48', '2018-03-01 09:29:39', '2018-03-01 09:29:39', '452053a6-8827-4703-b2d8-2e56eb254d84');



DROP TABLE IF EXISTS `craft_assettransformindex`;


--
-- Schema for table `craft_assettransformindex`
--
CREATE TABLE `craft_assettransformindex` (
  `id` int(11) NOT NULL AUTO_INCREMENT,
  `fileId` int(11) NOT NULL,
  `filename` varchar(255) COLLATE utf8_unicode_ci DEFAULT NULL,
  `format` varchar(255) COLLATE utf8_unicode_ci DEFAULT NULL,
  `location` varchar(255) COLLATE utf8_unicode_ci NOT NULL,
  `sourceId` int(11) DEFAULT NULL,
  `fileExists` tinyint(1) DEFAULT NULL,
  `inProgress` tinyint(1) DEFAULT NULL,
  `dateIndexed` datetime DEFAULT NULL,
  `dateCreated` datetime NOT NULL,
  `dateUpdated` datetime NOT NULL,
  `uid` char(36) COLLATE utf8_unicode_ci NOT NULL DEFAULT '0',
  PRIMARY KEY (`id`),
  KEY `craft_assettransformindex_sourceId_fileId_location_idx` (`sourceId`,`fileId`,`location`)
) ENGINE=InnoDB DEFAULT CHARSET=utf8 COLLATE=utf8_unicode_ci;

DROP TABLE IF EXISTS `craft_assettransforms`;


--
-- Schema for table `craft_assettransforms`
--
CREATE TABLE `craft_assettransforms` (
  `id` int(11) NOT NULL AUTO_INCREMENT,
  `name` varchar(255) COLLATE utf8_unicode_ci NOT NULL,
  `handle` varchar(255) COLLATE utf8_unicode_ci NOT NULL,
  `mode` enum('stretch','fit','crop') COLLATE utf8_unicode_ci NOT NULL DEFAULT 'crop',
  `position` enum('top-left','top-center','top-right','center-left','center-center','center-right','bottom-left','bottom-center','bottom-right') COLLATE utf8_unicode_ci NOT NULL DEFAULT 'center-center',
  `height` int(10) DEFAULT NULL,
  `width` int(10) DEFAULT NULL,
  `format` varchar(255) COLLATE utf8_unicode_ci DEFAULT NULL,
  `quality` int(10) DEFAULT NULL,
  `dimensionChangeTime` datetime DEFAULT NULL,
  `dateCreated` datetime NOT NULL,
  `dateUpdated` datetime NOT NULL,
  `uid` char(36) COLLATE utf8_unicode_ci NOT NULL DEFAULT '0',
  PRIMARY KEY (`id`),
  UNIQUE KEY `craft_assettransforms_name_unq_idx` (`name`),
  UNIQUE KEY `craft_assettransforms_handle_unq_idx` (`handle`)
) ENGINE=InnoDB DEFAULT CHARSET=utf8 COLLATE=utf8_unicode_ci;

DROP TABLE IF EXISTS `craft_categories`;


--
-- Schema for table `craft_categories`
--
CREATE TABLE `craft_categories` (
  `id` int(11) NOT NULL,
  `groupId` int(11) NOT NULL,
  `dateCreated` datetime NOT NULL,
  `dateUpdated` datetime NOT NULL,
  `uid` char(36) COLLATE utf8_unicode_ci NOT NULL DEFAULT '0',
  PRIMARY KEY (`id`),
  KEY `craft_categories_groupId_fk` (`groupId`)
) ENGINE=InnoDB DEFAULT CHARSET=utf8 COLLATE=utf8_unicode_ci;

DROP TABLE IF EXISTS `craft_categorygroups`;


--
-- Schema for table `craft_categorygroups`
--
CREATE TABLE `craft_categorygroups` (
  `id` int(11) NOT NULL AUTO_INCREMENT,
  `structureId` int(11) NOT NULL,
  `fieldLayoutId` int(11) DEFAULT NULL,
  `name` varchar(255) COLLATE utf8_unicode_ci NOT NULL,
  `handle` varchar(255) COLLATE utf8_unicode_ci NOT NULL,
  `hasUrls` tinyint(1) unsigned NOT NULL DEFAULT '1',
  `template` varchar(500) COLLATE utf8_unicode_ci DEFAULT NULL,
  `dateCreated` datetime NOT NULL,
  `dateUpdated` datetime NOT NULL,
  `uid` char(36) COLLATE utf8_unicode_ci NOT NULL DEFAULT '0',
  PRIMARY KEY (`id`),
  UNIQUE KEY `craft_categorygroups_name_unq_idx` (`name`),
  UNIQUE KEY `craft_categorygroups_handle_unq_idx` (`handle`),
  KEY `craft_categorygroups_structureId_fk` (`structureId`),
  KEY `craft_categorygroups_fieldLayoutId_fk` (`fieldLayoutId`)
) ENGINE=InnoDB DEFAULT CHARSET=utf8 COLLATE=utf8_unicode_ci;

DROP TABLE IF EXISTS `craft_categorygroups_i18n`;


--
-- Schema for table `craft_categorygroups_i18n`
--
CREATE TABLE `craft_categorygroups_i18n` (
  `id` int(11) NOT NULL AUTO_INCREMENT,
  `groupId` int(11) NOT NULL,
  `locale` char(12) COLLATE utf8_unicode_ci NOT NULL,
  `urlFormat` text COLLATE utf8_unicode_ci,
  `nestedUrlFormat` text COLLATE utf8_unicode_ci,
  `dateCreated` datetime NOT NULL,
  `dateUpdated` datetime NOT NULL,
  `uid` char(36) COLLATE utf8_unicode_ci NOT NULL DEFAULT '0',
  PRIMARY KEY (`id`),
  UNIQUE KEY `craft_categorygroups_i18n_groupId_locale_unq_idx` (`groupId`,`locale`),
  KEY `craft_categorygroups_i18n_locale_fk` (`locale`)
) ENGINE=InnoDB DEFAULT CHARSET=utf8 COLLATE=utf8_unicode_ci;

DROP TABLE IF EXISTS `craft_content`;


--
-- Schema for table `craft_content`
--
CREATE TABLE `craft_content` (
  `id` int(11) NOT NULL AUTO_INCREMENT,
  `elementId` int(11) NOT NULL,
  `locale` char(12) COLLATE utf8_unicode_ci NOT NULL,
  `title` varchar(255) COLLATE utf8_unicode_ci DEFAULT NULL,
  `field_body` text COLLATE utf8_unicode_ci,
  `field_backlinePackageBands` text COLLATE utf8_unicode_ci,
  `field_backlinePackageSounds` text COLLATE utf8_unicode_ci,
  `field_backlinePackageBoth` text COLLATE utf8_unicode_ci,
  `field_headerPosition` varchar(255) COLLATE utf8_unicode_ci DEFAULT 'center',
  `field_profession` varchar(255) COLLATE utf8_unicode_ci DEFAULT NULL,
  `field_spotifyplaylistlink` text COLLATE utf8_unicode_ci,
  `field_youtubeUrl` text COLLATE utf8_unicode_ci,
  `field_soundcloudUrl` text COLLATE utf8_unicode_ci,
  `dateCreated` datetime NOT NULL,
  `dateUpdated` datetime NOT NULL,
  `uid` char(36) COLLATE utf8_unicode_ci NOT NULL DEFAULT '0',
  PRIMARY KEY (`id`),
  UNIQUE KEY `craft_content_elementId_locale_unq_idx` (`elementId`,`locale`),
  KEY `craft_content_title_idx` (`title`),
  KEY `craft_content_locale_fk` (`locale`)
) ENGINE=InnoDB AUTO_INCREMENT=117 DEFAULT CHARSET=utf8 COLLATE=utf8_unicode_ci;

--
-- Data for table `craft_content`
--

INSERT INTO `craft_content` (`id`, `elementId`, `locale`, `title`, `field_body`, `field_backlinePackageBands`, `field_backlinePackageSounds`, `field_backlinePackageBoth`, `field_headerPosition`, `field_profession`, `field_spotifyplaylistlink`, `field_youtubeUrl`, `field_soundcloudUrl`, `dateCreated`, `dateUpdated`, `uid`) VALUES
 ('1', '1', 'nl', NULL, NULL, NULL, NULL, NULL, 'center', NULL, NULL, NULL, NULL, '2018-02-20 09:10:16', '2018-03-09 14:30:55', '3d1c7c19-948b-420c-a452-c2c408abe7dd'),
 ('2', '2', 'nl', 'BiglionPromotions', '<p><strong>We of Big Lion Promotions, believe in the power of live music. We stand for positivity, equality and love, and so we are promoting and supporting bands, artist and event-organizers who want to bring forth that same message.</strong></p>\r\n<p>Music has always been one of the most powerful tools to spread messages, we believe in the positive message which our bands and artists bring forth. We want to make it easy for events to find and program exiting and professional bands with a positive message. We also don\'t want bands and artists to spend time thinking about their promotion and/or live-shows while they really should spend that time on making new music. We, Big Lion Promotions, take care of those things in a professional way. </p>\r\n<p>Let the artist play!</p>\r\n<p>Let the organizer organise! </p>', NULL, NULL, NULL, 'center', NULL, NULL, NULL, NULL, '2018-02-20 09:10:18', '2018-03-17 14:57:18', '28544d7d-84dc-44da-a6d0-84e48bcdfc99'),
 ('4', '4', 'nl', 'contact', NULL, NULL, NULL, NULL, 'center', NULL, NULL, NULL, NULL, '2018-02-20 09:11:22', '2018-02-20 09:11:22', 'd3fce3f6-8449-448a-b5e8-cca4aed82d94'),
 ('10', '10', 'nl', 'Jamaica P4', '<p><strong>Lorem Ipsum</strong> is simply dummy text of the printing and typesetting industry. Lorem Ipsum has been the industry\'s standard dummy text ever since the 1500s, when an unknown printer took a galley of type and scrambled it to make a type specimen book. It has survived not only five centuries, but also the leap into electronic typesetting, remaining essentially unchanged. It was popularised in the 1960s with the release of Letraset sheets containing Lorem Ipsum passages, and more recently with desktop publishing software like Aldus PageMaker including versions of Lorem Ipsum.</p>', NULL, NULL, NULL, 'center', NULL, NULL, NULL, NULL, '2018-02-21 08:31:54', '2018-02-22 16:06:30', '46836fa9-0ad1-4ee1-87a8-29c1b40cf99c'),
 ('11', '11', 'nl', 'Sunrise 2017', '<p><strong>Lorem Ipsum</strong> is simply dummy text of the printing and typesetting industry. Lorem Ipsum has been the industry\'s standard dummy text ever since the 1500s, when an unknown printer took a galley of type and scrambled it to make a type specimen book. It has survived not only five centuries, but also the leap into electronic typesetting, remaining essentially unchanged. It was popularised in the 1960s with the release of Letraset sheets containing Lorem Ipsum passages, and more recently with desktop publishing software like Aldus PageMaker including versions of Lorem Ipsum.</p>', NULL, NULL, NULL, 'center', NULL, NULL, 'olXNswhKsPE', '220655213', '2018-02-21 08:32:24', '2018-02-26 08:26:48', '0b9498ec-25a0-44cf-9820-9891ca1209cc'),
 ('12', '12', 'nl', 'Reggae Night', '<p><strong>Lorem Ipsum</strong> is simply dummy text of the printing and typesetting industry. Lorem Ipsum has been the industry\'s standard dummy text ever since the 1500s, when an unknown printer took a galley of type and scrambled it to make a type specimen book. It has survived not only five centuries, but also the leap into electronic typesetting, remaining essentially unchanged. It was popularised in the 1960s with the release of Letraset sheets containing Lorem Ipsum passages, and more recently with desktop publishing software like Aldus PageMaker including versions of Lorem Ipsum.</p>', NULL, NULL, NULL, 'top', NULL, NULL, NULL, NULL, '2018-02-21 08:32:39', '2018-02-22 16:17:39', '9a86ab7f-5ca8-4bdf-ac45-d153322aba27'),
 ('13', '13', 'nl', 'Jam around the world!', '<p><strong>Lorem Ipsum</strong> is simply dummy text of the printing and typesetting industry. Lorem Ipsum has been the industry\'s standard dummy text ever since the 1500s, when an unknown printer took a galley of type and scrambled it to make a type specimen book. It has survived not only five centuries, but also the leap into electronic typesetting, remaining essentially unchanged. It was popularised in the 1960s with the release of Letraset sheets containing Lorem Ipsum passages, and more recently with desktop publishing software like Aldus PageMaker including versions of Lorem Ipsum.</p>', NULL, NULL, NULL, 'top', NULL, NULL, 'bqlhSF1hlsw', NULL, '2018-02-21 08:33:01', '2018-02-24 16:38:14', '61fe0769-b385-4d97-ba32-37b6171b5125'),
 ('14', '14', 'nl', 'Ziggy Marley Ziggodome', '<p><strong>Lorem Ipsum</strong> is simply dummy text of the printing and typesetting industry. Lorem Ipsum has been the industry\'s standard dummy text ever since the 1500s, when an unknown printer took a galley of type and scrambled it to make a type specimen book. It has survived not only five centuries, but also the leap into electronic typesetting, remaining essentially unchanged. It was popularised in the 1960s with the release of Letraset sheets containing Lorem Ipsum passages, and more recently with desktop publishing software like Aldus PageMaker including versions of Lorem Ipsum.</p>', NULL, NULL, NULL, 'top', NULL, NULL, 'w63Jf-EYiNI', '', '2018-02-21 08:33:20', '2018-03-15 19:51:38', '8cc999a7-479d-4d0d-9f43-73343a74c45d'),
 ('20', '20', 'nl', 'Dilan Tekin', '<p>Dilan Tekin is a young and experienced guitar player, he is mostly known for his time\'s with Jah Reflection and OneWorldBand. He is known in the reggae-scene for his crazy chops and many live-effects. Besides that he also played with a lot of (female) singers in a unplugged set-up. At the moment he is performing with Faya-Milla &amp; The Lion Crew. You can hire this outstanding guitarist as stand-in musician, for acoustic and non-acoustic sets. </p><p><br />Do you want more info about Dilan Tekin or do you want to hire him for you\'re tour/recording-session/unplugged session? Contact Big Lion Promotions today!</p>', NULL, NULL, NULL, 'center', '[\"Gitarist\"]', NULL, '', '', '2018-02-21 10:36:36', '2018-03-17 15:43:22', 'ac13afb4-dcc7-403b-b4db-db55846b0977'),
 ('21', '21', 'nl', 'Faya-Milla', '<p>Faya-Milla is a well known and professional Reggae Dancehall singer from surinam. He has been around for a longtime, known for his work with WeeniemanSound and OneWorldBand. At this time he is the lead singer in Faya-Milla &amp; The Lion Crew. Faya-Milla can be booked with his band, or solo.</p>\r\n<div class=\"video-container\"></div>', NULL, NULL, NULL, 'center', '[\"Zanger\"]', NULL, 'Sl61_4lghNE', '', '2018-02-21 10:36:53', '2018-03-16 11:12:37', 'edfedd57-b4fc-4e55-882b-165c9c06a28f'),
 ('22', '22', 'nl', 'Remco Hoeneveld', '<p><strong>Lorem ipsum</strong>. L <strong>Lorem ipsum</strong> dolor sit amet, consectetuer adipiscing elit. Aenean commodo ligula eget dolor. Aenean massa. Cum sociis natoque penatibus et magnis dis parturient montes, nascetur ridiculus mus. Donec quam felis, ultricies nec, pellentesque eu, pretium quis, sem. Nulla consequat massa quis enim. Donec</p>', NULL, NULL, NULL, 'center', '[\"Producer\"]', NULL, '', '', '2018-02-21 10:37:06', '2018-03-15 19:54:40', 'e781fec5-c814-49ab-bcd6-3ff6bde860f1'),
 ('23', '23', 'nl', 'backline', '<p>Besides bands and artists we also provide a complete backline if necessary. This is a professional backline fit for a 300 men crowd. You can book the backline with or without a sound-engineer, this way we make it easy for you to organise you\'re event. You can hire just the backline, or you can take a band and the backline, how big do you want you\'re event to be? That is up to you!</p>', 'Besides the backline it is also possible to book a band or artist for you\'re event. You\'re whole event could be on this site! ', 'For just the backline, you can mail and ask biglionpromotions for a quotation, prices will differ cause of distance and duration of the event.', 'The most profitable deal you can make, with hiring the backline and booking a band you\'l reduce travel costs. ', 'center', NULL, NULL, NULL, NULL, '2018-02-21 14:36:33', '2018-03-18 13:21:30', '3a0fe434-11ea-4401-ba3d-2e779868ca9e'),
 ('28', '28', 'nl', 'Dilan', NULL, NULL, NULL, NULL, 'center', NULL, NULL, NULL, NULL, '2018-02-21 15:43:06', '2018-02-21 15:43:06', '73a78e76-75f0-4fe0-9bf5-8641c07bfa5b'),
 ('29', '29', 'nl', 'Faya Milla Ellis Moore', NULL, NULL, NULL, NULL, 'center', NULL, NULL, NULL, NULL, '2018-02-21 15:43:07', '2018-02-21 15:43:07', '7429c9b8-5b68-4599-9c42-100883f98de1'),
 ('30', '30', 'nl', 'Remco Hoeneveld', NULL, NULL, NULL, NULL, 'center', NULL, NULL, NULL, NULL, '2018-02-21 15:43:07', '2018-02-21 15:43:07', '7bd0a18c-1907-447f-9980-182592ec8502'),
 ('31', '31', 'nl', '1204 One World Band 02', NULL, NULL, NULL, NULL, 'center', NULL, NULL, NULL, NULL, '2018-02-21 15:44:02', '2018-02-21 15:44:02', '7bc41c1b-68a5-4a53-b4d8-9dcd6ec075c4'),
 ('33', '33', 'nl', 'Jamaica Pr6 2 14 P02 H', NULL, NULL, NULL, NULL, 'center', NULL, NULL, NULL, NULL, '2018-02-21 15:44:22', '2018-02-21 15:44:22', 'd9465e19-2ece-42fd-9adb-559ac58c22e2'),
 ('34', '34', 'nl', 'Maxresdefault 1', NULL, NULL, NULL, NULL, 'center', NULL, NULL, NULL, NULL, '2018-02-21 15:44:22', '2018-02-21 15:44:22', '21030da4-2a11-43b9-91db-c09e6abe4e59'),
 ('35', '35', 'nl', 'Maxresdefault', NULL, NULL, NULL, NULL, 'center', NULL, NULL, NULL, NULL, '2018-02-21 15:44:22', '2018-02-21 15:44:22', 'b31d00ba-7e85-4324-bde2-76864a45a751'),
 ('36', '36', 'nl', 'Reggae Night', NULL, NULL, NULL, NULL, 'center', NULL, NULL, NULL, NULL, '2018-02-21 15:44:23', '2018-02-21 15:44:23', 'a20f2a60-f170-4630-8537-ff9cc42d4ae3'),
 ('37', '37', 'nl', 'Stephen Ziggy Marley', NULL, NULL, NULL, NULL, 'center', NULL, NULL, NULL, NULL, '2018-02-21 15:44:23', '2018-02-21 15:44:23', 'e412909e-82c8-4b89-8cde-39b0ea61ff94'),
 ('38', '38', 'nl', '20108570 756867254493142 1608030923218655468 N', NULL, NULL, NULL, NULL, 'center', NULL, NULL, NULL, NULL, '2018-02-21 15:46:07', '2018-02-21 15:46:07', 'e8b3e06f-a5b4-4b38-a079-b079f5034a1e'),
 ('39', '39', 'nl', '20139960 756858411160693 1824294467137751100 N', NULL, NULL, NULL, NULL, 'center', NULL, NULL, NULL, NULL, '2018-02-21 15:46:07', '2018-02-21 15:46:07', 'f848cba0-4da6-4192-88a9-61abf7c5226e'),
 ('40', '40', 'nl', '20108570 756867254493142 1608030923218655468 N', NULL, NULL, NULL, NULL, 'center', NULL, NULL, NULL, NULL, '2018-02-21 16:11:32', '2018-02-21 16:11:32', '1fa15779-05e5-47d3-8649-d870d6f479b3'),
 ('41', '41', 'nl', 'Faya-milla & The Lion Crew', NULL, NULL, NULL, NULL, 'center', NULL, NULL, NULL, NULL, '2018-02-21 16:11:33', '2018-03-16 12:08:38', 'f9de9421-25f8-49c5-8c3b-34abdd6683fc'),
 ('42', '42', 'nl', 'one world band!', NULL, NULL, NULL, NULL, 'center', NULL, NULL, NULL, NULL, '2018-02-21 16:11:42', '2018-02-24 11:55:37', '44f7c6d9-921e-47ee-897f-b7f507a98287'),
 ('43', '43', 'nl', 'Media', NULL, NULL, NULL, NULL, 'center', NULL, NULL, NULL, NULL, '2018-02-21 16:12:30', '2018-03-16 12:12:24', '7bd7cb2a-d507-4b1e-aa23-0f21d29b1768'),
 ('44', '44', 'nl', 'Backline', NULL, NULL, NULL, NULL, 'center', NULL, NULL, NULL, NULL, '2018-02-21 16:22:52', '2018-02-21 16:22:52', '0591fb55-02b6-4f7e-878b-4bf6071da73b'),
 ('45', '45', 'nl', 'Wc1696785', NULL, NULL, NULL, NULL, 'center', NULL, NULL, NULL, NULL, '2018-02-22 13:03:16', '2018-02-22 13:03:16', 'df3529d4-2b89-4f32-83e2-e044dec2573b'),
 ('46', '46', 'nl', 'Wc1696786', NULL, NULL, NULL, NULL, 'center', NULL, NULL, NULL, NULL, '2018-02-22 13:03:17', '2018-02-22 13:03:17', 'a5159ec8-0e36-414d-b113-0d639154f3cc'),
 ('47', '47', 'nl', 'Wc1696789', NULL, NULL, NULL, NULL, 'center', NULL, NULL, NULL, NULL, '2018-02-22 13:03:17', '2018-02-22 13:03:17', '6e96cf06-8188-4cdf-94a7-d9071f541202'),
 ('48', '48', 'nl', 'Wc1696790', NULL, NULL, NULL, NULL, 'center', NULL, NULL, NULL, NULL, '2018-02-22 13:03:18', '2018-02-22 13:03:18', 'a1684267-f5fe-4348-859a-93fbbfd55820'),
 ('49', '49', 'nl', 'Wc1696791', NULL, NULL, NULL, NULL, 'center', NULL, NULL, NULL, NULL, '2018-02-22 13:03:18', '2018-02-22 13:03:18', 'b7000014-3294-4d84-834f-ca342b925871'),
 ('50', '50', 'nl', 'Wc1696805', NULL, NULL, NULL, NULL, 'center', NULL, NULL, NULL, NULL, '2018-02-22 13:03:18', '2018-02-22 13:03:18', '36378beb-7908-4fe6-afe6-b595a8c79e08'),
 ('51', '51', 'nl', 'Wc1696809', NULL, NULL, NULL, NULL, 'center', NULL, NULL, NULL, NULL, '2018-02-22 13:03:19', '2018-02-22 13:03:19', 'f7df743a-6de1-48c0-b425-0c53db9a6447'),
 ('52', '52', 'nl', 'Wc1696811', NULL, NULL, NULL, NULL, 'center', NULL, NULL, NULL, NULL, '2018-02-22 13:03:19', '2018-02-22 13:03:19', '44e1fcb7-40a0-48e5-baf1-ca7d19387662'),
 ('53', '53', 'nl', 'Wc1696813', NULL, NULL, NULL, NULL, 'center', NULL, NULL, NULL, NULL, '2018-02-22 13:03:19', '2018-02-22 13:03:19', '80831de8-54b1-4255-8111-d6b99c63ff42'),
 ('54', '54', 'nl', 'Wc1696814', NULL, NULL, NULL, NULL, 'center', NULL, NULL, NULL, NULL, '2018-02-22 13:03:20', '2018-02-22 13:03:20', 'cd3fd4a0-b118-4ceb-a82e-1f24e85de9ea'),
 ('55', '55', 'nl', 'Wc1696817', NULL, NULL, NULL, NULL, 'center', NULL, NULL, NULL, NULL, '2018-02-22 13:03:20', '2018-02-22 13:03:20', '4b21e9ab-9e83-4e34-a05c-35b908c8c186'),
 ('56', '56', 'nl', 'Dubtonic Kru', NULL, NULL, NULL, NULL, 'center', NULL, NULL, NULL, NULL, '2018-02-22 16:37:53', '2018-02-22 16:37:53', 'e1d7fc03-6b37-40cc-9160-7cf54a80e362'),
 ('57', '57', 'nl', 'Hurricane Reggae Band', NULL, NULL, NULL, NULL, 'center', NULL, NULL, NULL, NULL, '2018-02-22 16:37:53', '2018-02-22 16:37:53', '3d8d9130-61d5-4373-9989-fdb750810b22'),
 ('58', '58', 'nl', 'Rubera Roots Band Photo 11', NULL, NULL, NULL, NULL, 'center', NULL, NULL, NULL, NULL, '2018-02-22 16:37:53', '2018-02-22 16:37:53', '773b4d9b-c535-405d-921d-86743b948c29'),
 ('62', '62', 'nl', 'Aaeaaqaaaaaaaazsaaaajdu2 Nj Q3 Zdew Ltcx Yzkt Ndrj Zs1I Nm Rk Ltdh Otk1 Mj Ez Nti4 Nq', NULL, NULL, NULL, NULL, 'center', '[\"Gitarist\"]', NULL, NULL, NULL, '2018-02-24 12:35:12', '2018-02-24 12:35:12', '13dcdb64-3b6a-4635-951a-4e1ddc5a9875'),
 ('63', '63', 'nl', 'Aamaag Dgaaw Aaqaaaaaaabfk Aaaajdjk Mj Q4 Ytm4 Lwjl Ztyt Ndm0 Ns1H Mtix Lte1 Zm Yy Ndzh Mj U5 Mg', NULL, NULL, NULL, NULL, 'center', '[\"Gitarist\"]', NULL, NULL, NULL, '2018-02-24 12:35:12', '2018-02-24 12:35:12', '09736a9a-3fb5-4cca-8155-a46e80bee994'),
 ('64', '64', 'nl', 'Hurricane Reggae Band', NULL, NULL, NULL, NULL, 'center', '[\"Gitarist\"]', NULL, NULL, NULL, '2018-03-01 09:32:24', '2018-03-01 09:32:24', 'ce35512e-d396-4a2f-ad7a-5806b932e747'),
 ('65', '65', 'nl', 'Band c', NULL, NULL, NULL, NULL, 'center', '[\"Gitarist\"]', NULL, NULL, NULL, '2018-03-01 09:32:34', '2018-03-01 09:32:34', 'a2f2573e-bd7b-442a-a370-469491c9cb74'),
 ('66', '66', 'nl', 'B', NULL, NULL, NULL, NULL, 'center', '[\"Gitarist\"]', NULL, NULL, NULL, '2018-03-01 09:32:35', '2018-03-01 09:32:35', '428cc954-0173-4354-883f-ba9603f3f1c5'),
 ('67', '67', 'nl', 'Band', NULL, NULL, NULL, NULL, 'center', '[\"Gitarist\"]', NULL, NULL, NULL, '2018-03-01 09:32:46', '2018-03-01 09:32:46', '411fb591-6d1e-411f-9dfe-4e7977037b9b'),
 ('68', '68', 'nl', 'Back', NULL, NULL, NULL, NULL, 'center', '[\"Gitarist\"]', NULL, NULL, NULL, '2018-03-01 09:32:49', '2018-03-01 09:32:49', 'c47deebb-dda2-42b1-8123-923a72e65fb6'),
 ('69', '69', 'nl', 'Chilling 6', NULL, NULL, NULL, NULL, 'center', '[\"Gitarist\"]', NULL, NULL, NULL, '2018-03-01 09:34:06', '2018-03-01 09:34:06', '69ac5905-817c-4881-a114-28972ae88608'),
 ('71', '71', 'nl', 'Img 1512', NULL, NULL, NULL, NULL, 'center', '[\"Gitarist\"]', NULL, NULL, NULL, '2018-03-10 12:21:55', '2018-03-10 12:21:55', 'b31acd48-c928-4b99-9386-11a92292ed7d'),
 ('72', '72', 'nl', 'Faya-Milla & The Lion Crew', '<p>After the break-up of the famous OneWorldBand. The singer, guitarist, and key player, decided that their time wasn\'t over yet. And so they began a new group called Faya-Milla &amp; The Lion Crew. The combination of their talent and experience promises a lot of good to come for the reggae scene in holland. There new album is set to release in April 2018. And so their album tour will be planned in the spring and summer of 2018. Do you want more info about this band or book this band for you\'re event? Contact BigLionPromotions Today!</p>\r\n<div class=\"video-container\"><a href=\"https://www.youtube.com/watch?v=w5q9aZ3TRHo\">Faya-Milla &amp; The Lion Crew</a></div>', NULL, NULL, NULL, 'center', '[\"Gitarist\"]', '', 'bqlhSF1hlsw', '', '2018-03-10 12:22:45', '2018-03-16 12:21:17', 'ce89d80f-53cb-49e5-abdc-dc024d43970e'),
 ('73', '73', 'nl', 'Img 1097', NULL, NULL, NULL, NULL, 'center', '[\"Gitarist\"]', NULL, NULL, NULL, '2018-03-10 12:32:49', '2018-03-10 12:32:49', '15a8bce1-2250-48ee-9b13-c4f9255fe6dc'),
 ('74', '74', 'nl', 'Faya-Milla & The Lion Crew joins BigLionPromotions!', '<p>Just in! The very talented and promising reggae band The Lion Crew signed with BigLionPromotions! We are very happy to be working with one of the most talented group of the country! There album is set to release in April this year! And so there are some exiting times ahead of us!</p>\r\n<p>To give you a taste:</p>\r\n<div class=\"video-container\"></div>\r\n<div class=\"video-container\"></div>', NULL, NULL, NULL, 'center', '[\"Gitarist\"]', NULL, 'zgSr-kCqFhA', '', '2018-03-10 12:33:00', '2018-03-16 12:13:48', '960eff97-e34a-46ed-8f3a-a818efc223cb'),
 ('75', '75', 'nl', '28056670 1877371859221636 5421875706496978027 N', NULL, NULL, NULL, NULL, 'center', '[\"Gitarist\"]', NULL, NULL, NULL, '2018-03-10 13:04:21', '2018-03-10 13:04:21', '707739e9-f444-420d-893d-b78b2851e3ca'),
 ('76', '76', 'nl', 'Jah Reflection', '<p>Jah Reflection is a upcoming Reggae-band from Rotterdam. With 3 real queens leading the vocals and a real horn-section, this band brings a real unique, inspiring and happy experience to every show there playing. Jah Reflection already did some amazing shows and they will be continuing climbing to the top for sure! Want to get more info. about this band, or do you want to book them for you\'re event? Contact BigLionPromotions today!</p>\r\n<div class=\"video-container\"></div>', NULL, NULL, NULL, 'center', '[\"Gitarist\"]', '', 'X-6Kiewe1oc', '', '2018-03-10 13:04:41', '2018-03-16 12:19:27', '17e8919a-7e2a-424e-8fca-377a85b3ac8f'),
 ('77', '77', 'nl', 'Jah Reflection live @ patronaat', NULL, NULL, NULL, NULL, 'center', '[\"Gitarist\"]', NULL, NULL, NULL, '2018-03-16 12:03:33', '2018-03-16 12:08:55', '3d1860be-b344-440c-b65d-adb5c5f995fd'),
 ('78', '78', 'nl', 'Jah Reflection live @ patronaat', NULL, NULL, NULL, NULL, 'center', '[\"Gitarist\"]', NULL, NULL, NULL, '2018-03-16 12:03:54', '2018-03-16 12:09:08', '085b6ac3-301b-4829-b682-fb20b136a339'),
 ('79', '79', 'nl', 'Jah Reflection live @ patronaat', NULL, NULL, NULL, NULL, 'center', '[\"Gitarist\"]', NULL, NULL, NULL, '2018-03-16 12:04:17', '2018-03-16 12:09:27', '0cdf9d28-313a-4f85-8d9f-d2c621049fa5'),
 ('80', '80', 'nl', 'Faya-Milla & The Lion Crew live @ Popcentrale Dordrecht ', NULL, NULL, NULL, NULL, 'center', '[\"Gitarist\"]', NULL, NULL, NULL, '2018-03-16 12:05:30', '2018-03-16 12:10:08', '0db1bfbe-33e9-4c92-9d25-c553d19b4ba5'),
 ('81', '81', 'nl', 'Faya-Milla & The Lion Crew live @ Cafe de Blokkies Dordrecht', NULL, NULL, NULL, NULL, 'center', '[\"Gitarist\"]', NULL, NULL, NULL, '2018-03-16 12:06:05', '2018-03-16 12:11:10', '2cf77917-9312-427e-a202-14aa2cc0a939'),
 ('82', '82', 'nl', 'Faya-Milla & The Lion Crew Live @ House of Reggae, Vlissingen ', NULL, NULL, NULL, NULL, 'center', '[\"Gitarist\"]', NULL, NULL, NULL, '2018-03-16 12:06:30', '2018-03-16 12:12:22', '3f21e4ed-ebfc-47cf-b0f3-8e171138b41d'),
 ('83', '83', 'nl', 'Jah Reflection live @ Hilversum', NULL, NULL, NULL, NULL, 'center', '[\"Gitarist\"]', NULL, NULL, NULL, '2018-03-16 12:07:12', '2018-03-16 12:09:40', 'e2c57231-ee1a-4d4c-98e6-392efab379f6'),
 ('84', '84', 'nl', 'DJ Linnorass Irie ', '<p>DJ Linnorass Irie is a proffesional reggae DJ/Selecta from Arnhem! Known for his wide range of tunes this DJ is fit for every reggae/dancehall event. For in between bands, or for a solo set.  </p>\r\n<p>Do you want more info. or book DJ Linnorrass Irie? Contact Big Lion Promotions today and see what the options are!  </p>', NULL, NULL, NULL, 'center', '[\"Deejay\"]', NULL, '', '', '2018-03-16 12:41:45', '2018-03-16 12:42:42', '245e7aa0-e7f8-4464-a24d-caa24fb9368b'),
 ('85', '85', 'nl', '22539971 892744267560183 2524640041173466196 N', NULL, NULL, NULL, NULL, 'center', '[\"Gitarist\"]', NULL, NULL, NULL, '2018-03-16 12:42:16', '2018-03-16 12:42:16', '6d03cc98-803a-420b-973c-a2f40244fba2'),
 ('86', '86', 'nl', 'Reggae', NULL, NULL, NULL, NULL, 'center', '[\"Gitarist\"]', NULL, NULL, NULL, '2018-03-16 12:42:28', '2018-03-16 12:42:28', 'cc460f67-338e-4f2a-9fe5-f54880b6a7f7'),
 ('87', '87', 'nl', 'Dj', NULL, NULL, NULL, NULL, 'center', '[\"Gitarist\"]', NULL, NULL, NULL, '2018-03-16 12:42:31', '2018-03-16 12:42:31', 'aaa02d6b-66f5-4213-acde-8910b410907f'),
 ('88', '88', 'nl', 'Selecta', NULL, NULL, NULL, NULL, 'center', '[\"Gitarist\"]', NULL, NULL, NULL, '2018-03-16 12:42:35', '2018-03-16 12:42:35', '4ba9b2e7-fd82-4c18-a3a5-8aceb1abe832'),
 ('89', '89', 'nl', 'Events', NULL, NULL, NULL, NULL, 'center', '[\"Gitarist\"]', NULL, NULL, NULL, '2018-03-16 12:42:40', '2018-03-16 12:42:40', '152b4dc2-d7b9-4ff6-b16f-38938534a893'),
 ('90', '90', 'nl', 'Dreadless', '<p>Dreadless is a successful and long-time running Reggae-band from Dordrecht! They have been playing with and for many singers: Tuff Lion, Harry Mo, Ras Iba, U-Brown and Anthony Johnson. Dreadless is without a doubt one of the most experienced bands on the biglionpromotions roster. </p>', NULL, NULL, NULL, 'center', '[\"Gitarist\"]', 'https://open.spotify.com/album/7rGYFs5giY2BuHAl6xwz5t?si=4Z0pLT0jT-aSL5C4d5p2dQ', 'BnA3oqMeYS0', '', '2018-03-16 12:48:57', '2018-03-16 12:53:38', '3029b6a0-20b8-40d4-afc2-23bef15b8e16'),
 ('91', '91', 'nl', 'Dreadless', NULL, NULL, NULL, NULL, 'center', '[\"Gitarist\"]', NULL, NULL, NULL, '2018-03-16 12:53:32', '2018-03-16 12:53:32', 'b3a1394f-a934-4aab-851b-3600c9e446ad'),
 ('92', '92', 'nl', '0205 Bagjuice', NULL, NULL, NULL, NULL, 'center', '[\"Gitarist\"]', NULL, NULL, NULL, '2018-03-16 12:58:42', '2018-03-16 12:58:42', 'f4f7352a-ea04-4142-b062-791d909753d3'),
 ('93', '93', 'nl', 'Bagjuice', '<p>Bagjuice is dub band form Amsterdam, there music is experimental and hard to describe. One thing is for sure though, they will turn it into a party! They have been on the scene quite some years now and not without succes. With two released EP\'s and shows all over Holland this band is making the way form something greater!</p>', NULL, NULL, NULL, 'center', '[\"Gitarist\"]', 'https://open.spotify.com/album/5ssdbcYucoE0IvEvOQaRse?si=s4-b-celRXKWMHXQDlYSzw', 'PdUyO9xOYJE', '', '2018-03-16 13:02:01', '2018-03-16 13:02:01', '58cf1af4-912f-44fc-bc52-9e1d479377f8'),
 ('94', '94', 'nl', '21765198 1894742003877118 2870345100433033715 N', NULL, NULL, NULL, NULL, 'center', '[\"Gitarist\"]', NULL, NULL, NULL, '2018-03-17 15:26:55', '2018-03-17 15:26:55', '067d871d-30d8-4653-a33e-70bc9e17b616'),
 ('95', '95', 'nl', 'producer', NULL, NULL, NULL, NULL, 'center', '[\"Gitarist\"]', NULL, NULL, NULL, '2018-03-17 15:27:04', '2018-03-17 15:27:04', '105a106a-dc4b-4c4e-8856-fd17363a15a8'),
 ('96', '96', 'nl', 'keyplayer', NULL, NULL, NULL, NULL, 'center', '[\"Gitarist\"]', NULL, NULL, NULL, '2018-03-17 15:27:08', '2018-03-17 15:27:08', '4b1cae99-9131-49ef-b45d-24506432b4c4'),
 ('97', '97', 'nl', 'keyboard', NULL, NULL, NULL, NULL, 'center', '[\"Gitarist\"]', NULL, NULL, NULL, '2018-03-17 15:27:12', '2018-03-17 15:27:12', '9dc26220-9ce7-4fab-bd1f-0ae4ca905177'),
 ('98', '98', 'nl', 'roots', NULL, NULL, NULL, NULL, 'center', '[\"Gitarist\"]', NULL, NULL, NULL, '2018-03-17 15:27:17', '2018-03-17 15:27:17', '05011fb2-946d-466f-a34f-1221c4d48eeb'),
 ('99', '99', 'nl', 'the lion crew', NULL, NULL, NULL, NULL, 'center', '[\"Gitarist\"]', NULL, NULL, NULL, '2018-03-17 15:27:22', '2018-03-17 15:27:22', 'c866dc71-936a-4e0a-8b33-f91aa5e69c65'),
 ('100', '100', 'nl', 'faya-milla', NULL, NULL, NULL, NULL, 'center', '[\"Gitarist\"]', NULL, NULL, NULL, '2018-03-17 15:27:27', '2018-03-17 15:27:27', 'b63cc8c9-1027-49a1-8f97-46f0e5d6b403'),
 ('101', '101', 'nl', 'toetsenist', NULL, NULL, NULL, NULL, 'center', '[\"Gitarist\"]', NULL, NULL, NULL, '2018-03-17 15:30:17', '2018-03-17 15:30:17', 'ad17f1c2-d1b6-4c4d-8638-e0f83bc3a9a7'),
 ('102', '102', 'nl', 'Premchand Mangal  ', '<p>Premchand is a professional producer and key player, at the moment he is performing with Faya-Milla &amp; The Lion Crew. Premchand has seen it all, as he played at zwarte cross, rastaplas, keti-koti, cannabis bevrijdingsdag festival, just to name a few. He is a musician with a ton of experience and one of the most wanted key players from Rotterdam. If that wasn\'t enough, Premchand is also a professional producer. We are proud to represent Premchand on the Big Lion Roster! </p>\r\n<p>Do you want more info about this amazing musician, or do you want to hire Premchand for a show, tour, recording session or as producer? Contact Big Lion Promotions today!</p>', NULL, NULL, NULL, 'center', '[\"Toetsenist\"]', NULL, 'm1im3PXkYbk', '', '2018-03-17 15:30:44', '2018-03-19 11:03:58', '784c54e5-13e9-4d28-ae0d-f1e8550eaba3'),
 ('103', '103', 'nl', 'Img 0542', NULL, NULL, NULL, NULL, 'center', '[\"Gitarist\"]', NULL, NULL, NULL, '2018-03-17 15:36:03', '2018-03-17 15:36:03', '24a37315-c8af-4d6d-96bf-4d18670dca5c'),
 ('110', '110', 'nl', 'Img 0042', NULL, NULL, NULL, NULL, 'center', '[\"Gitarist\"]', NULL, NULL, NULL, '2018-03-18 13:10:03', '2018-03-18 13:10:03', 'f9bf8e21-ee27-4111-b3a4-bfaebae6e62b'),
 ('111', '111', 'nl', 'Img 0025 Min', NULL, NULL, NULL, NULL, 'center', '[\"Gitarist\"]', NULL, NULL, NULL, '2018-03-18 13:18:38', '2018-03-18 13:18:38', '76aea275-c41a-43a6-ab59-3e2da59fa0ce'),
 ('112', '112', 'nl', 'Img 0042 Min', NULL, NULL, NULL, NULL, 'center', '[\"Gitarist\"]', NULL, NULL, NULL, '2018-03-18 13:19:15', '2018-03-18 13:19:15', '991d5572-64fc-4a55-950e-62313d27266a'),
 ('113', '113', 'nl', 'Img 0030 Min', NULL, NULL, NULL, NULL, 'center', '[\"Gitarist\"]', NULL, NULL, NULL, '2018-03-18 13:19:42', '2018-03-18 13:19:42', '75a99c0d-12bc-4a7c-8e55-5f64324d4afb'),
 ('114', '114', 'nl', 'Img 0034 Min', NULL, NULL, NULL, NULL, 'center', '[\"Gitarist\"]', NULL, NULL, NULL, '2018-03-18 13:20:01', '2018-03-18 13:20:01', '8a728695-dfcb-4b7d-ab2c-e9da29a8255e'),
 ('115', '115', 'nl', 'Img 0040 Min', NULL, NULL, NULL, NULL, 'center', '[\"Gitarist\"]', NULL, NULL, NULL, '2018-03-18 13:20:18', '2018-03-18 13:20:18', 'c632c923-84a4-4f43-b78e-8c04b3b385d5'),
 ('116', '116', 'nl', 'Img 0040 Min', NULL, NULL, NULL, NULL, 'center', '[\"Gitarist\"]', NULL, NULL, NULL, '2018-03-18 13:21:22', '2018-03-18 13:21:22', '56f0aa98-f406-4306-b78d-7eb4d8f46c9f');



DROP TABLE IF EXISTS `craft_deprecationerrors`;


--
-- Schema for table `craft_deprecationerrors`
--
CREATE TABLE `craft_deprecationerrors` (
  `id` int(11) NOT NULL AUTO_INCREMENT,
  `key` varchar(255) COLLATE utf8_unicode_ci NOT NULL,
  `fingerprint` varchar(255) COLLATE utf8_unicode_ci NOT NULL,
  `lastOccurrence` datetime NOT NULL,
  `file` varchar(255) COLLATE utf8_unicode_ci NOT NULL,
  `line` smallint(6) unsigned NOT NULL,
  `class` varchar(255) COLLATE utf8_unicode_ci DEFAULT NULL,
  `method` varchar(255) COLLATE utf8_unicode_ci DEFAULT NULL,
  `template` varchar(255) COLLATE utf8_unicode_ci DEFAULT NULL,
  `templateLine` smallint(6) unsigned DEFAULT NULL,
  `message` varchar(255) COLLATE utf8_unicode_ci DEFAULT NULL,
  `traces` text COLLATE utf8_unicode_ci,
  `dateCreated` datetime NOT NULL,
  `dateUpdated` datetime NOT NULL,
  `uid` char(36) COLLATE utf8_unicode_ci NOT NULL DEFAULT '0',
  PRIMARY KEY (`id`),
  UNIQUE KEY `craft_deprecationerrors_key_fingerprint_unq_idx` (`key`,`fingerprint`)
) ENGINE=InnoDB DEFAULT CHARSET=utf8 COLLATE=utf8_unicode_ci;

DROP TABLE IF EXISTS `craft_elementindexsettings`;


--
-- Schema for table `craft_elementindexsettings`
--
CREATE TABLE `craft_elementindexsettings` (
  `id` int(11) NOT NULL AUTO_INCREMENT,
  `type` varchar(150) COLLATE utf8_unicode_ci NOT NULL,
  `settings` text COLLATE utf8_unicode_ci,
  `dateCreated` datetime NOT NULL,
  `dateUpdated` datetime NOT NULL,
  `uid` char(36) COLLATE utf8_unicode_ci NOT NULL DEFAULT '0',
  PRIMARY KEY (`id`),
  UNIQUE KEY `craft_elementindexsettings_type_unq_idx` (`type`)
) ENGINE=InnoDB DEFAULT CHARSET=utf8 COLLATE=utf8_unicode_ci;

DROP TABLE IF EXISTS `craft_elements`;


--
-- Schema for table `craft_elements`
--
CREATE TABLE `craft_elements` (
  `id` int(11) NOT NULL AUTO_INCREMENT,
  `type` varchar(150) COLLATE utf8_unicode_ci NOT NULL,
  `enabled` tinyint(1) unsigned NOT NULL DEFAULT '1',
  `archived` tinyint(1) unsigned NOT NULL DEFAULT '0',
  `dateCreated` datetime NOT NULL,
  `dateUpdated` datetime NOT NULL,
  `uid` char(36) COLLATE utf8_unicode_ci NOT NULL DEFAULT '0',
  PRIMARY KEY (`id`),
  KEY `craft_elements_type_idx` (`type`),
  KEY `craft_elements_enabled_idx` (`enabled`),
  KEY `craft_elements_archived_dateCreated_idx` (`archived`,`dateCreated`)
) ENGINE=InnoDB AUTO_INCREMENT=117 DEFAULT CHARSET=utf8 COLLATE=utf8_unicode_ci;

--
-- Data for table `craft_elements`
--

INSERT INTO `craft_elements` (`id`, `type`, `enabled`, `archived`, `dateCreated`, `dateUpdated`, `uid`) VALUES
 ('1', 'User', '1', '0', '2018-02-20 09:10:16', '2018-03-09 14:30:55', 'a5a3171f-df24-4714-85f5-7703e23e7d85'),
 ('2', 'Entry', '1', '0', '2018-02-20 09:10:18', '2018-03-17 14:57:18', '8b1c8fbc-0111-4715-a3c8-677ac7090fe1'),
 ('4', 'Entry', '1', '0', '2018-02-20 09:11:22', '2018-02-20 09:11:22', '0a2db153-4465-4e39-ab88-074244fce861'),
 ('10', 'Entry', '0', '0', '2018-02-21 08:31:54', '2018-03-17 15:01:09', '688eda8a-3773-4aa6-837c-343b6347c529'),
 ('11', 'Entry', '0', '0', '2018-02-21 08:32:24', '2018-03-17 15:01:09', 'bb16e1a8-4c87-47ba-9332-d3236cfe0b78'),
 ('12', 'Entry', '0', '0', '2018-02-21 08:32:39', '2018-03-17 15:01:09', '723db560-ff47-48ab-a3d2-3202bbf26b9c'),
 ('13', 'Entry', '0', '0', '2018-02-21 08:33:01', '2018-03-17 15:01:09', '258396a7-f49a-4faf-913f-7856596a2de8'),
 ('14', 'Entry', '0', '0', '2018-02-21 08:33:20', '2018-03-17 15:01:09', 'bd00eda6-c80e-49ce-bb2a-f2828900ccb1'),
 ('20', 'Entry', '1', '0', '2018-02-21 10:36:36', '2018-03-17 15:43:22', 'eca1015c-056c-4b0a-85c5-be77f4f3f133'),
 ('21', 'Entry', '1', '0', '2018-02-21 10:36:53', '2018-03-16 11:12:37', '87deaaa6-3210-4d36-8fde-1e2bfce03d10'),
 ('22', 'Entry', '0', '0', '2018-02-21 10:37:06', '2018-03-17 15:01:21', '01b5cc64-e72b-496f-ad34-4c8bd71e6c3f'),
 ('23', 'Entry', '1', '0', '2018-02-21 14:36:33', '2018-03-18 13:21:30', 'c85cffe4-35e4-4222-a311-76cd6957a35c'),
 ('28', 'Asset', '1', '0', '2018-02-21 15:43:06', '2018-02-21 15:43:06', '6b6f6270-2e5e-4833-b79c-2e4c63cfd2da'),
 ('29', 'Asset', '1', '0', '2018-02-21 15:43:07', '2018-02-21 15:43:07', 'c66ee521-d839-430d-9fd7-44aa08bc925e'),
 ('30', 'Asset', '1', '0', '2018-02-21 15:43:07', '2018-02-21 15:43:07', '0d856532-b576-4e31-ac4d-b8adf9f31b18'),
 ('31', 'Asset', '1', '0', '2018-02-21 15:44:02', '2018-02-21 15:44:02', '1cc60876-eae0-42ce-bc9b-eacc0b807c7f'),
 ('33', 'Asset', '1', '0', '2018-02-21 15:44:22', '2018-02-21 15:44:22', '6b24f221-4744-4b1b-97c9-d5f0a53caa2e'),
 ('34', 'Asset', '1', '0', '2018-02-21 15:44:22', '2018-02-21 15:44:22', 'b9d062bd-ea37-48b2-81c8-22ccd1cdb1e4'),
 ('35', 'Asset', '1', '0', '2018-02-21 15:44:22', '2018-02-21 15:44:22', '1cc7c0bb-4b19-498e-86bf-b032e1e7c7f1'),
 ('36', 'Asset', '1', '0', '2018-02-21 15:44:23', '2018-02-21 15:44:23', '88ee32d1-12cf-4fd7-95bd-aece6f88f86f'),
 ('37', 'Asset', '1', '0', '2018-02-21 15:44:23', '2018-02-21 15:44:23', 'e7cfe3e1-48e0-4e2e-b3a1-ce3c170f21f7'),
 ('38', 'Asset', '1', '0', '2018-02-21 15:46:07', '2018-02-21 15:46:07', 'cb9940f4-a45a-4ae7-b324-39f7fbbddede'),
 ('39', 'Asset', '1', '0', '2018-02-21 15:46:07', '2018-02-21 15:46:07', '62edbddb-bbae-49b9-a005-bf8e3a59f343'),
 ('40', 'Asset', '1', '0', '2018-02-21 16:11:32', '2018-02-21 16:11:32', 'a6aea137-3dd9-4fa9-bc7c-27775784347b'),
 ('41', 'Asset', '1', '0', '2018-02-21 16:11:33', '2018-03-16 12:08:38', 'f1180500-49f6-4b7e-8eb1-6e9a870ce5e2'),
 ('42', 'Asset', '1', '0', '2018-02-21 16:11:42', '2018-02-24 11:55:37', '884ae162-f58c-42bb-a8d2-434847a98188'),
 ('43', 'Entry', '1', '0', '2018-02-21 16:12:30', '2018-03-16 12:12:24', '46cefd4d-a155-41a3-831a-8af3b6cf97da'),
 ('44', 'Asset', '1', '0', '2018-02-21 16:22:52', '2018-02-21 16:22:52', 'dcb8f7f5-481e-40f6-a7d1-8a87e6e7d00f'),
 ('45', 'Asset', '1', '0', '2018-02-22 13:03:16', '2018-02-22 13:03:16', '9657ef8e-6618-41a9-9808-7767b7ad712a'),
 ('46', 'Asset', '1', '0', '2018-02-22 13:03:17', '2018-02-22 13:03:17', '18a58ecb-d909-412a-adca-e3476f13c136'),
 ('47', 'Asset', '1', '0', '2018-02-22 13:03:17', '2018-02-22 13:03:17', '002318b7-aea7-4b2d-a9e3-07ebb15247d4'),
 ('48', 'Asset', '1', '0', '2018-02-22 13:03:18', '2018-02-22 13:03:18', 'bc2e4fc0-e9bb-4211-9f30-f4b4b0c58426'),
 ('49', 'Asset', '1', '0', '2018-02-22 13:03:18', '2018-02-22 13:03:18', '348c8979-af6b-4779-9265-d964bf966454'),
 ('50', 'Asset', '1', '0', '2018-02-22 13:03:18', '2018-02-22 13:03:18', '08d8e4b5-5e3d-4705-84df-b0308d43b53e'),
 ('51', 'Asset', '1', '0', '2018-02-22 13:03:19', '2018-02-22 13:03:19', '13372800-34c3-445b-bf79-33750f77dfa4'),
 ('52', 'Asset', '1', '0', '2018-02-22 13:03:19', '2018-02-22 13:03:19', 'b12ae55e-33e7-402e-b711-33f7a2d60322'),
 ('53', 'Asset', '1', '0', '2018-02-22 13:03:19', '2018-02-22 13:03:19', '6c66cc0f-aaa4-4d3b-991f-ad5dbbb2ca8c'),
 ('54', 'Asset', '1', '0', '2018-02-22 13:03:20', '2018-02-22 13:03:20', '427af50d-d4a5-48dd-9efb-83123a0982db'),
 ('55', 'Asset', '1', '0', '2018-02-22 13:03:20', '2018-02-22 13:03:20', '327bb4d0-2b8f-4d9f-a5c6-7b5bb291e6b9'),
 ('56', 'Asset', '1', '0', '2018-02-22 16:37:53', '2018-02-22 16:37:53', 'bd6d4cac-1121-4742-ac95-55efbcd2c875'),
 ('57', 'Asset', '1', '0', '2018-02-22 16:37:53', '2018-02-22 16:37:53', 'd04d9286-3fa5-4fdf-94d1-a5d96cf9b778'),
 ('58', 'Asset', '1', '0', '2018-02-22 16:37:53', '2018-02-22 16:37:53', '28a7713c-39a0-475c-9399-2a22482c771e'),
 ('62', 'Asset', '1', '0', '2018-02-24 12:35:12', '2018-02-24 12:35:12', '0868daa9-4aa3-4a38-94fa-e68ae8395e76'),
 ('63', 'Asset', '1', '0', '2018-02-24 12:35:12', '2018-02-24 12:35:12', '90a48a1f-2375-4eda-8f58-007b39f204ea'),
 ('64', 'Asset', '1', '0', '2018-03-01 09:32:24', '2018-03-01 09:32:24', '0a6d0333-bc92-4c63-8711-dd2b23f2fe43'),
 ('65', 'Tag', '1', '0', '2018-03-01 09:32:34', '2018-03-01 09:32:34', 'b5a8adcb-d1c5-4134-9e51-e7e8cd780bb4'),
 ('66', 'Tag', '1', '0', '2018-03-01 09:32:35', '2018-03-01 09:32:35', 'daaed762-2a0a-436c-b28f-105c26766240'),
 ('67', 'Tag', '1', '0', '2018-03-01 09:32:46', '2018-03-01 09:32:46', '4d83b5d6-7888-4b8b-8fe7-e0ac4c6a6beb'),
 ('68', 'Tag', '1', '0', '2018-03-01 09:32:49', '2018-03-01 09:32:49', '158d9ff8-1997-4a99-9f3d-73e790f85dbd'),
 ('69', 'Asset', '1', '0', '2018-03-01 09:34:06', '2018-03-01 09:34:06', '117219b5-1ecc-4111-ad64-84070c76d04a'),
 ('71', 'Asset', '1', '0', '2018-03-10 12:21:55', '2018-03-10 12:21:55', 'db1040b0-c916-4d62-9fd7-48dcc54fe4b7'),
 ('72', 'Entry', '1', '0', '2018-03-10 12:22:45', '2018-03-16 12:21:17', 'e3dcf789-b4ca-4504-8b8d-b2941dfcfdd3'),
 ('73', 'Asset', '1', '0', '2018-03-10 12:32:49', '2018-03-10 12:32:49', '7a8cc2b5-0a5a-4252-aad9-660edf3d2e47'),
 ('74', 'Entry', '1', '0', '2018-03-10 12:33:00', '2018-03-16 12:13:48', '1f822e65-7bfb-47b3-ae37-f81363f860f3'),
 ('75', 'Asset', '1', '0', '2018-03-10 13:04:21', '2018-03-10 13:04:21', '5585d089-2e23-4c95-b63c-a7114f04a960'),
 ('76', 'Entry', '1', '0', '2018-03-10 13:04:41', '2018-03-16 12:19:27', 'e65ad0c2-e419-4a51-8b36-bcb285c96764'),
 ('77', 'Asset', '1', '0', '2018-03-16 12:03:33', '2018-03-16 12:08:55', 'c1358aeb-a2c4-4889-9b75-f145ef1d0a28'),
 ('78', 'Asset', '1', '0', '2018-03-16 12:03:54', '2018-03-16 12:09:08', 'cfb2945b-f289-49bd-aa25-6b79e570562e'),
 ('79', 'Asset', '1', '0', '2018-03-16 12:04:17', '2018-03-16 12:09:27', 'a90d5494-6310-492c-88e4-474cdd67b74f'),
 ('80', 'Asset', '1', '0', '2018-03-16 12:05:30', '2018-03-16 12:10:08', '54bc4fc4-4167-43d0-aeda-d88f33c3efbe'),
 ('81', 'Asset', '1', '0', '2018-03-16 12:06:05', '2018-03-16 12:11:10', '8a2e4685-92ba-4f9a-9c80-28f0a6686db0'),
 ('82', 'Asset', '1', '0', '2018-03-16 12:06:30', '2018-03-16 12:12:22', '33a94fe3-1ae7-4c97-aa26-f2ff19cc87a4'),
 ('83', 'Asset', '1', '0', '2018-03-16 12:07:12', '2018-03-16 12:09:40', 'dacd494d-9e33-4667-b622-a02d44c8fd70'),
 ('84', 'Entry', '1', '0', '2018-03-16 12:41:45', '2018-03-16 12:42:42', 'd6225399-40cf-4f1d-a71c-4fd815669d49'),
 ('85', 'Asset', '1', '0', '2018-03-16 12:42:16', '2018-03-16 12:42:16', '896d7d9c-c3c6-4af7-bb10-d553b04c5797'),
 ('86', 'Tag', '1', '0', '2018-03-16 12:42:28', '2018-03-16 12:42:28', '7e3c1683-6bfb-47f2-af85-fd1e0987ea9c'),
 ('87', 'Tag', '1', '0', '2018-03-16 12:42:31', '2018-03-16 12:42:31', '24253c0b-3d5f-4413-b253-444551a91876'),
 ('88', 'Tag', '1', '0', '2018-03-16 12:42:35', '2018-03-16 12:42:35', '2fefc999-848d-4b19-8616-4db324893b9f'),
 ('89', 'Tag', '1', '0', '2018-03-16 12:42:40', '2018-03-16 12:42:40', 'e111b49a-5ee4-40f4-afe0-9f243ade7c5c'),
 ('90', 'Entry', '1', '0', '2018-03-16 12:48:57', '2018-03-16 12:53:38', '13766dbe-12ee-42be-9cc5-8b41f135f2b5'),
 ('91', 'Asset', '1', '0', '2018-03-16 12:53:31', '2018-03-16 12:53:31', '99d82d6f-5ac1-41c3-a949-29251da65a39'),
 ('92', 'Asset', '1', '0', '2018-03-16 12:58:42', '2018-03-16 12:58:42', '6642e0af-bd56-4ca2-a083-4a45be251e61'),
 ('93', 'Entry', '1', '0', '2018-03-16 13:02:01', '2018-03-16 13:02:01', 'b34dc831-bf15-4472-a98b-91de1a6e6d93'),
 ('94', 'Asset', '1', '0', '2018-03-17 15:26:55', '2018-03-17 15:26:55', 'a0007448-4053-4df9-a58a-d31acab75df8'),
 ('95', 'Tag', '1', '0', '2018-03-17 15:27:04', '2018-03-17 15:27:04', '73e6eb7f-515a-43f7-a830-8c3c666d5098'),
 ('96', 'Tag', '1', '0', '2018-03-17 15:27:08', '2018-03-17 15:27:08', '20e4f5ae-f2f1-4718-9f41-6184ae7f887a'),
 ('97', 'Tag', '1', '0', '2018-03-17 15:27:12', '2018-03-17 15:27:12', '9d71678e-8938-47bf-9963-ec5db468d95d'),
 ('98', 'Tag', '1', '0', '2018-03-17 15:27:17', '2018-03-17 15:27:17', 'cbeabe84-cb66-45f2-ade4-7c8720ce7b14'),
 ('99', 'Tag', '1', '0', '2018-03-17 15:27:22', '2018-03-17 15:27:22', '14aec352-83b7-499d-ad1e-bb8788276ee4'),
 ('100', 'Tag', '1', '0', '2018-03-17 15:27:27', '2018-03-17 15:27:27', '133cb6b7-5fdd-4077-a4fb-b13bf7917470'),
 ('101', 'Tag', '1', '0', '2018-03-17 15:30:17', '2018-03-17 15:30:17', '830a5c13-9141-4909-8d9d-b456f37d767e'),
 ('102', 'Entry', '1', '0', '2018-03-17 15:30:43', '2018-03-19 11:03:58', '5e9423f2-dc6b-4797-a017-863eb43c1b80'),
 ('103', 'Asset', '1', '0', '2018-03-17 15:36:03', '2018-03-17 15:36:03', 'bb59cc87-d8a4-43fc-9ead-d354155df1ec'),
 ('110', 'Asset', '1', '0', '2018-03-18 13:10:03', '2018-03-18 13:10:03', 'f1c8f0b0-ceed-4403-aede-3d344f5d28de'),
 ('111', 'Asset', '1', '0', '2018-03-18 13:18:38', '2018-03-18 13:18:38', '69a5d536-84fd-4992-b94f-24fe1d230a16'),
 ('112', 'Asset', '1', '0', '2018-03-18 13:19:15', '2018-03-18 13:19:15', '74b23708-d0ba-4ca4-ad58-b20eef37fba1'),
 ('113', 'Asset', '1', '0', '2018-03-18 13:19:42', '2018-03-18 13:19:42', '50f79fea-c906-4e7b-af46-09daa7581b5e'),
 ('114', 'Asset', '1', '0', '2018-03-18 13:20:01', '2018-03-18 13:20:01', '738b3e4a-d7df-4cd0-8e4b-c24abb27b596'),
 ('115', 'Asset', '1', '0', '2018-03-18 13:20:18', '2018-03-18 13:20:18', '36aa398f-9777-4e38-9c32-eafdefd743a0'),
 ('116', 'Asset', '1', '0', '2018-03-18 13:21:22', '2018-03-18 13:21:22', '10dcd357-eab0-4284-af1c-dd2d11c164b8');



DROP TABLE IF EXISTS `craft_elements_i18n`;


--
-- Schema for table `craft_elements_i18n`
--
CREATE TABLE `craft_elements_i18n` (
  `id` int(11) NOT NULL AUTO_INCREMENT,
  `elementId` int(11) NOT NULL,
  `locale` char(12) COLLATE utf8_unicode_ci NOT NULL,
  `slug` varchar(255) COLLATE utf8_unicode_ci DEFAULT NULL,
  `uri` varchar(255) COLLATE utf8_unicode_ci DEFAULT NULL,
  `enabled` tinyint(1) unsigned NOT NULL DEFAULT '1',
  `dateCreated` datetime NOT NULL,
  `dateUpdated` datetime NOT NULL,
  `uid` char(36) COLLATE utf8_unicode_ci NOT NULL DEFAULT '0',
  PRIMARY KEY (`id`),
  UNIQUE KEY `craft_elements_i18n_elementId_locale_unq_idx` (`elementId`,`locale`),
  UNIQUE KEY `craft_elements_i18n_uri_locale_unq_idx` (`uri`,`locale`),
  KEY `craft_elements_i18n_slug_locale_idx` (`slug`,`locale`),
  KEY `craft_elements_i18n_enabled_idx` (`enabled`),
  KEY `craft_elements_i18n_locale_fk` (`locale`)
) ENGINE=InnoDB AUTO_INCREMENT=117 DEFAULT CHARSET=utf8 COLLATE=utf8_unicode_ci;

--
-- Data for table `craft_elements_i18n`
--

INSERT INTO `craft_elements_i18n` (`id`, `elementId`, `locale`, `slug`, `uri`, `enabled`, `dateCreated`, `dateUpdated`, `uid`) VALUES
 ('1', '1', 'nl', '', NULL, '1', '2018-02-20 09:10:17', '2018-03-09 14:30:55', 'ba192664-82e8-433d-aec6-d8f47f59ee5a'),
 ('2', '2', 'nl', 'homepage', '__home__', '1', '2018-02-20 09:10:18', '2018-03-17 14:57:18', '28daed6a-02fd-47bf-9fbd-ba3b6cb71d82'),
 ('4', '4', 'nl', 'contact', 'contact', '1', '2018-02-20 09:11:22', '2018-02-20 09:11:22', '4e76e693-221e-47df-b4ac-3d2efa09ee9f'),
 ('10', '10', 'nl', 'jamaica-p4', 'shows/jamaica-p4', '1', '2018-02-21 08:31:54', '2018-02-22 16:06:30', 'c64f3c4e-dfc3-4995-9788-350fcea309fe'),
 ('11', '11', 'nl', 'sunrise-2017', 'shows/sunrise-2017', '1', '2018-02-21 08:32:24', '2018-02-26 08:26:48', 'dbff3bc5-acdf-447a-9fbc-38d151f155ce'),
 ('12', '12', 'nl', 'reggae-night', 'shows/reggae-night', '1', '2018-02-21 08:32:39', '2018-02-22 16:17:39', '31acf38e-bc27-4734-bc18-21db098a405e'),
 ('13', '13', 'nl', 'jam-around-the-world', 'shows/jam-around-the-world', '1', '2018-02-21 08:33:01', '2018-02-24 16:38:14', 'df1ca583-3129-4dde-a547-89a8c71b31f7'),
 ('14', '14', 'nl', 'ziggy-marley-ziggodome', 'shows/ziggy-marley-ziggodome', '1', '2018-02-21 08:33:20', '2018-03-15 19:51:39', 'a49bfbe5-3370-48f0-88a4-83a01d3c3492'),
 ('20', '20', 'nl', 'dilan-tekin', 'artists/dilan-tekin', '1', '2018-02-21 10:36:37', '2018-03-17 15:43:22', '809b8455-ae68-466d-86ae-511fb52d2802'),
 ('21', '21', 'nl', 'faya-milla', 'artists/faya-milla', '1', '2018-02-21 10:36:53', '2018-03-16 11:12:37', '44d344e4-b206-478c-b120-1a069e29d692'),
 ('22', '22', 'nl', 'remco-hoeneveld', 'artists/remco-hoeneveld', '1', '2018-02-21 10:37:06', '2018-03-15 19:54:40', '00078eb0-4895-489b-8809-ee03c85096aa'),
 ('23', '23', 'nl', 'backline', 'backline', '1', '2018-02-21 14:36:33', '2018-03-18 13:21:30', 'baf1432d-68d8-4e4b-943e-2eff51296e33'),
 ('28', '28', 'nl', 'dilan', NULL, '1', '2018-02-21 15:43:07', '2018-02-21 15:43:07', 'c748a34e-9186-4f0b-b604-4c9aa1708771'),
 ('29', '29', 'nl', 'faya-milla-ellis-moore', NULL, '1', '2018-02-21 15:43:07', '2018-02-21 15:43:07', 'a70f8809-80f8-4754-bf72-420a5f7c6407'),
 ('30', '30', 'nl', 'remco-hoeneveld', NULL, '1', '2018-02-21 15:43:07', '2018-02-21 15:43:07', '90f11c96-6cb0-4247-af5f-803d3adb579b'),
 ('31', '31', 'nl', '1204-one-world-band-02', NULL, '1', '2018-02-21 15:44:02', '2018-02-21 15:44:02', 'cbdafff6-21e9-4b26-930e-0a1dcb8078a0'),
 ('33', '33', 'nl', 'jamaica-pr6-2-14-p02-h', NULL, '1', '2018-02-21 15:44:22', '2018-02-21 15:44:22', '34989f19-5042-46ae-9e30-ea5f6e4391f2'),
 ('34', '34', 'nl', 'maxresdefault-1', NULL, '1', '2018-02-21 15:44:22', '2018-02-21 15:44:22', '4ead1672-8d86-4283-8f1c-dbed0e8ec0d8'),
 ('35', '35', 'nl', 'maxresdefault', NULL, '1', '2018-02-21 15:44:22', '2018-02-21 15:44:22', '9df6a272-1581-46e3-88a0-65f22863b52c'),
 ('36', '36', 'nl', 'reggae-night', NULL, '1', '2018-02-21 15:44:23', '2018-02-21 15:44:23', '8fed0f02-b8fa-4ca9-ba04-4a810a6643a8'),
 ('37', '37', 'nl', 'stephen-ziggy-marley', NULL, '1', '2018-02-21 15:44:23', '2018-02-21 15:44:23', 'a2eb2f7d-bc1d-4ea1-907f-52e2aba2556e'),
 ('38', '38', 'nl', '20108570-756867254493142-1608030923218655468-n', NULL, '1', '2018-02-21 15:46:07', '2018-02-21 15:46:07', '2d01653d-273c-4e54-8feb-eaa6804915e9'),
 ('39', '39', 'nl', '20139960-756858411160693-1824294467137751100-n', NULL, '1', '2018-02-21 15:46:07', '2018-02-21 15:46:07', '58f0b856-0b3a-4d24-b57f-53d4ee1723b0'),
 ('40', '40', 'nl', '20108570-756867254493142-1608030923218655468-n', NULL, '1', '2018-02-21 16:11:32', '2018-02-21 16:11:32', '569c852c-e725-414c-9ba5-9066ec6c6018'),
 ('41', '41', 'nl', '20139960-756858411160693-1824294467137751100-n', NULL, '1', '2018-02-21 16:11:33', '2018-03-16 12:08:38', '300c39a8-121a-4dd0-9020-e5bfc1a0d617'),
 ('42', '42', 'nl', '1204-one-world-band-02', NULL, '1', '2018-02-21 16:11:42', '2018-02-24 11:55:37', '1299ecb0-0742-4970-b67c-80627a9586d8'),
 ('43', '43', 'nl', 'media', 'media', '1', '2018-02-21 16:12:31', '2018-03-16 12:12:24', '3ffe53c4-6f83-4f09-8211-6f9d46ccf2be'),
 ('44', '44', 'nl', 'backline', NULL, '1', '2018-02-21 16:22:52', '2018-02-21 16:22:52', 'b947d163-0421-49da-98e7-5fc1a1ec0e3c'),
 ('45', '45', 'nl', 'wc1696785', NULL, '1', '2018-02-22 13:03:16', '2018-02-22 13:03:16', '47df3131-db55-4104-b54a-3b77451c227c'),
 ('46', '46', 'nl', 'wc1696786', NULL, '1', '2018-02-22 13:03:17', '2018-02-22 13:03:17', '472edd42-abde-428e-957d-935bd83c4a0f'),
 ('47', '47', 'nl', 'wc1696789', NULL, '1', '2018-02-22 13:03:17', '2018-02-22 13:03:17', '904bc0c4-3bbb-4034-a2d0-52ba69d9d6c5'),
 ('48', '48', 'nl', 'wc1696790', NULL, '1', '2018-02-22 13:03:18', '2018-02-22 13:03:18', 'f8655518-b141-47fb-be8e-ad4ac702d84a'),
 ('49', '49', 'nl', 'wc1696791', NULL, '1', '2018-02-22 13:03:18', '2018-02-22 13:03:18', '5b6cd015-26de-4ca3-961c-6087f4482999'),
 ('50', '50', 'nl', 'wc1696805', NULL, '1', '2018-02-22 13:03:18', '2018-02-22 13:03:18', 'c07075f2-7665-4133-a27f-bcc1252a21b5'),
 ('51', '51', 'nl', 'wc1696809', NULL, '1', '2018-02-22 13:03:19', '2018-02-22 13:03:19', 'b87d06d9-5f7f-416a-8e67-6be77853463b'),
 ('52', '52', 'nl', 'wc1696811', NULL, '1', '2018-02-22 13:03:19', '2018-02-22 13:03:19', '21973e01-bbf0-43e1-b6a5-e46a5d478f65'),
 ('53', '53', 'nl', 'wc1696813', NULL, '1', '2018-02-22 13:03:19', '2018-02-22 13:03:19', '58d3be50-8dd4-461f-ab9d-28466bbdd16d'),
 ('54', '54', 'nl', 'wc1696814', NULL, '1', '2018-02-22 13:03:20', '2018-02-22 13:03:20', 'a37230ec-edcf-4693-a774-0adcf4f043fe'),
 ('55', '55', 'nl', 'wc1696817', NULL, '1', '2018-02-22 13:03:20', '2018-02-22 13:03:20', 'bca7451f-7890-4456-a445-9f8b0a94aef5'),
 ('56', '56', 'nl', 'dubtonic-kru', NULL, '1', '2018-02-22 16:37:53', '2018-02-22 16:37:53', '5309decf-16e4-425b-972a-940cf8870a35'),
 ('57', '57', 'nl', 'hurricane-reggae-band', NULL, '1', '2018-02-22 16:37:53', '2018-02-22 16:37:53', '879a94d3-487a-478d-b71f-ac1bfa77290c'),
 ('58', '58', 'nl', 'rubera-roots-band-photo-11', NULL, '1', '2018-02-22 16:37:53', '2018-02-22 16:37:53', '9081b834-8be3-422e-8a90-f732bb199529'),
 ('62', '62', 'nl', 'aaeaaqaaaaaaaazsaaaajdu2-nj-q3-zdew-ltcx-yzkt-ndrj-zs1i-nm-rk-ltdh-otk1-mj-ez-nti4-nq', NULL, '1', '2018-02-24 12:35:12', '2018-02-24 12:35:12', '0c33fa6b-6a3e-41fd-a050-f147f2072b8b'),
 ('63', '63', 'nl', 'aamaag-dgaaw-aaqaaaaaaabfk-aaaajdjk-mj-q4-ytm4-lwjl-ztyt-ndm0-ns1h-mtix-lte1-zm-yy-ndzh-mj-u5-mg', NULL, '1', '2018-02-24 12:35:12', '2018-02-24 12:35:12', '4b6e55e1-eb77-4f2a-9ca7-0abc842bd976'),
 ('64', '64', 'nl', 'hurricane-reggae-band', NULL, '1', '2018-03-01 09:32:24', '2018-03-01 09:32:24', 'bda0a7b9-1bde-4dbd-b575-6d21e3216051'),
 ('65', '65', 'nl', 'band-c', NULL, '1', '2018-03-01 09:32:34', '2018-03-01 09:32:34', 'd32a3d17-dbd3-45c6-ba0f-466a5e02b6c3'),
 ('66', '66', 'nl', 'b', NULL, '1', '2018-03-01 09:32:35', '2018-03-01 09:32:35', '4cbf9ebc-f70b-442d-98be-23026a2d28b8'),
 ('67', '67', 'nl', 'band', NULL, '1', '2018-03-01 09:32:46', '2018-03-01 09:32:46', '7e9cf34d-2b12-4aa6-b2f6-2af9279901ef'),
 ('68', '68', 'nl', 'back', NULL, '1', '2018-03-01 09:32:49', '2018-03-01 09:32:49', 'b6621a07-5065-439d-baf0-54452add570a'),
 ('69', '69', 'nl', 'chilling-6', NULL, '1', '2018-03-01 09:34:06', '2018-03-01 09:34:06', '174a5b90-e54c-4ab6-905f-718147fa3135'),
 ('71', '71', 'nl', 'img-1512', NULL, '1', '2018-03-10 12:21:55', '2018-03-10 12:21:55', 'e63da7e6-0219-4778-b337-8d6c290b6463'),
 ('72', '72', 'nl', 'faya-milla-the-lion-crew', 'bands/faya-milla-the-lion-crew', '1', '2018-03-10 12:22:45', '2018-03-16 12:21:17', 'd4e5fd98-11c3-4265-b41e-75d4784323eb'),
 ('73', '73', 'nl', 'img-1097', NULL, '1', '2018-03-10 12:32:49', '2018-03-10 12:32:49', '71bf6258-e1e1-4043-a753-ad6abb9ae641'),
 ('74', '74', 'nl', 'faya-milla-the-lion-crew-joint-biglionpromotions', 'news/2018/faya-milla-the-lion-crew-joint-biglionpromotions', '1', '2018-03-10 12:33:00', '2018-03-16 12:13:48', '25058259-6169-4489-b7cd-5aa1cb21c32d'),
 ('75', '75', 'nl', '28056670-1877371859221636-5421875706496978027-n', NULL, '1', '2018-03-10 13:04:21', '2018-03-10 13:04:21', '5dc84b6d-f63a-4602-9d0d-2b812cd56928'),
 ('76', '76', 'nl', 'jah-reflection', 'bands/jah-reflection', '1', '2018-03-10 13:04:41', '2018-03-16 12:19:27', 'aadd6f15-ae1a-4afb-bfb1-f0d6cda1e92f'),
 ('77', '77', 'nl', '28280073-1877371602554995-948806552053151380-n', NULL, '1', '2018-03-16 12:03:33', '2018-03-16 12:08:55', 'ec43b5dd-fca0-411f-bc06-e8250ac0aad2'),
 ('78', '78', 'nl', 'images', NULL, '1', '2018-03-16 12:03:54', '2018-03-16 12:09:08', '26758529-f314-49e7-a024-31042d4040af'),
 ('79', '79', 'nl', '28279624-1877371779221644-6193034956393010356-n', NULL, '1', '2018-03-16 12:04:17', '2018-03-16 12:09:27', 'fc4270e3-6b49-4be7-9651-a2505402a548'),
 ('80', '80', 'nl', 'img-0382', NULL, '1', '2018-03-16 12:05:30', '2018-03-16 12:10:08', '7340eb0d-ffa1-49d6-8fe5-37f96bf1d9eb'),
 ('81', '81', 'nl', 'img-0546', NULL, '1', '2018-03-16 12:06:05', '2018-03-16 12:11:10', '71d2e59b-b8aa-4bc1-b60c-12e82f783805'),
 ('82', '82', 'nl', 'img-0996', NULL, '1', '2018-03-16 12:06:30', '2018-03-16 12:12:22', '175a38fe-080b-4b3d-8c88-49623710c0c1'),
 ('83', '83', 'nl', '23130849-1822400578052098-7207604243906461992-n', NULL, '1', '2018-03-16 12:07:12', '2018-03-16 12:09:40', '8e5cf081-071e-4e4d-b276-2a0c505e9660'),
 ('84', '84', 'nl', 'dj-linnorass-irie', 'artists/dj-linnorass-irie', '1', '2018-03-16 12:41:45', '2018-03-16 12:42:42', 'f7c1dd97-0ff6-400c-b3c8-ae6d2db77c46'),
 ('85', '85', 'nl', '22539971-892744267560183-2524640041173466196-n', NULL, '1', '2018-03-16 12:42:16', '2018-03-16 12:42:16', '09d09ee8-eb59-4190-bb1a-ea1386cd007b'),
 ('86', '86', 'nl', 'reggae', NULL, '1', '2018-03-16 12:42:28', '2018-03-16 12:42:28', 'd2a9559d-309c-4e15-a731-c4025e76266b'),
 ('87', '87', 'nl', 'dj', NULL, '1', '2018-03-16 12:42:31', '2018-03-16 12:42:31', '79467893-4831-4259-b72f-d4b3160b87d0'),
 ('88', '88', 'nl', 'selecta', NULL, '1', '2018-03-16 12:42:35', '2018-03-16 12:42:35', '7aa8a878-0e9b-4dc0-b2b7-2bf0d631a26c'),
 ('89', '89', 'nl', 'events', NULL, '1', '2018-03-16 12:42:40', '2018-03-16 12:42:40', 'd8c093bf-66ac-4e49-9f9b-5ddde29dfe9b'),
 ('90', '90', 'nl', 'dreadless', 'bands/dreadless', '1', '2018-03-16 12:48:57', '2018-03-16 12:53:39', 'c2813971-864a-4f11-ab40-e33415985936'),
 ('91', '91', 'nl', 'dreadless', NULL, '1', '2018-03-16 12:53:32', '2018-03-16 12:53:32', '70312565-aa82-4485-8c57-e0cf530a8f0e'),
 ('92', '92', 'nl', '0205-bagjuice', NULL, '1', '2018-03-16 12:58:42', '2018-03-16 12:58:42', '03db7ece-39b8-4806-b96e-5c9e46820c5c'),
 ('93', '93', 'nl', 'bagjuice', 'bands/bagjuice', '1', '2018-03-16 13:02:01', '2018-03-16 13:02:01', 'd486b808-ed11-43a4-a77f-9d3afc38e2b0'),
 ('94', '94', 'nl', '21765198-1894742003877118-2870345100433033715-n', NULL, '1', '2018-03-17 15:26:55', '2018-03-17 15:26:55', '7980e9b5-4d00-472d-a4b7-5e15d0f0cb10'),
 ('95', '95', 'nl', 'producer', NULL, '1', '2018-03-17 15:27:04', '2018-03-17 15:27:04', 'e6335e8b-fcd3-41ad-83e1-32f4783e58d6'),
 ('96', '96', 'nl', 'keyplayer', NULL, '1', '2018-03-17 15:27:08', '2018-03-17 15:27:08', 'a9dd3b0f-9823-421f-8b90-bd6cc0facc66'),
 ('97', '97', 'nl', 'keyboard', NULL, '1', '2018-03-17 15:27:12', '2018-03-17 15:27:12', 'fd748f93-6932-4aef-81dc-3f0153d3752d'),
 ('98', '98', 'nl', 'roots', NULL, '1', '2018-03-17 15:27:17', '2018-03-17 15:27:17', 'aec43cfe-7616-4209-ac81-1b6d53bed94a'),
 ('99', '99', 'nl', 'the-lion-crew', NULL, '1', '2018-03-17 15:27:22', '2018-03-17 15:27:22', '360fdc46-4c3d-4547-9638-30409376a504'),
 ('100', '100', 'nl', 'faya-milla', NULL, '1', '2018-03-17 15:27:27', '2018-03-17 15:27:27', 'fc7d86b6-5fe2-402c-951e-f29ccd758707'),
 ('101', '101', 'nl', 'toetsenist', NULL, '1', '2018-03-17 15:30:17', '2018-03-17 15:30:17', 'e7c3a064-01a5-4359-9697-badf1aab0a87'),
 ('102', '102', 'nl', 'prem', 'artists/prem', '1', '2018-03-17 15:30:44', '2018-03-19 11:03:58', '693c6fd4-38e8-4516-9b52-734a43b66349'),
 ('103', '103', 'nl', 'img-0542', NULL, '1', '2018-03-17 15:36:03', '2018-03-17 15:36:03', '9ac6b8e5-c2c8-4bb3-a710-f718fef37a46'),
 ('110', '110', 'nl', 'img-0042', NULL, '1', '2018-03-18 13:10:03', '2018-03-18 13:10:03', '33bafe45-dc7a-4e75-91d2-ea564a41ef89'),
 ('111', '111', 'nl', 'img-0025-min', NULL, '1', '2018-03-18 13:18:38', '2018-03-18 13:18:38', '60775932-8351-4755-b4a3-2023b94c3d4c'),
 ('112', '112', 'nl', 'img-0042-min', NULL, '1', '2018-03-18 13:19:15', '2018-03-18 13:19:15', '4152ebb7-3fb2-4351-80ab-37f36f5992b6'),
 ('113', '113', 'nl', 'img-0030-min', NULL, '1', '2018-03-18 13:19:42', '2018-03-18 13:19:42', '699ff860-b062-45a2-89ea-19d9faafbbbb'),
 ('114', '114', 'nl', 'img-0034-min', NULL, '1', '2018-03-18 13:20:01', '2018-03-18 13:20:01', 'ee13cd0d-1fa2-4633-87d8-d25a09dbb32b'),
 ('115', '115', 'nl', 'img-0040-min', NULL, '1', '2018-03-18 13:20:18', '2018-03-18 13:20:18', '5cdf8a3b-3aa0-46d1-a34e-a0202e44a0e9'),
 ('116', '116', 'nl', 'img-0040-min', NULL, '1', '2018-03-18 13:21:22', '2018-03-18 13:21:22', '3d6eb85c-8c5a-49a8-99ac-ee6ad214c812');



DROP TABLE IF EXISTS `craft_emailmessages`;


--
-- Schema for table `craft_emailmessages`
--
CREATE TABLE `craft_emailmessages` (
  `id` int(11) NOT NULL AUTO_INCREMENT,
  `key` char(150) COLLATE utf8_unicode_ci NOT NULL,
  `locale` char(12) COLLATE utf8_unicode_ci NOT NULL,
  `subject` varchar(1000) COLLATE utf8_unicode_ci NOT NULL,
  `body` text COLLATE utf8_unicode_ci NOT NULL,
  `dateCreated` datetime NOT NULL,
  `dateUpdated` datetime NOT NULL,
  `uid` char(36) COLLATE utf8_unicode_ci NOT NULL DEFAULT '0',
  PRIMARY KEY (`id`),
  UNIQUE KEY `craft_emailmessages_key_locale_unq_idx` (`key`,`locale`),
  KEY `craft_emailmessages_locale_fk` (`locale`)
) ENGINE=InnoDB DEFAULT CHARSET=utf8 COLLATE=utf8_unicode_ci;

DROP TABLE IF EXISTS `craft_entries`;


--
-- Schema for table `craft_entries`
--
CREATE TABLE `craft_entries` (
  `id` int(11) NOT NULL,
  `sectionId` int(11) NOT NULL,
  `typeId` int(11) DEFAULT NULL,
  `authorId` int(11) DEFAULT NULL,
  `postDate` datetime DEFAULT NULL,
  `expiryDate` datetime DEFAULT NULL,
  `dateCreated` datetime NOT NULL,
  `dateUpdated` datetime NOT NULL,
  `uid` char(36) COLLATE utf8_unicode_ci NOT NULL DEFAULT '0',
  PRIMARY KEY (`id`),
  KEY `craft_entries_sectionId_idx` (`sectionId`),
  KEY `craft_entries_typeId_idx` (`typeId`),
  KEY `craft_entries_postDate_idx` (`postDate`),
  KEY `craft_entries_expiryDate_idx` (`expiryDate`),
  KEY `craft_entries_authorId_fk` (`authorId`)
) ENGINE=InnoDB DEFAULT CHARSET=utf8 COLLATE=utf8_unicode_ci;

--
-- Data for table `craft_entries`
--

INSERT INTO `craft_entries` (`id`, `sectionId`, `typeId`, `authorId`, `postDate`, `expiryDate`, `dateCreated`, `dateUpdated`, `uid`) VALUES
 ('2', '1', NULL, NULL, '2018-02-20 09:10:18', NULL, '2018-02-20 09:10:18', '2018-03-17 14:57:18', '2698ec44-b639-421d-92a8-f8fe395927dc'),
 ('4', '6', NULL, NULL, '2018-02-20 09:11:22', NULL, '2018-02-20 09:11:22', '2018-02-20 09:11:22', '8c2e8ea3-7a58-484d-9121-586270723e4b'),
 ('10', '8', '8', '1', '2018-02-21 08:31:00', NULL, '2018-02-21 08:31:54', '2018-02-22 16:06:30', '0fdc302d-c237-4d47-b0aa-9589c531d589'),
 ('11', '8', '8', '1', '2018-02-21 08:32:00', NULL, '2018-02-21 08:32:24', '2018-02-26 08:26:48', '312a97a3-3527-45a7-ad19-5e1f933d18a5'),
 ('12', '8', '8', '1', '2018-02-21 08:32:00', NULL, '2018-02-21 08:32:39', '2018-02-22 16:17:39', 'a4a18576-67c2-4a4b-92a5-4633c347b3b4'),
 ('13', '8', '8', '1', '2018-02-21 08:33:00', NULL, '2018-02-21 08:33:01', '2018-02-24 16:38:14', '974b5c0e-7d8a-4553-a3ee-8411c4f49422'),
 ('14', '8', '8', '1', '2018-02-21 08:33:00', NULL, '2018-02-21 08:33:20', '2018-03-15 19:51:39', '3386b027-c300-4477-9265-b0f90523ed5f'),
 ('20', '3', '3', '1', '2018-02-21 10:36:00', NULL, '2018-02-21 10:36:37', '2018-03-17 15:43:22', '295775dc-575c-49b5-962b-0e2a1dc6b221'),
 ('21', '3', '3', '1', '2018-02-21 10:36:00', NULL, '2018-02-21 10:36:53', '2018-03-16 11:12:37', '66ac8839-e401-4825-aa6d-53ea6285e3b0'),
 ('22', '3', '3', '1', '2018-02-21 10:37:00', NULL, '2018-02-21 10:37:06', '2018-03-15 19:54:41', '1f09fd41-9e1e-479e-b933-59a564de7c2b'),
 ('23', '9', NULL, NULL, '2018-02-21 14:36:33', NULL, '2018-02-21 14:36:33', '2018-03-18 13:21:30', '1d488202-a93f-4add-b59b-e13c1bd26a66'),
 ('43', '10', NULL, NULL, '2018-02-21 16:12:30', NULL, '2018-02-21 16:12:31', '2018-03-16 12:12:25', '5fc69894-56a8-483f-8df8-4f442dbdcb67'),
 ('72', '5', '5', '1', '2018-03-10 12:22:00', NULL, '2018-03-10 12:22:46', '2018-03-16 12:21:17', '746b9d7a-0d7f-4c28-9306-aa004e2644c1'),
 ('74', '2', '2', '1', '2018-03-10 12:33:00', NULL, '2018-03-10 12:33:00', '2018-03-16 12:13:48', 'f6934ab7-ce21-4dcf-95bb-8df34f489e09'),
 ('76', '5', '5', '1', '2018-03-10 13:04:00', NULL, '2018-03-10 13:04:42', '2018-03-16 12:19:28', '4068f052-f197-445c-b0c8-25ec87a8b537'),
 ('84', '3', '3', '1', '2018-03-16 12:41:00', NULL, '2018-03-16 12:41:45', '2018-03-16 12:42:42', 'a7cc034f-570c-40f9-a5d1-ef7a9500b22b'),
 ('90', '5', '5', '1', '2018-03-16 12:48:00', NULL, '2018-03-16 12:48:57', '2018-03-16 12:53:39', '432b7bf4-9cee-4dde-9e84-f24de0b2095b'),
 ('93', '5', '5', '1', '2018-03-16 13:02:01', NULL, '2018-03-16 13:02:01', '2018-03-16 13:02:01', 'db45e576-ccdc-4c0c-8332-0db76f8b7d1c'),
 ('102', '3', '3', '1', '2018-03-17 15:30:00', NULL, '2018-03-17 15:30:44', '2018-03-19 11:03:59', '97a1f5c4-7428-4795-8168-6350576562e2');



DROP TABLE IF EXISTS `craft_entrydrafts`;


--
-- Schema for table `craft_entrydrafts`
--
CREATE TABLE `craft_entrydrafts` (
  `id` int(11) NOT NULL AUTO_INCREMENT,
  `entryId` int(11) NOT NULL,
  `sectionId` int(11) NOT NULL,
  `creatorId` int(11) NOT NULL,
  `locale` char(12) COLLATE utf8_unicode_ci NOT NULL,
  `name` varchar(255) COLLATE utf8_unicode_ci NOT NULL,
  `notes` tinytext COLLATE utf8_unicode_ci,
  `data` mediumtext COLLATE utf8_unicode_ci NOT NULL,
  `dateCreated` datetime NOT NULL,
  `dateUpdated` datetime NOT NULL,
  `uid` char(36) COLLATE utf8_unicode_ci NOT NULL DEFAULT '0',
  PRIMARY KEY (`id`),
  KEY `craft_entrydrafts_entryId_locale_idx` (`entryId`,`locale`),
  KEY `craft_entrydrafts_sectionId_fk` (`sectionId`),
  KEY `craft_entrydrafts_creatorId_fk` (`creatorId`),
  KEY `craft_entrydrafts_locale_fk` (`locale`)
) ENGINE=InnoDB DEFAULT CHARSET=utf8 COLLATE=utf8_unicode_ci;

DROP TABLE IF EXISTS `craft_entrytypes`;


--
-- Schema for table `craft_entrytypes`
--
CREATE TABLE `craft_entrytypes` (
  `id` int(11) NOT NULL AUTO_INCREMENT,
  `sectionId` int(11) NOT NULL,
  `fieldLayoutId` int(11) DEFAULT NULL,
  `name` varchar(255) COLLATE utf8_unicode_ci NOT NULL,
  `handle` varchar(255) COLLATE utf8_unicode_ci NOT NULL,
  `hasTitleField` tinyint(1) unsigned NOT NULL DEFAULT '1',
  `titleLabel` varchar(255) COLLATE utf8_unicode_ci DEFAULT 'Title',
  `titleFormat` varchar(255) COLLATE utf8_unicode_ci DEFAULT NULL,
  `sortOrder` smallint(6) unsigned DEFAULT NULL,
  `dateCreated` datetime NOT NULL,
  `dateUpdated` datetime NOT NULL,
  `uid` char(36) COLLATE utf8_unicode_ci NOT NULL DEFAULT '0',
  PRIMARY KEY (`id`),
  UNIQUE KEY `craft_entrytypes_name_sectionId_unq_idx` (`name`,`sectionId`),
  UNIQUE KEY `craft_entrytypes_handle_sectionId_unq_idx` (`handle`,`sectionId`),
  KEY `craft_entrytypes_sectionId_fk` (`sectionId`),
  KEY `craft_entrytypes_fieldLayoutId_fk` (`fieldLayoutId`)
) ENGINE=InnoDB AUTO_INCREMENT=11 DEFAULT CHARSET=utf8 COLLATE=utf8_unicode_ci;

--
-- Data for table `craft_entrytypes`
--

INSERT INTO `craft_entrytypes` (`id`, `sectionId`, `fieldLayoutId`, `name`, `handle`, `hasTitleField`, `titleLabel`, `titleFormat`, `sortOrder`, `dateCreated`, `dateUpdated`, `uid`) VALUES
 ('1', '1', '54', 'Homepage', 'homepage', '1', '', NULL, '1', '2018-02-20 09:10:18', '2018-03-17 14:56:08', '5cc6d9e8-fb3d-4fc3-95c1-9b67436f5ab2'),
 ('2', '2', '52', 'News', 'news', '1', 'Titel', NULL, '1', '2018-02-20 09:10:18', '2018-03-15 19:23:24', '9550a959-6ddf-4be5-8c52-afea3b994b5a'),
 ('3', '3', '45', 'artists', 'artists', '1', 'Titel', NULL, '1', '2018-02-20 09:10:52', '2018-02-26 08:18:31', 'fac2239a-aee8-46be-9e7b-7ed0f6e4009f'),
 ('5', '5', '51', 'bands', 'bands', '1', 'Titel', NULL, '1', '2018-02-20 09:11:11', '2018-03-15 19:22:47', 'cf7fc5ad-1664-4f47-9a25-0fcb902bf2d2'),
 ('6', '6', '9', 'contact', 'contact', '0', NULL, '{section.name|raw}', '1', '2018-02-20 09:11:22', '2018-02-20 09:11:22', '8ad48d19-83ad-4e57-8709-24fac139d831'),
 ('8', '8', '46', 'shows', 'shows', '1', 'Titel', NULL, '1', '2018-02-20 09:11:42', '2018-02-26 08:19:17', 'e0620860-3875-4664-9860-507d520ab68d'),
 ('9', '9', '25', 'backline', 'backline', '0', NULL, '{section.name|raw}', '1', '2018-02-21 14:36:33', '2018-02-21 15:02:18', '8bbf2c99-6a61-464e-9e5e-23c7fd0807d3'),
 ('10', '10', '36', 'Media', 'media', '0', NULL, '{section.name|raw}', '1', '2018-02-21 16:12:30', '2018-02-21 16:12:54', 'de887c96-9abf-4ec8-984e-19318b34bd38');



DROP TABLE IF EXISTS `craft_entryversions`;


--
-- Schema for table `craft_entryversions`
--
CREATE TABLE `craft_entryversions` (
  `id` int(11) NOT NULL AUTO_INCREMENT,
  `entryId` int(11) NOT NULL,
  `sectionId` int(11) NOT NULL,
  `creatorId` int(11) DEFAULT NULL,
  `locale` char(12) COLLATE utf8_unicode_ci NOT NULL,
  `num` smallint(6) unsigned NOT NULL,
  `notes` tinytext COLLATE utf8_unicode_ci,
  `data` mediumtext COLLATE utf8_unicode_ci NOT NULL,
  `dateCreated` datetime NOT NULL,
  `dateUpdated` datetime NOT NULL,
  `uid` char(36) COLLATE utf8_unicode_ci NOT NULL DEFAULT '0',
  PRIMARY KEY (`id`),
  KEY `craft_entryversions_entryId_locale_idx` (`entryId`,`locale`),
  KEY `craft_entryversions_sectionId_fk` (`sectionId`),
  KEY `craft_entryversions_creatorId_fk` (`creatorId`),
  KEY `craft_entryversions_locale_fk` (`locale`)
) ENGINE=InnoDB AUTO_INCREMENT=135 DEFAULT CHARSET=utf8 COLLATE=utf8_unicode_ci;

--
-- Data for table `craft_entryversions`
--

INSERT INTO `craft_entryversions` (`id`, `entryId`, `sectionId`, `creatorId`, `locale`, `num`, `notes`, `data`, `dateCreated`, `dateUpdated`, `uid`) VALUES
 ('1', '2', '1', '1', 'nl', '1', NULL, '{\"typeId\":\"1\",\"authorId\":null,\"title\":\"Homepage\",\"slug\":\"homepage\",\"postDate\":1519117818,\"expiryDate\":null,\"enabled\":1,\"parentId\":null,\"fields\":[]}', '2018-02-20 09:10:18', '2018-02-20 09:10:18', '28b5fe0a-bc36-4f83-a532-66a3956bf3fc'),
 ('2', '2', '1', '1', 'nl', '2', NULL, '{\"typeId\":null,\"authorId\":null,\"title\":\"Welcome to Scotchbox.local!\",\"slug\":\"homepage\",\"postDate\":1519117818,\"expiryDate\":null,\"enabled\":\"1\",\"parentId\":null,\"fields\":{\"1\":\"<p>It\\u2019s true, this site doesn\\u2019t have a whole lot of content yet, but don\\u2019t worry. Our web developers have just installed the CMS, and they\\u2019re setting things up for the content editors this very moment. Soon Scotchbox.local will be an oasis of fresh perspectives, sharp analyses, and astute opinions that will keep you coming back again and again.<\\/p>\"}}', '2018-02-20 09:10:18', '2018-02-20 09:10:18', 'e732e87c-2aeb-4c78-8de5-d7281e302b89'),
 ('4', '4', '6', '1', 'nl', '1', NULL, '{\"typeId\":\"6\",\"authorId\":null,\"title\":\"contact\",\"slug\":\"contact\",\"postDate\":1519117882,\"expiryDate\":null,\"enabled\":1,\"parentId\":null,\"fields\":[]}', '2018-02-20 09:11:22', '2018-02-20 09:11:22', '77ffd9e9-b170-4510-9bce-cc52fc0ff003'),
 ('5', '2', '1', '1', 'nl', '3', '', '{\"typeId\":null,\"authorId\":null,\"title\":\"Welcome to Big Lion Promotions\",\"slug\":\"homepage\",\"postDate\":1519117818,\"expiryDate\":null,\"enabled\":1,\"parentId\":null,\"fields\":{\"1\":\"<p><strong>Lorem Ipsum<\\/strong>&nbsp;is simply dummy text of the printing and typesetting industry. Lorem Ipsum has been the industry\'s standard dummy text ever since the 1500s, when an unknown printer took a galley of type and scrambled it to make a type specimen book. It has survived not only five centuries, but also the leap into electronic typesetting, remaining essentially unchanged. It was popularised in the 1960s with the release of Letraset sheets containing Lorem Ipsum passages, and more recently with desktop publishing software like Aldus PageMaker including versions of Lorem Ipsum.<\\/p>\\r\\n<p>It is a long established fact that a reader will be distracted by the readable content of a page when looking at its layout. The point of using Lorem Ipsum is that it has a more-or-less normal distribution of letters, as opposed to using \'Content here, content here\', making it look like readable English. Many desktop publishing packages and web page editors now use Lorem Ipsum as their default model text, and a search for \'lorem ipsum\' will uncover many web sites still in their infancy. Various versions have evolved over the years, sometimes by accident, sometimes on purpose (injected humour and the like).<\\/p>\"}}', '2018-02-20 22:07:04', '2018-02-20 22:07:04', '13fd0a6f-c20c-46cd-baac-939d4b36885d'),
 ('7', '10', '8', '1', 'nl', '1', '', '{\"typeId\":null,\"authorId\":\"1\",\"title\":\"Jamaica P4\",\"slug\":\"jamaica-p4\",\"postDate\":1519201914,\"expiryDate\":null,\"enabled\":1,\"parentId\":null,\"fields\":{\"1\":\"<p><b>Lorem Ipsum<\\/b>&nbsp;is simply dummy text of the printing and typesetting industry. Lorem Ipsum has been the industry\'s standard dummy text ever since the 1500s, when an unknown printer took a galley of type and scrambled it to make a type specimen book. It has survived not only five centuries, but also the leap into electronic typesetting, remaining essentially unchanged. It was popularised in the 1960s with the release of Letraset sheets containing Lorem Ipsum passages, and more recently with desktop publishing software like Aldus PageMaker including versions of Lorem Ipsum.<\\/p>\",\"3\":[\"5\"],\"2\":\"\"}}', '2018-02-21 08:31:54', '2018-02-21 08:31:54', '35826e32-191b-48a3-986c-96e476771954'),
 ('8', '11', '8', '1', 'nl', '1', '', '{\"typeId\":null,\"authorId\":\"1\",\"title\":\"Summerjam 2017\",\"slug\":\"summerjam-2017\",\"postDate\":1519201944,\"expiryDate\":null,\"enabled\":1,\"parentId\":null,\"fields\":{\"1\":\"<p><b>Lorem Ipsum<\\/b>&nbsp;is simply dummy text of the printing and typesetting industry. Lorem Ipsum has been the industry\'s standard dummy text ever since the 1500s, when an unknown printer took a galley of type and scrambled it to make a type specimen book. It has survived not only five centuries, but also the leap into electronic typesetting, remaining essentially unchanged. It was popularised in the 1960s with the release of Letraset sheets containing Lorem Ipsum passages, and more recently with desktop publishing software like Aldus PageMaker including versions of Lorem Ipsum.<\\/p>\",\"3\":[\"7\"],\"2\":\"\"}}', '2018-02-21 08:32:24', '2018-02-21 08:32:24', 'f6cf1e8f-fcd1-48d8-b1a1-f580c245c75b'),
 ('9', '12', '8', '1', 'nl', '1', '', '{\"typeId\":null,\"authorId\":\"1\",\"title\":\"Reggae Night\",\"slug\":\"reggae-night\",\"postDate\":1519201959,\"expiryDate\":null,\"enabled\":1,\"parentId\":null,\"fields\":{\"1\":\"<p><b>Lorem Ipsum<\\/b>&nbsp;is simply dummy text of the printing and typesetting industry. Lorem Ipsum has been the industry\'s standard dummy text ever since the 1500s, when an unknown printer took a galley of type and scrambled it to make a type specimen book. It has survived not only five centuries, but also the leap into electronic typesetting, remaining essentially unchanged. It was popularised in the 1960s with the release of Letraset sheets containing Lorem Ipsum passages, and more recently with desktop publishing software like Aldus PageMaker including versions of Lorem Ipsum.<\\/p>\",\"3\":[\"6\"],\"2\":\"\"}}', '2018-02-21 08:32:39', '2018-02-21 08:32:39', '1684d35c-c64a-4a32-9564-2601dbe7f756'),
 ('10', '13', '8', '1', 'nl', '1', '', '{\"typeId\":null,\"authorId\":\"1\",\"title\":\"Jam around the world!\",\"slug\":\"jam-around-the-world\",\"postDate\":1519201981,\"expiryDate\":null,\"enabled\":1,\"parentId\":null,\"fields\":{\"1\":\"<p><b>Lorem Ipsum<\\/b>&nbsp;is simply dummy text of the printing and typesetting industry. Lorem Ipsum has been the industry\'s standard dummy text ever since the 1500s, when an unknown printer took a galley of type and scrambled it to make a type specimen book. It has survived not only five centuries, but also the leap into electronic typesetting, remaining essentially unchanged. It was popularised in the 1960s with the release of Letraset sheets containing Lorem Ipsum passages, and more recently with desktop publishing software like Aldus PageMaker including versions of Lorem Ipsum.<\\/p>\",\"3\":[\"8\"],\"2\":\"\"}}', '2018-02-21 08:33:01', '2018-02-21 08:33:01', '16d8eb4a-ff92-47e5-92f7-305f592a7358'),
 ('11', '14', '8', '1', 'nl', '1', '', '{\"typeId\":null,\"authorId\":\"1\",\"title\":\"Ziggy Marley Ziggodome\",\"slug\":\"ziggy-marley-ziggodome\",\"postDate\":1519202000,\"expiryDate\":null,\"enabled\":1,\"parentId\":null,\"fields\":{\"1\":\"<p><b>Lorem Ipsum<\\/b>&nbsp;is simply dummy text of the printing and typesetting industry. Lorem Ipsum has been the industry\'s standard dummy text ever since the 1500s, when an unknown printer took a galley of type and scrambled it to make a type specimen book. It has survived not only five centuries, but also the leap into electronic typesetting, remaining essentially unchanged. It was popularised in the 1960s with the release of Letraset sheets containing Lorem Ipsum passages, and more recently with desktop publishing software like Aldus PageMaker including versions of Lorem Ipsum.<\\/p>\",\"3\":[\"9\"],\"2\":\"\"}}', '2018-02-21 08:33:20', '2018-02-21 08:33:20', '88938885-860e-45f2-851f-265f26ab830f'),
 ('12', '2', '1', '1', 'nl', '4', '', '{\"typeId\":null,\"authorId\":null,\"title\":\"Welcome to Big Lion Promotions\",\"slug\":\"homepage\",\"postDate\":1519117818,\"expiryDate\":null,\"enabled\":1,\"parentId\":null,\"fields\":{\"1\":\"<p><strong>Lorem Ipsum<\\/strong>&nbsp;is simply dummy text of the printing and typesetting industry. Lorem Ipsum has been the industry\'s standard dummy text ever since the 1500s, when an unknown printer took a galley of type and scrambled it to make a type specimen book. It has survived not only five centuries, but also the leap into electronic typesetting, remaining essentially unchanged. It was popularised in the 1960s with the release of Letraset sheets containing Lorem Ipsum passages, and more recently with desktop publishing software like Aldus PageMaker including versions of Lorem Ipsum.<\\/p>\"}}', '2018-02-21 08:41:09', '2018-02-21 08:41:09', 'b3ef6aba-b8f6-42ea-8fa6-cb38de32e5f8'),
 ('13', '2', '1', '1', 'nl', '5', '', '{\"typeId\":null,\"authorId\":null,\"title\":\"Welcome to Big Lion Promotions\",\"slug\":\"homepage\",\"postDate\":1519117818,\"expiryDate\":null,\"enabled\":1,\"parentId\":null,\"fields\":{\"1\":\"<p><strong>Lorem Ipsum<\\/strong>&nbsp;is simply dummy text of the printing and typesetting industry. Lorem Ipsum has been the industry\'s standard dummy text ever since the 1500s, when an unknown printer took a galley of type and scrambled it to make a type specimen book. It has survived not only five centuries, but also the leap into electronic typesetting, remaining essentially unchanged. It was popularised in the 1960s with the release of Letraset sheets containing Lorem Ipsum passages, and more recently with desktop publishing software like Aldus PageMaker including versions of Lorem Ipsum.<\\/p>\",\"3\":[\"15\"]}}', '2018-02-21 08:44:44', '2018-02-21 08:44:44', '7b5bfd4e-c2e1-4509-81fd-0cc9946a5d44'),
 ('14', '2', '1', '1', 'nl', '6', '', '{\"typeId\":null,\"authorId\":null,\"title\":\"Welcome to Big Lion Promotions\",\"slug\":\"homepage\",\"postDate\":1519117818,\"expiryDate\":null,\"enabled\":1,\"parentId\":null,\"fields\":{\"1\":\"<p><strong>Lorem Ipsum<\\/strong>&nbsp;is simply dummy text of the printing and typesetting industry. Lorem Ipsum has been the industry\'s standard dummy text ever since the 1500s, when an unknown printer took a galley of type and scrambled it to make a type specimen book. It has survived not only five centuries, but also the leap into electronic typesetting, remaining essentially unchanged. It was popularised in the 1960s with the release of Letraset sheets containing Lorem Ipsum passages, and more recently with desktop publishing software like Aldus PageMaker including versions of Lorem Ipsum.<\\/p>\",\"3\":[\"16\"]}}', '2018-02-21 08:47:15', '2018-02-21 08:47:15', 'ac5e2385-3d73-4e22-b3f2-81b8924ec3bd'),
 ('15', '20', '3', '1', 'nl', '1', '', '{\"typeId\":null,\"authorId\":\"1\",\"title\":\"Dilan Tekin\",\"slug\":\"dilan-tekin\",\"postDate\":1519209396,\"expiryDate\":null,\"enabled\":1,\"parentId\":null,\"fields\":{\"1\":\"<p><b>Lorem ipsum<\\/b>. L&nbsp;<b>Lorem ipsum<\\/b>&nbsp;dolor sit amet, consectetuer adipiscing elit. Aenean commodo ligula eget dolor. Aenean massa. Cum sociis natoque penatibus et magnis dis parturient montes, nascetur ridiculus mus. Donec quam felis, ultricies nec, pellentesque eu, pretium quis, sem. Nulla consequat massa quis enim. Donec<\\/p>\",\"3\":[\"17\"],\"2\":\"\"}}', '2018-02-21 10:36:37', '2018-02-21 10:36:37', '5885ce51-c0eb-469c-961c-24add3495c24'),
 ('16', '21', '3', '1', 'nl', '1', '', '{\"typeId\":null,\"authorId\":\"1\",\"title\":\"Faya Milla\",\"slug\":\"faya-milla\",\"postDate\":1519209413,\"expiryDate\":null,\"enabled\":1,\"parentId\":null,\"fields\":{\"1\":\"<p><b>Lorem ipsum<\\/b>. L&nbsp;<b>Lorem ipsum<\\/b>&nbsp;dolor sit amet, consectetuer adipiscing elit. Aenean commodo ligula eget dolor. Aenean massa. Cum sociis natoque penatibus et magnis dis parturient montes, nascetur ridiculus mus. Donec quam felis, ultricies nec, pellentesque eu, pretium quis, sem. Nulla consequat massa quis enim. Donec<\\/p>\",\"3\":[\"18\"],\"2\":\"\"}}', '2018-02-21 10:36:53', '2018-02-21 10:36:53', '80eb88ae-d484-4568-ba92-034e48f43451'),
 ('17', '22', '3', '1', 'nl', '1', '', '{\"typeId\":null,\"authorId\":\"1\",\"title\":\"Remco Hoeneveld\",\"slug\":\"remco-hoeneveld\",\"postDate\":1519209426,\"expiryDate\":null,\"enabled\":1,\"parentId\":null,\"fields\":{\"1\":\"<p><b>Lorem ipsum<\\/b>. L&nbsp;<b>Lorem ipsum<\\/b>&nbsp;dolor sit amet, consectetuer adipiscing elit. Aenean commodo ligula eget dolor. Aenean massa. Cum sociis natoque penatibus et magnis dis parturient montes, nascetur ridiculus mus. Donec quam felis, ultricies nec, pellentesque eu, pretium quis, sem. Nulla consequat massa quis enim. Donec<\\/p>\",\"3\":[\"19\"],\"2\":\"\"}}', '2018-02-21 10:37:06', '2018-02-21 10:37:06', 'b64e3f36-e159-40bd-bbac-3fd261c3f168'),
 ('18', '23', '9', '1', 'nl', '1', NULL, '{\"typeId\":\"9\",\"authorId\":null,\"title\":\"backline\",\"slug\":\"backline\",\"postDate\":1519223793,\"expiryDate\":null,\"enabled\":1,\"parentId\":null,\"fields\":[]}', '2018-02-21 14:36:33', '2018-02-21 14:36:33', '8d2ff196-e729-42ae-a696-304546991305'),
 ('19', '23', '9', '1', 'nl', '2', '', '{\"typeId\":null,\"authorId\":null,\"title\":\"backline\",\"slug\":\"backline\",\"postDate\":1519223793,\"expiryDate\":null,\"enabled\":1,\"parentId\":null,\"fields\":{\"7\":[\"24\",\"25\",\"26\"],\"4\":\"\\u200bSed ut perspiciatis unde omnis iste natus error sit voluptatem accusantium doloremque laudantium, totam rem aperiam, eaque ipsa quae ab illo inventore veritatis et quasi architecto beatae vitae dicta sunt explicabo. Nemo enim ipsam voluptatem quia voluptas sit aspernatur aut odit aut fugit, sed quia consequuntur magni dolores eos qui ratione voluptatem sequi nesciunt. Neque porro quisquam est, qui dolorem ipsum quia dolor sit amet, consectetur, adipisci velit, sed quia non numquam eius modi tempora incidunt ut labore et dolore magnam aliquam quaerat voluptatem. Ut enim ad minima veniam, quis nostrum exercitationem ullam corporis suscipit laboriosam, nisi ut aliquid ex ea commodi consequatur? Quis autem vel eum iure reprehenderit qui in ea voluptate velit esse quam nihil molestiae consequatur, vel illum qui dolorem eum fugiat quo voluptas nulla pariatur?\\u200b\",\"6\":\"\\u200bSed ut perspiciatis unde omnis iste natus error sit voluptatem accusantium doloremque laudantium, totam rem aperiam, eaque ipsa quae ab illo inventore veritatis et quasi architecto beatae vitae dicta sunt explicabo. Nemo enim ipsam voluptatem quia voluptas sit aspernatur aut odit aut fugit, sed quia consequuntur magni dolores eos qui ratione voluptatem sequi nesciunt. Neque porro quisquam est, qui dolorem ipsum quia dolor sit amet, consectetur, adipisci velit, sed quia non numquam eius modi tempora incidunt ut labore et dolore magnam aliquam quaerat voluptatem. Ut enim ad minima veniam, quis nostrum exercitationem ullam corporis suscipit laboriosam, nisi ut aliquid ex ea commodi consequatur? Quis autem vel eum iure reprehenderit qui in ea voluptate velit esse quam nihil molestiae consequatur, vel illum qui dolorem eum fugiat quo voluptas nulla pariatur?\\u200b\",\"5\":\"\\u200bSed ut perspiciatis unde omnis iste natus error sit voluptatem accusantium doloremque laudantium, totam rem aperiam, eaque ipsa quae ab illo inventore veritatis et quasi architecto beatae vitae dicta sunt explicabo. Nemo enim ipsam voluptatem quia voluptas sit aspernatur aut odit aut fugit, sed quia consequuntur magni dolores eos qui ratione voluptatem sequi nesciunt. Neque porro quisquam est, qui dolorem ipsum quia dolor sit amet, consectetur, adipisci velit, sed quia non numquam eius modi tempora incidunt ut labore et dolore magnam aliquam quaerat voluptatem. Ut enim ad minima veniam, quis nostrum exercitationem ullam corporis suscipit laboriosam, nisi ut aliquid ex ea commodi consequatur? Quis autem vel eum iure reprehenderit qui in ea voluptate velit esse quam nihil molestiae consequatur, vel illum qui dolorem eum fugiat quo voluptas nulla pariatur?\\u200b\",\"1\":\"<p>Sed ut perspiciatis unde omnis iste natus error sit voluptatem accusantium doloremque laudantium, totam rem aperiam, eaque ipsa quae ab illo inventore veritatis et quasi architecto beatae vitae dicta sunt explicabo. Nemo enim ipsam voluptatem quia voluptas sit aspernatur aut odit aut fugit, sed quia consequuntur magni dolores eos qui ratione voluptatem sequi nesciunt. Neque porro quisquam est, qui dolorem ipsum quia dolor sit amet, consectetur, adipisci velit, sed quia non numquam eius modi tempora incidunt ut labore et dolore magnam aliquam quaerat voluptatem. Ut enim ad minima veniam, quis nostrum exercitationem ullam corporis suscipit laboriosam, nisi ut aliquid ex ea commodi consequatur? Quis autem vel eum iure reprehenderit qui in ea voluptate velit esse quam nihil molestiae consequatur, vel illum qui dolorem eum fugiat quo voluptas nulla pariatur?<\\/p>\",\"3\":[\"27\"],\"2\":\"\"}}', '2018-02-21 15:06:14', '2018-02-21 15:06:14', 'b08bb1e7-d78b-4c25-9a7a-900703dea0e3'),
 ('20', '22', '3', '1', 'nl', '2', '', '{\"typeId\":\"3\",\"authorId\":\"1\",\"title\":\"Remco Hoeneveld\",\"slug\":\"remco-hoeneveld\",\"postDate\":1519209420,\"expiryDate\":null,\"enabled\":1,\"parentId\":null,\"fields\":{\"8\":[\"30\"],\"1\":\"<p><strong>Lorem ipsum<\\/strong>. L&nbsp;<strong>Lorem ipsum<\\/strong>&nbsp;dolor sit amet, consectetuer adipiscing elit. Aenean commodo ligula eget dolor. Aenean massa. Cum sociis natoque penatibus et magnis dis parturient montes, nascetur ridiculus mus. Donec quam felis, ultricies nec, pellentesque eu, pretium quis, sem. Nulla consequat massa quis enim. Donec<\\/p>\",\"2\":\"\"}}', '2018-02-21 15:43:11', '2018-02-21 15:43:11', '73171459-b864-43c0-9f67-6b348e15c7ec'),
 ('21', '21', '3', '1', 'nl', '2', '', '{\"typeId\":\"3\",\"authorId\":\"1\",\"title\":\"Faya Milla\",\"slug\":\"faya-milla\",\"postDate\":1519209360,\"expiryDate\":null,\"enabled\":1,\"parentId\":null,\"fields\":{\"8\":[\"29\"],\"1\":\"<p><strong>Lorem ipsum<\\/strong>. L&nbsp;<strong>Lorem ipsum<\\/strong>&nbsp;dolor sit amet, consectetuer adipiscing elit. Aenean commodo ligula eget dolor. Aenean massa. Cum sociis natoque penatibus et magnis dis parturient montes, nascetur ridiculus mus. Donec quam felis, ultricies nec, pellentesque eu, pretium quis, sem. Nulla consequat massa quis enim. Donec<\\/p>\",\"2\":\"\"}}', '2018-02-21 15:43:18', '2018-02-21 15:43:18', 'a4b55560-a1c1-4ce3-bd8e-8cb48e2111d5'),
 ('22', '20', '3', '1', 'nl', '2', '', '{\"typeId\":\"3\",\"authorId\":\"1\",\"title\":\"Dilan Tekin\",\"slug\":\"dilan-tekin\",\"postDate\":1519209360,\"expiryDate\":null,\"enabled\":1,\"parentId\":null,\"fields\":{\"8\":[\"28\"],\"1\":\"<p><strong>Lorem ipsum<\\/strong>. L&nbsp;<strong>Lorem ipsum<\\/strong>&nbsp;dolor sit amet, consectetuer adipiscing elit. Aenean commodo ligula eget dolor. Aenean massa. Cum sociis natoque penatibus et magnis dis parturient montes, nascetur ridiculus mus. Donec quam felis, ultricies nec, pellentesque eu, pretium quis, sem. Nulla consequat massa quis enim. Donec<\\/p>\",\"2\":\"\"}}', '2018-02-21 15:43:27', '2018-02-21 15:43:27', '0b843614-27eb-485c-9e20-c033c968e7e0'),
 ('24', '14', '8', '1', 'nl', '2', '', '{\"typeId\":\"8\",\"authorId\":\"1\",\"title\":\"Ziggy Marley Ziggodome\",\"slug\":\"ziggy-marley-ziggodome\",\"postDate\":1519201980,\"expiryDate\":null,\"enabled\":1,\"parentId\":null,\"fields\":{\"1\":\"<p><strong>Lorem Ipsum<\\/strong>&nbsp;is simply dummy text of the printing and typesetting industry. Lorem Ipsum has been the industry\'s standard dummy text ever since the 1500s, when an unknown printer took a galley of type and scrambled it to make a type specimen book. It has survived not only five centuries, but also the leap into electronic typesetting, remaining essentially unchanged. It was popularised in the 1960s with the release of Letraset sheets containing Lorem Ipsum passages, and more recently with desktop publishing software like Aldus PageMaker including versions of Lorem Ipsum.<\\/p>\",\"10\":[\"37\"],\"2\":\"\"}}', '2018-02-21 15:44:26', '2018-02-21 15:44:26', 'd22e1cb0-ee9f-4584-aa2a-a15711f1ee7a'),
 ('25', '13', '8', '1', 'nl', '2', '', '{\"typeId\":\"8\",\"authorId\":\"1\",\"title\":\"Jam around the world!\",\"slug\":\"jam-around-the-world\",\"postDate\":1519201980,\"expiryDate\":null,\"enabled\":1,\"parentId\":null,\"fields\":{\"1\":\"<p><strong>Lorem Ipsum<\\/strong>&nbsp;is simply dummy text of the printing and typesetting industry. Lorem Ipsum has been the industry\'s standard dummy text ever since the 1500s, when an unknown printer took a galley of type and scrambled it to make a type specimen book. It has survived not only five centuries, but also the leap into electronic typesetting, remaining essentially unchanged. It was popularised in the 1960s with the release of Letraset sheets containing Lorem Ipsum passages, and more recently with desktop publishing software like Aldus PageMaker including versions of Lorem Ipsum.<\\/p>\",\"10\":[\"36\"],\"2\":\"\"}}', '2018-02-21 15:44:36', '2018-02-21 15:44:36', 'ab0d8797-d617-4f43-8fe3-675fe222dccb'),
 ('26', '12', '8', '1', 'nl', '2', '', '{\"typeId\":\"8\",\"authorId\":\"1\",\"title\":\"Reggae Night\",\"slug\":\"reggae-night\",\"postDate\":1519201920,\"expiryDate\":null,\"enabled\":1,\"parentId\":null,\"fields\":{\"1\":\"<p><strong>Lorem Ipsum<\\/strong>&nbsp;is simply dummy text of the printing and typesetting industry. Lorem Ipsum has been the industry\'s standard dummy text ever since the 1500s, when an unknown printer took a galley of type and scrambled it to make a type specimen book. It has survived not only five centuries, but also the leap into electronic typesetting, remaining essentially unchanged. It was popularised in the 1960s with the release of Letraset sheets containing Lorem Ipsum passages, and more recently with desktop publishing software like Aldus PageMaker including versions of Lorem Ipsum.<\\/p>\",\"10\":[\"34\"],\"2\":\"\"}}', '2018-02-21 15:44:43', '2018-02-21 15:44:43', 'ff4171a4-731a-4308-941c-9b629bff8056'),
 ('27', '10', '8', '1', 'nl', '2', '', '{\"typeId\":\"8\",\"authorId\":\"1\",\"title\":\"Jamaica P4\",\"slug\":\"jamaica-p4\",\"postDate\":1519201860,\"expiryDate\":null,\"enabled\":1,\"parentId\":null,\"fields\":{\"1\":\"<p><strong>Lorem Ipsum<\\/strong>&nbsp;is simply dummy text of the printing and typesetting industry. Lorem Ipsum has been the industry\'s standard dummy text ever since the 1500s, when an unknown printer took a galley of type and scrambled it to make a type specimen book. It has survived not only five centuries, but also the leap into electronic typesetting, remaining essentially unchanged. It was popularised in the 1960s with the release of Letraset sheets containing Lorem Ipsum passages, and more recently with desktop publishing software like Aldus PageMaker including versions of Lorem Ipsum.<\\/p>\",\"10\":[\"33\"],\"2\":\"\"}}', '2018-02-21 15:44:50', '2018-02-21 15:44:50', 'd019f110-d742-42ae-a7ce-b29628fc61aa'),
 ('28', '11', '8', '1', 'nl', '2', '', '{\"typeId\":\"8\",\"authorId\":\"1\",\"title\":\"Summerjam 2017\",\"slug\":\"summerjam-2017\",\"postDate\":1519201920,\"expiryDate\":null,\"enabled\":1,\"parentId\":null,\"fields\":{\"1\":\"<p><strong>Lorem Ipsum<\\/strong>&nbsp;is simply dummy text of the printing and typesetting industry. Lorem Ipsum has been the industry\'s standard dummy text ever since the 1500s, when an unknown printer took a galley of type and scrambled it to make a type specimen book. It has survived not only five centuries, but also the leap into electronic typesetting, remaining essentially unchanged. It was popularised in the 1960s with the release of Letraset sheets containing Lorem Ipsum passages, and more recently with desktop publishing software like Aldus PageMaker including versions of Lorem Ipsum.<\\/p>\",\"10\":[\"35\"],\"2\":\"\"}}', '2018-02-21 15:45:02', '2018-02-21 15:45:02', 'c59cd7f2-7ea9-46fe-b137-227749af9d4f'),
 ('29', '2', '1', '1', 'nl', '7', '', '{\"typeId\":null,\"authorId\":null,\"title\":\"Welcome to Big Lion Promotions\",\"slug\":\"homepage\",\"postDate\":1519117818,\"expiryDate\":null,\"enabled\":1,\"parentId\":null,\"fields\":{\"1\":\"<p><strong>Lorem Ipsum<\\/strong>&nbsp;is simply dummy text of the printing and typesetting industry. Lorem Ipsum has been the industry\'s standard dummy text ever since the 1500s, when an unknown printer took a galley of type and scrambled it to make a type specimen book. It has survived not only five centuries, but also the leap into electronic typesetting, remaining essentially unchanged. It was popularised in the 1960s with the release of Letraset sheets containing Lorem Ipsum passages, and more recently with desktop publishing software like Aldus PageMaker including versions of Lorem Ipsum.<\\/p>\",\"3\":[\"39\"]}}', '2018-02-21 15:46:12', '2018-02-21 15:46:12', 'e77968aa-b196-4ed2-ba1a-7379c2ae5242'),
 ('30', '43', '10', '1', 'nl', '1', NULL, '{\"typeId\":\"10\",\"authorId\":null,\"title\":\"Media\",\"slug\":\"media\",\"postDate\":1519229550,\"expiryDate\":null,\"enabled\":1,\"parentId\":null,\"fields\":[]}', '2018-02-21 16:12:31', '2018-02-21 16:12:31', 'e900a26d-28fa-4b32-bb41-b9eba9783c43'),
 ('31', '43', '10', '1', 'nl', '2', '', '{\"typeId\":null,\"authorId\":null,\"title\":\"Media\",\"slug\":\"media\",\"postDate\":1519229550,\"expiryDate\":null,\"enabled\":1,\"parentId\":null,\"fields\":{\"11\":[\"42\",\"40\",\"41\"]}}', '2018-02-21 16:13:35', '2018-02-21 16:13:35', '2002efd6-d3aa-436a-832a-a9768dd17132'),
 ('32', '23', '9', '1', 'nl', '3', '', '{\"typeId\":null,\"authorId\":null,\"title\":\"backline\",\"slug\":\"backline\",\"postDate\":1519223793,\"expiryDate\":null,\"enabled\":1,\"parentId\":null,\"fields\":{\"7\":[\"24\",\"25\",\"26\"],\"4\":\"\\u200bSed ut perspiciatis unde omnis iste natus error sit voluptatem accusantium doloremque laudantium, totam rem aperiam, eaque ipsa quae ab illo inventore veritatis et quasi architecto beatae vitae dicta sunt explicabo. Nemo enim ipsam voluptatem quia voluptas sit aspernatur aut odit aut fugit, sed quia consequuntur magni dolores eos qui ratione voluptatem sequi nesciunt. Neque porro quisquam est, qui dolorem ipsum quia dolor sit amet, consectetur, adipisci velit, sed quia non numquam eius modi tempora incidunt ut labore et dolore magnam aliquam quaerat voluptatem. Ut enim ad minima veniam, quis nostrum exercitationem ullam corporis suscipit laboriosam, nisi ut aliquid ex ea commodi consequatur? Quis autem vel eum iure reprehenderit qui in ea voluptate velit esse quam nihil molestiae consequatur, vel illum qui dolorem eum fugiat quo voluptas nulla pariatur?\\u200b\",\"6\":\"\\u200bSed ut perspiciatis unde omnis iste natus error sit voluptatem accusantium doloremque laudantium, totam rem aperiam, eaque ipsa quae ab illo inventore veritatis et quasi architecto beatae vitae dicta sunt explicabo. Nemo enim ipsam voluptatem quia voluptas sit aspernatur aut odit aut fugit, sed quia consequuntur magni dolores eos qui ratione voluptatem sequi nesciunt. Neque porro quisquam est, qui dolorem ipsum quia dolor sit amet, consectetur, adipisci velit, sed quia non numquam eius modi tempora incidunt ut labore et dolore magnam aliquam quaerat voluptatem. Ut enim ad minima veniam, quis nostrum exercitationem ullam corporis suscipit laboriosam, nisi ut aliquid ex ea commodi consequatur? Quis autem vel eum iure reprehenderit qui in ea voluptate velit esse quam nihil molestiae consequatur, vel illum qui dolorem eum fugiat quo voluptas nulla pariatur?\\u200b\",\"5\":\"\\u200bSed ut perspiciatis unde omnis iste natus error sit voluptatem accusantium doloremque laudantium, totam rem aperiam, eaque ipsa quae ab illo inventore veritatis et quasi architecto beatae vitae dicta sunt explicabo. Nemo enim ipsam voluptatem quia voluptas sit aspernatur aut odit aut fugit, sed quia consequuntur magni dolores eos qui ratione voluptatem sequi nesciunt. Neque porro quisquam est, qui dolorem ipsum quia dolor sit amet, consectetur, adipisci velit, sed quia non numquam eius modi tempora incidunt ut labore et dolore magnam aliquam quaerat voluptatem. Ut enim ad minima veniam, quis nostrum exercitationem ullam corporis suscipit laboriosam, nisi ut aliquid ex ea commodi consequatur? Quis autem vel eum iure reprehenderit qui in ea voluptate velit esse quam nihil molestiae consequatur, vel illum qui dolorem eum fugiat quo voluptas nulla pariatur?\\u200b\",\"1\":\"<p>Sed ut perspiciatis unde omnis iste natus error sit voluptatem accusantium doloremque laudantium, totam rem aperiam, eaque ipsa quae ab illo inventore veritatis et quasi architecto beatae vitae dicta sunt explicabo. Nemo enim ipsam voluptatem quia voluptas sit aspernatur aut odit aut fugit, sed quia consequuntur magni dolores eos qui ratione voluptatem sequi nesciunt. Neque porro quisquam est, qui dolorem ipsum quia dolor sit amet, consectetur, adipisci velit, sed quia non numquam eius modi tempora incidunt ut labore et dolore magnam aliquam quaerat voluptatem. Ut enim ad minima veniam, quis nostrum exercitationem ullam corporis suscipit laboriosam, nisi ut aliquid ex ea commodi consequatur? Quis autem vel eum iure reprehenderit qui in ea voluptate velit esse quam nihil molestiae consequatur, vel illum qui dolorem eum fugiat quo voluptas nulla pariatur?<\\/p>\",\"3\":[\"44\"],\"2\":\"\"}}', '2018-02-21 16:22:55', '2018-02-21 16:22:55', 'b119f9e1-fda1-46cd-b2bd-dcd649c432da'),
 ('33', '20', '3', '1', 'nl', '3', '', '{\"typeId\":\"3\",\"authorId\":\"1\",\"title\":\"Dilan Tekin\",\"slug\":\"dilan-tekin\",\"postDate\":1519209360,\"expiryDate\":null,\"enabled\":1,\"parentId\":null,\"fields\":{\"12\":[\"32\"],\"8\":[\"28\"],\"13\":[\"12\",\"10\"],\"1\":\"<p><strong>Lorem ipsum<\\/strong>. L&nbsp;<strong>Lorem ipsum<\\/strong>&nbsp;dolor sit amet, consectetuer adipiscing elit. Aenean commodo ligula eget dolor. Aenean massa. Cum sociis natoque penatibus et magnis dis parturient montes, nascetur ridiculus mus. Donec quam felis, ultricies nec, pellentesque eu, pretium quis, sem. Nulla consequat massa quis enim. Donec<\\/p>\",\"2\":\"\"}}', '2018-02-22 08:21:35', '2018-02-22 08:21:35', 'a114c879-f47c-4b19-aa64-87ab0e253311'),
 ('35', '20', '3', '1', 'nl', '4', '', '{\"typeId\":\"3\",\"authorId\":\"1\",\"title\":\"Dilan Tekin\",\"slug\":\"dilan-tekin\",\"postDate\":1519209360,\"expiryDate\":null,\"enabled\":1,\"parentId\":null,\"fields\":{\"12\":[\"32\"],\"8\":[\"28\"],\"13\":[\"12\",\"10\",\"11\"],\"1\":\"<p><strong>Lorem ipsum<\\/strong>. L&nbsp;<strong>Lorem ipsum<\\/strong>&nbsp;dolor sit amet, consectetuer adipiscing elit. Aenean commodo ligula eget dolor. Aenean massa. Cum sociis natoque penatibus et magnis dis parturient montes, nascetur ridiculus mus. Donec quam felis, ultricies nec, pellentesque eu, pretium quis, sem. Nulla consequat massa quis enim. Donec<\\/p>\",\"2\":\"\"}}', '2018-02-22 08:22:11', '2018-02-22 08:22:11', '7ffd5bfd-2798-45b5-9d01-b9be7499d79b'),
 ('36', '21', '3', '1', 'nl', '3', '', '{\"typeId\":\"3\",\"authorId\":\"1\",\"title\":\"Faya Milla\",\"slug\":\"faya-milla\",\"postDate\":1519209360,\"expiryDate\":null,\"enabled\":1,\"parentId\":null,\"fields\":{\"12\":[\"32\"],\"8\":[\"29\"],\"13\":[\"11\",\"12\",\"10\"],\"1\":\"<p><strong>Lorem ipsum<\\/strong>. L&nbsp;<strong>Lorem ipsum<\\/strong>&nbsp;dolor sit amet, consectetuer adipiscing elit. Aenean commodo ligula eget dolor. Aenean massa. Cum sociis natoque penatibus et magnis dis parturient montes, nascetur ridiculus mus. Donec quam felis, ultricies nec, pellentesque eu, pretium quis, sem. Nulla consequat massa quis enim. Donec<\\/p>\",\"2\":\"\"}}', '2018-02-22 08:22:25', '2018-02-22 08:22:25', 'c51bd6ac-ee46-41f5-8fba-62539f0bc6b6'),
 ('37', '22', '3', '1', 'nl', '3', '', '{\"typeId\":\"3\",\"authorId\":\"1\",\"title\":\"Remco Hoeneveld\",\"slug\":\"remco-hoeneveld\",\"postDate\":1519209420,\"expiryDate\":null,\"enabled\":1,\"parentId\":null,\"fields\":{\"12\":\"\",\"8\":[\"30\"],\"13\":[\"13\",\"14\"],\"1\":\"<p><strong>Lorem ipsum<\\/strong>. L&nbsp;<strong>Lorem ipsum<\\/strong>&nbsp;dolor sit amet, consectetuer adipiscing elit. Aenean commodo ligula eget dolor. Aenean massa. Cum sociis natoque penatibus et magnis dis parturient montes, nascetur ridiculus mus. Donec quam felis, ultricies nec, pellentesque eu, pretium quis, sem. Nulla consequat massa quis enim. Donec<\\/p>\",\"2\":\"\"}}', '2018-02-22 08:22:35', '2018-02-22 08:22:35', 'fb6732a0-9057-48a4-8f2a-d5037458258c'),
 ('40', '43', '10', '1', 'nl', '3', '', '{\"typeId\":null,\"authorId\":null,\"title\":\"Media\",\"slug\":\"media\",\"postDate\":1519229550,\"expiryDate\":null,\"enabled\":1,\"parentId\":null,\"fields\":{\"11\":[\"42\",\"40\",\"41\",\"45\",\"46\",\"47\",\"48\",\"49\",\"50\",\"51\",\"52\",\"53\",\"54\",\"55\"]}}', '2018-02-22 13:03:25', '2018-02-22 13:03:25', '038b1e23-65df-423f-8786-c9eec8a4d688'),
 ('41', '43', '10', '1', 'nl', '4', '', '{\"typeId\":null,\"authorId\":null,\"title\":\"Media\",\"slug\":\"media\",\"postDate\":1519229550,\"expiryDate\":null,\"enabled\":1,\"parentId\":null,\"fields\":{\"11\":[\"41\",\"46\",\"47\",\"48\",\"51\",\"52\",\"53\"]}}', '2018-02-22 14:06:42', '2018-02-22 14:06:42', 'fd0c91ce-1c7d-444a-884d-4ac7ee5e10a8'),
 ('42', '13', '8', '1', 'nl', '3', '', '{\"typeId\":\"8\",\"authorId\":\"1\",\"title\":\"Jam around the world!\",\"slug\":\"jam-around-the-world\",\"postDate\":1519201980,\"expiryDate\":null,\"enabled\":1,\"parentId\":null,\"fields\":{\"1\":\"<p><strong>Lorem Ipsum<\\/strong>&nbsp;is simply dummy text of the printing and typesetting industry. Lorem Ipsum has been the industry\'s standard dummy text ever since the 1500s, when an unknown printer took a galley of type and scrambled it to make a type specimen book. It has survived not only five centuries, but also the leap into electronic typesetting, remaining essentially unchanged. It was popularised in the 1960s with the release of Letraset sheets containing Lorem Ipsum passages, and more recently with desktop publishing software like Aldus PageMaker including versions of Lorem Ipsum.<\\/p>\",\"16\":[\"32\"],\"10\":[\"36\"],\"2\":\"\"}}', '2018-02-22 16:05:55', '2018-02-22 16:05:55', 'e3a54712-c2ff-4913-9c71-042841643dad'),
 ('43', '13', '8', '1', 'nl', '4', '', '{\"typeId\":\"8\",\"authorId\":\"1\",\"title\":\"Jam around the world!\",\"slug\":\"jam-around-the-world\",\"postDate\":1519201980,\"expiryDate\":null,\"enabled\":1,\"parentId\":null,\"fields\":{\"1\":\"<p><strong>Lorem Ipsum<\\/strong>&nbsp;is simply dummy text of the printing and typesetting industry. Lorem Ipsum has been the industry\'s standard dummy text ever since the 1500s, when an unknown printer took a galley of type and scrambled it to make a type specimen book. It has survived not only five centuries, but also the leap into electronic typesetting, remaining essentially unchanged. It was popularised in the 1960s with the release of Letraset sheets containing Lorem Ipsum passages, and more recently with desktop publishing software like Aldus PageMaker including versions of Lorem Ipsum.<\\/p>\",\"16\":\"\",\"10\":[\"36\"],\"2\":\"\"}}', '2018-02-22 16:06:13', '2018-02-22 16:06:13', 'd489b303-04da-40a4-a50f-3c8d60d050d1'),
 ('44', '11', '8', '1', 'nl', '3', '', '{\"typeId\":\"8\",\"authorId\":\"1\",\"title\":\"Summerjam 2017\",\"slug\":\"summerjam-2017\",\"postDate\":1519201920,\"expiryDate\":null,\"enabled\":1,\"parentId\":null,\"fields\":{\"1\":\"<p><strong>Lorem Ipsum<\\/strong>&nbsp;is simply dummy text of the printing and typesetting industry. Lorem Ipsum has been the industry\'s standard dummy text ever since the 1500s, when an unknown printer took a galley of type and scrambled it to make a type specimen book. It has survived not only five centuries, but also the leap into electronic typesetting, remaining essentially unchanged. It was popularised in the 1960s with the release of Letraset sheets containing Lorem Ipsum passages, and more recently with desktop publishing software like Aldus PageMaker including versions of Lorem Ipsum.<\\/p>\",\"16\":[\"32\"],\"10\":[\"35\"],\"2\":\"\"}}', '2018-02-22 16:06:22', '2018-02-22 16:06:22', 'fe33b666-a8c6-47cf-989e-1f658c1bea43'),
 ('45', '10', '8', '1', 'nl', '3', '', '{\"typeId\":\"8\",\"authorId\":\"1\",\"title\":\"Jamaica P4\",\"slug\":\"jamaica-p4\",\"postDate\":1519201860,\"expiryDate\":null,\"enabled\":1,\"parentId\":null,\"fields\":{\"1\":\"<p><strong>Lorem Ipsum<\\/strong>&nbsp;is simply dummy text of the printing and typesetting industry. Lorem Ipsum has been the industry\'s standard dummy text ever since the 1500s, when an unknown printer took a galley of type and scrambled it to make a type specimen book. It has survived not only five centuries, but also the leap into electronic typesetting, remaining essentially unchanged. It was popularised in the 1960s with the release of Letraset sheets containing Lorem Ipsum passages, and more recently with desktop publishing software like Aldus PageMaker including versions of Lorem Ipsum.<\\/p>\",\"16\":[\"32\"],\"10\":[\"33\"],\"2\":\"\"}}', '2018-02-22 16:06:30', '2018-02-22 16:06:30', '47161599-0cf2-4088-931b-167ed2f35198'),
 ('46', '12', '8', '1', 'nl', '3', '', '{\"typeId\":\"8\",\"authorId\":\"1\",\"title\":\"Reggae Night\",\"slug\":\"reggae-night\",\"postDate\":1519201920,\"expiryDate\":null,\"enabled\":1,\"parentId\":null,\"fields\":{\"1\":\"<p><strong>Lorem Ipsum<\\/strong>&nbsp;is simply dummy text of the printing and typesetting industry. Lorem Ipsum has been the industry\'s standard dummy text ever since the 1500s, when an unknown printer took a galley of type and scrambled it to make a type specimen book. It has survived not only five centuries, but also the leap into electronic typesetting, remaining essentially unchanged. It was popularised in the 1960s with the release of Letraset sheets containing Lorem Ipsum passages, and more recently with desktop publishing software like Aldus PageMaker including versions of Lorem Ipsum.<\\/p>\",\"16\":[\"32\"],\"10\":[\"34\"],\"2\":\"\"}}', '2018-02-22 16:06:41', '2018-02-22 16:06:41', '4e4b1736-871f-44b8-835d-4ff45cd6599a'),
 ('47', '14', '8', '1', 'nl', '3', '', '{\"typeId\":\"8\",\"authorId\":\"1\",\"title\":\"Ziggy Marley Ziggodome\",\"slug\":\"ziggy-marley-ziggodome\",\"postDate\":1519201980,\"expiryDate\":null,\"enabled\":1,\"parentId\":null,\"fields\":{\"1\":\"<p><strong>Lorem Ipsum<\\/strong>&nbsp;is simply dummy text of the printing and typesetting industry. Lorem Ipsum has been the industry\'s standard dummy text ever since the 1500s, when an unknown printer took a galley of type and scrambled it to make a type specimen book. It has survived not only five centuries, but also the leap into electronic typesetting, remaining essentially unchanged. It was popularised in the 1960s with the release of Letraset sheets containing Lorem Ipsum passages, and more recently with desktop publishing software like Aldus PageMaker including versions of Lorem Ipsum.<\\/p>\",\"17\":\"top\",\"16\":\"\",\"10\":[\"37\"],\"2\":\"\"}}', '2018-02-22 16:17:22', '2018-02-22 16:17:22', '33fe33e2-38c9-4b11-9c78-431a8b1897cf'),
 ('48', '12', '8', '1', 'nl', '4', '', '{\"typeId\":\"8\",\"authorId\":\"1\",\"title\":\"Reggae Night\",\"slug\":\"reggae-night\",\"postDate\":1519201920,\"expiryDate\":null,\"enabled\":1,\"parentId\":null,\"fields\":{\"1\":\"<p><strong>Lorem Ipsum<\\/strong>&nbsp;is simply dummy text of the printing and typesetting industry. Lorem Ipsum has been the industry\'s standard dummy text ever since the 1500s, when an unknown printer took a galley of type and scrambled it to make a type specimen book. It has survived not only five centuries, but also the leap into electronic typesetting, remaining essentially unchanged. It was popularised in the 1960s with the release of Letraset sheets containing Lorem Ipsum passages, and more recently with desktop publishing software like Aldus PageMaker including versions of Lorem Ipsum.<\\/p>\",\"17\":\"top\",\"16\":[\"32\"],\"10\":[\"34\"],\"2\":\"\"}}', '2018-02-22 16:17:39', '2018-02-22 16:17:39', 'd1573973-e440-49c0-92d0-9511bfb862f3'),
 ('49', '11', '8', '1', 'nl', '4', '', '{\"typeId\":\"8\",\"authorId\":\"1\",\"title\":\"Sunrise 2017\",\"slug\":\"summerjam-2017\",\"postDate\":1519201920,\"expiryDate\":null,\"enabled\":1,\"parentId\":null,\"fields\":{\"1\":\"<p><strong>Lorem Ipsum<\\/strong>&nbsp;is simply dummy text of the printing and typesetting industry. Lorem Ipsum has been the industry\'s standard dummy text ever since the 1500s, when an unknown printer took a galley of type and scrambled it to make a type specimen book. It has survived not only five centuries, but also the leap into electronic typesetting, remaining essentially unchanged. It was popularised in the 1960s with the release of Letraset sheets containing Lorem Ipsum passages, and more recently with desktop publishing software like Aldus PageMaker including versions of Lorem Ipsum.<\\/p>\",\"17\":\"center\",\"16\":[\"32\"],\"10\":[\"35\"],\"2\":\"\"}}', '2018-02-22 16:19:49', '2018-02-22 16:19:49', '9b2fad51-b2e5-45e1-a18d-d94b272453ea'),
 ('50', '11', '8', '1', 'nl', '5', '', '{\"typeId\":\"8\",\"authorId\":\"1\",\"title\":\"Sunrise 2017\",\"slug\":\"sunrise-2017\",\"postDate\":1519201920,\"expiryDate\":null,\"enabled\":1,\"parentId\":null,\"fields\":{\"1\":\"<p><strong>Lorem Ipsum<\\/strong>&nbsp;is simply dummy text of the printing and typesetting industry. Lorem Ipsum has been the industry\'s standard dummy text ever since the 1500s, when an unknown printer took a galley of type and scrambled it to make a type specimen book. It has survived not only five centuries, but also the leap into electronic typesetting, remaining essentially unchanged. It was popularised in the 1960s with the release of Letraset sheets containing Lorem Ipsum passages, and more recently with desktop publishing software like Aldus PageMaker including versions of Lorem Ipsum.<\\/p>\",\"17\":\"center\",\"16\":[\"32\"],\"10\":[\"35\"],\"2\":\"\"}}', '2018-02-22 16:20:15', '2018-02-22 16:20:15', 'a4036e6e-dabd-45de-8e12-ecdeb480133a'),
 ('54', '22', '3', '1', 'nl', '4', '', '{\"typeId\":\"3\",\"authorId\":\"1\",\"title\":\"Remco Hoeneveld\",\"slug\":\"remco-hoeneveld\",\"postDate\":1519209420,\"expiryDate\":null,\"enabled\":1,\"parentId\":null,\"fields\":{\"12\":\"\",\"8\":[\"30\"],\"13\":[\"13\",\"14\"],\"1\":\"<p><strong>Lorem ipsum<\\/strong>. L&nbsp;<strong>Lorem ipsum<\\/strong>&nbsp;dolor sit amet, consectetuer adipiscing elit. Aenean commodo ligula eget dolor. Aenean massa. Cum sociis natoque penatibus et magnis dis parturient montes, nascetur ridiculus mus. Donec quam felis, ultricies nec, pellentesque eu, pretium quis, sem. Nulla consequat massa quis enim. Donec<\\/p>\",\"18\":[\"Producer\"],\"2\":\"\"}}', '2018-02-22 16:57:25', '2018-02-22 16:57:25', '71040ad9-e7d0-4f0c-8152-ff19f8a04bab'),
 ('55', '20', '3', '1', 'nl', '5', '', '{\"typeId\":\"3\",\"authorId\":\"1\",\"title\":\"Dilan Tekin\",\"slug\":\"dilan-tekin\",\"postDate\":1519209360,\"expiryDate\":null,\"enabled\":1,\"parentId\":null,\"fields\":{\"12\":[\"32\"],\"8\":[\"28\"],\"13\":[\"12\",\"10\",\"11\"],\"1\":\"<p><strong>Lorem ipsum<\\/strong>. L&nbsp;<strong>Lorem ipsum<\\/strong>&nbsp;dolor sit amet, consectetuer adipiscing elit. Aenean commodo ligula eget dolor. Aenean massa. Cum sociis natoque penatibus et magnis dis parturient montes, nascetur ridiculus mus. Donec quam felis, ultricies nec, pellentesque eu, pretium quis, sem. Nulla consequat massa quis enim. Donec<\\/p>\",\"18\":[\"Gitarist\"],\"2\":\"\"}}', '2018-02-22 16:57:30', '2018-02-22 16:57:30', 'ae0c5f94-3da8-4865-9886-09cfc5064971'),
 ('56', '21', '3', '1', 'nl', '4', '', '{\"typeId\":\"3\",\"authorId\":\"1\",\"title\":\"Faya Milla\",\"slug\":\"faya-milla\",\"postDate\":1519209360,\"expiryDate\":null,\"enabled\":1,\"parentId\":null,\"fields\":{\"12\":[\"32\"],\"8\":[\"29\"],\"13\":[\"11\",\"12\",\"10\"],\"1\":\"<p><strong>Lorem ipsum<\\/strong>. L&nbsp;<strong>Lorem ipsum<\\/strong>&nbsp;dolor sit amet, consectetuer adipiscing elit. Aenean commodo ligula eget dolor. Aenean massa. Cum sociis natoque penatibus et magnis dis parturient montes, nascetur ridiculus mus. Donec quam felis, ultricies nec, pellentesque eu, pretium quis, sem. Nulla consequat massa quis enim. Donec<\\/p>\",\"18\":[\"Zanger\"],\"2\":\"\"}}', '2018-02-22 16:57:34', '2018-02-22 16:57:34', '572ed451-ec02-466b-8e82-2c7ad6ea758d'),
 ('58', '13', '8', '1', 'nl', '5', '', '{\"typeId\":\"8\",\"authorId\":\"1\",\"title\":\"Jam around the world!\",\"slug\":\"jam-around-the-world\",\"postDate\":1519201980,\"expiryDate\":null,\"enabled\":1,\"parentId\":null,\"fields\":{\"1\":\"<p><strong>Lorem Ipsum<\\/strong>&nbsp;is simply dummy text of the printing and typesetting industry. Lorem Ipsum has been the industry\'s standard dummy text ever since the 1500s, when an unknown printer took a galley of type and scrambled it to make a type specimen book. It has survived not only five centuries, but also the leap into electronic typesetting, remaining essentially unchanged. It was popularised in the 1960s with the release of Letraset sheets containing Lorem Ipsum passages, and more recently with desktop publishing software like Aldus PageMaker including versions of Lorem Ipsum.<\\/p>\",\"17\":\"top\",\"16\":\"\",\"10\":[\"36\"],\"2\":\"\"}}', '2018-02-24 11:49:33', '2018-02-24 11:49:33', 'f6919dae-5d15-4237-bdd1-62fa2c9839de'),
 ('59', '43', '10', '1', 'nl', '5', '', '{\"typeId\":null,\"authorId\":null,\"title\":\"Media\",\"slug\":\"media\",\"postDate\":1519229550,\"expiryDate\":null,\"enabled\":1,\"parentId\":null,\"fields\":{\"11\":[\"41\",\"46\",\"47\",\"48\",\"51\",\"52\",\"53\",\"42\",\"40\",\"45\",\"49\",\"50\"]}}', '2018-02-24 11:54:29', '2018-02-24 11:54:29', '76f71e71-f2b8-4463-868b-d50f3d006318'),
 ('65', '13', '8', '1', 'nl', '6', '', '{\"typeId\":\"8\",\"authorId\":\"1\",\"title\":\"Jam around the world!\",\"slug\":\"jam-around-the-world\",\"postDate\":1519201980,\"expiryDate\":null,\"enabled\":1,\"parentId\":null,\"fields\":{\"1\":\"<p><strong>Lorem Ipsum<\\/strong>&nbsp;is simply dummy text of the printing and typesetting industry. Lorem Ipsum has been the industry\'s standard dummy text ever since the 1500s, when an unknown printer took a galley of type and scrambled it to make a type specimen book. It has survived not only five centuries, but also the leap into electronic typesetting, remaining essentially unchanged. It was popularised in the 1960s with the release of Letraset sheets containing Lorem Ipsum passages, and more recently with desktop publishing software like Aldus PageMaker including versions of Lorem Ipsum.<\\/p>\",\"17\":\"top\",\"16\":\"\",\"10\":[\"36\"],\"2\":\"\",\"20\":\"bqlhSF1hlsw\"}}', '2018-02-24 16:38:14', '2018-02-24 16:38:14', '8cf00c14-9637-4e78-8803-046987753f24'),
 ('66', '11', '8', '1', 'nl', '6', '', '{\"typeId\":\"8\",\"authorId\":\"1\",\"title\":\"Sunrise 2017\",\"slug\":\"sunrise-2017\",\"postDate\":1519201920,\"expiryDate\":null,\"enabled\":1,\"parentId\":null,\"fields\":{\"1\":\"<p><strong>Lorem Ipsum<\\/strong>&nbsp;is simply dummy text of the printing and typesetting industry. Lorem Ipsum has been the industry\'s standard dummy text ever since the 1500s, when an unknown printer took a galley of type and scrambled it to make a type specimen book. It has survived not only five centuries, but also the leap into electronic typesetting, remaining essentially unchanged. It was popularised in the 1960s with the release of Letraset sheets containing Lorem Ipsum passages, and more recently with desktop publishing software like Aldus PageMaker including versions of Lorem Ipsum.<\\/p>\",\"17\":\"center\",\"16\":[\"32\"],\"10\":[\"35\"],\"2\":\"\",\"20\":\"olXNswhKsPE\"}}', '2018-02-24 16:40:27', '2018-02-24 16:40:27', '525f3520-40ee-4901-96c5-3c2d67580921'),
 ('67', '11', '8', '1', 'nl', '7', '', '{\"typeId\":\"8\",\"authorId\":\"1\",\"title\":\"Sunrise 2017\",\"slug\":\"sunrise-2017\",\"postDate\":1519201920,\"expiryDate\":null,\"enabled\":1,\"parentId\":null,\"fields\":{\"1\":\"<p><strong>Lorem Ipsum<\\/strong>&nbsp;is simply dummy text of the printing and typesetting industry. Lorem Ipsum has been the industry\'s standard dummy text ever since the 1500s, when an unknown printer took a galley of type and scrambled it to make a type specimen book. It has survived not only five centuries, but also the leap into electronic typesetting, remaining essentially unchanged. It was popularised in the 1960s with the release of Letraset sheets containing Lorem Ipsum passages, and more recently with desktop publishing software like Aldus PageMaker including versions of Lorem Ipsum.<\\/p>\",\"17\":\"center\",\"16\":[\"32\"],\"10\":[\"35\"],\"21\":\"https:\\/\\/soundcloud.com\\/tensionhouse\\/hokear-tension-dirty-faces-original-mix\",\"2\":\"\",\"20\":\"olXNswhKsPE\"}}', '2018-02-26 08:20:01', '2018-02-26 08:20:01', '34e9a79b-8166-4ed2-8681-f0371573fd73'),
 ('68', '11', '8', '1', 'nl', '8', '', '{\"typeId\":\"8\",\"authorId\":\"1\",\"title\":\"Sunrise 2017\",\"slug\":\"sunrise-2017\",\"postDate\":1519201920,\"expiryDate\":null,\"enabled\":1,\"parentId\":null,\"fields\":{\"1\":\"<p><strong>Lorem Ipsum<\\/strong>&nbsp;is simply dummy text of the printing and typesetting industry. Lorem Ipsum has been the industry\'s standard dummy text ever since the 1500s, when an unknown printer took a galley of type and scrambled it to make a type specimen book. It has survived not only five centuries, but also the leap into electronic typesetting, remaining essentially unchanged. It was popularised in the 1960s with the release of Letraset sheets containing Lorem Ipsum passages, and more recently with desktop publishing software like Aldus PageMaker including versions of Lorem Ipsum.<\\/p>\",\"17\":\"center\",\"16\":[\"32\"],\"10\":[\"35\"],\"21\":\"                 <iframe width=\\\"100%\\\" height=\\\"166\\\" scrolling=\\\"no\\\" frameborder=\\\"no\\\" allow=\\\"autoplay\\\"                         src=\\\"https:\\/\\/w.soundcloud.com\\/player\\/?url=https%3A\\/\\/api.soundcloud.com\\/tracks\\/220655213&color=%23ffdd00&auto_play=false&hide_related=true&show_comments=false&show_user=false&show_reposts=false&show_teaser=false\\\"><\\/iframe>\",\"2\":\"\",\"20\":\"olXNswhKsPE\"}}', '2018-02-26 08:25:31', '2018-02-26 08:25:31', '22c0e743-eb92-45a4-aed9-be5ff21e2c79'),
 ('69', '11', '8', '1', 'nl', '9', '', '{\"typeId\":\"8\",\"authorId\":\"1\",\"title\":\"Sunrise 2017\",\"slug\":\"sunrise-2017\",\"postDate\":1519201920,\"expiryDate\":null,\"enabled\":1,\"parentId\":null,\"fields\":{\"1\":\"<p><strong>Lorem Ipsum<\\/strong>&nbsp;is simply dummy text of the printing and typesetting industry. Lorem Ipsum has been the industry\'s standard dummy text ever since the 1500s, when an unknown printer took a galley of type and scrambled it to make a type specimen book. It has survived not only five centuries, but also the leap into electronic typesetting, remaining essentially unchanged. It was popularised in the 1960s with the release of Letraset sheets containing Lorem Ipsum passages, and more recently with desktop publishing software like Aldus PageMaker including versions of Lorem Ipsum.<\\/p>\",\"17\":\"center\",\"16\":[\"32\"],\"10\":[\"35\"],\"21\":\"220655213\",\"2\":\"\",\"20\":\"olXNswhKsPE\"}}', '2018-02-26 08:26:48', '2018-02-26 08:26:48', '4a6bb096-5d0d-434e-9883-1b0ae719abd8'),
 ('70', '23', '9', '1', 'nl', '4', '', '{\"typeId\":null,\"authorId\":null,\"title\":\"backline\",\"slug\":\"backline\",\"postDate\":1519223793,\"expiryDate\":null,\"enabled\":1,\"parentId\":null,\"fields\":{\"7\":[\"24\",\"25\",\"26\"],\"4\":\"\\u200bSed ut perspiciatis unde omnis iste natus error sit voluptatem accusantium doloremque laudantium, totam rem aperiam, eaque ipsa quae ab illo inventore veritatis et quasi architecto beatae vitae dicta sunt explicabo.\",\"6\":\"\\u200bSed ut perspiciatis unde omnis iste natus error sit voluptatem accusantium doloremque laudantium, totam rem aperiam, eaque ipsa quae ab illo inventore veritatis et quasi architecto beatae vitae dicta sunt explicabo.\",\"5\":\"\\u200bSed ut perspiciatis unde omnis iste natus error sit voluptatem accusantium doloremque laudantium, totam rem aperiam, eaque ipsa quae ab illo inventore veritatis et quasi architecto beatae vitae dicta sunt explicabo.\",\"1\":\"<p>Sed ut perspiciatis unde omnis iste natus error sit voluptatem accusantium doloremque laudantium, totam rem aperiam, eaque ipsa quae ab illo inventore veritatis et quasi architecto beatae vitae dicta sunt explicabo. Nemo enim ipsam voluptatem quia voluptas sit aspernatur aut odit aut fugit, sed quia consequuntur magni dolores eos qui ratione voluptatem sequi nesciunt. Neque porro quisquam est, qui dolorem ipsum quia dolor sit amet, consectetur, adipisci velit, sed quia non numquam eius modi tempora incidunt ut labore et dolore magnam aliquam quaerat voluptatem. Ut enim ad minima veniam, quis nostrum exercitationem ullam corporis suscipit laboriosam, nisi ut aliquid ex ea commodi consequatur? Quis autem vel eum iure reprehenderit qui in ea voluptate velit esse quam nihil molestiae consequatur, vel illum qui dolorem eum fugiat quo voluptas nulla pariatur?<\\/p>\",\"3\":[\"44\"],\"2\":\"\"}}', '2018-03-01 09:17:26', '2018-03-01 09:17:26', 'f542e56d-2551-4d07-814a-9758ac94cb51'),
 ('71', '2', '1', '1', 'nl', '8', '', '{\"typeId\":null,\"authorId\":null,\"title\":\"Homepage\",\"slug\":\"homepage\",\"postDate\":1519117818,\"expiryDate\":null,\"enabled\":1,\"parentId\":null,\"fields\":{\"1\":\"<p><strong>Lorem Ipsum<\\/strong>&nbsp;is simply dummy text of the printing and typesetting industry. Lorem Ipsum has been the industry\'s standard dummy text ever since the 1500s, when an unknown printer took a galley of type and scrambled it to make a type specimen book. It has survived not only five centuries, but also the leap into electronic typesetting, remaining essentially unchanged. It was popularised in the 1960s with the release of Letraset sheets containing Lorem Ipsum passages, and more recently with desktop publishing software like Aldus PageMaker including versions of Lorem Ipsum.<\\/p>\",\"3\":[\"39\"]}}', '2018-03-01 09:17:49', '2018-03-01 09:17:49', 'dbd0d54c-94ba-4ea1-92ec-67e68ca5bd82'),
 ('76', '22', '3', '1', 'nl', '5', '', '{\"typeId\":\"3\",\"authorId\":\"1\",\"title\":\"Remco Hoeneveld\",\"slug\":\"remco-hoeneveld\",\"postDate\":1519209420,\"expiryDate\":null,\"enabled\":1,\"parentId\":null,\"fields\":{\"12\":\"\",\"8\":[\"30\"],\"13\":[\"13\",\"14\"],\"1\":\"<p><strong>Lorem ipsum<\\/strong>. L&nbsp;<strong>Lorem ipsum<\\/strong>&nbsp;dolor sit amet, consectetuer adipiscing elit. Aenean commodo ligula eget dolor. Aenean massa. Cum sociis natoque penatibus et magnis dis parturient montes, nascetur ridiculus mus. Donec quam felis, ultricies nec, pellentesque eu, pretium quis, sem. Nulla consequat massa quis enim. Donec<\\/p>\",\"18\":[\"Producer\"],\"21\":\"\",\"2\":\"\",\"20\":\"\"}}', '2018-03-05 15:49:46', '2018-03-05 15:49:46', '41482ac3-2675-40c7-a712-2d891768936a'),
 ('77', '20', '3', '1', 'nl', '6', '', '{\"typeId\":\"3\",\"authorId\":\"1\",\"title\":\"Dilan Tekin\",\"slug\":\"dilan-tekin\",\"postDate\":1519209360,\"expiryDate\":null,\"enabled\":1,\"parentId\":null,\"fields\":{\"12\":[\"32\"],\"8\":[\"28\"],\"13\":[\"12\",\"10\",\"11\"],\"1\":\"<p><strong>Lorem ipsum<\\/strong>. L&nbsp;<strong>Lorem ipsum<\\/strong>&nbsp;dolor sit amet, consectetuer adipiscing elit. Aenean commodo ligula eget dolor. Aenean massa. Cum sociis natoque penatibus et magnis dis parturient montes, nascetur ridiculus mus. Donec quam felis, ultricies nec, pellentesque eu, pretium quis, sem. Nulla consequat massa quis enim. Donec<\\/p>\",\"18\":[\"Gitarist\"],\"21\":\"\",\"2\":\"\",\"20\":\"\"}}', '2018-03-05 15:50:07', '2018-03-05 15:50:07', 'de2e7811-049c-4078-a5d2-0bc1b317679b'),
 ('78', '21', '3', '1', 'nl', '5', '', '{\"typeId\":\"3\",\"authorId\":\"1\",\"title\":\"Faya Milla\",\"slug\":\"faya-milla\",\"postDate\":1519209360,\"expiryDate\":null,\"enabled\":1,\"parentId\":null,\"fields\":{\"12\":[\"32\"],\"8\":[\"29\"],\"13\":[\"11\",\"12\",\"10\"],\"1\":\"<p><strong>Lorem ipsum<\\/strong>. L&nbsp;<strong>Lorem ipsum<\\/strong>&nbsp;dolor sit amet, consectetuer adipiscing elit. Aenean commodo ligula eget dolor. Aenean massa. Cum sociis natoque penatibus et magnis dis parturient montes, nascetur ridiculus mus. Donec quam felis, ultricies nec, pellentesque eu, pretium quis, sem. Nulla consequat massa quis enim. Donec<\\/p>\",\"18\":[\"Zanger\"],\"21\":\"\",\"2\":\"\",\"20\":\"\"}}', '2018-03-05 15:50:15', '2018-03-05 15:50:15', '9ba3822f-837f-4df2-8607-cc3a8f6dbccc'),
 ('86', '72', '5', '1', 'nl', '1', '', '{\"typeId\":null,\"authorId\":\"1\",\"title\":\"Faya-Milla & The Lion Crew\",\"slug\":\"faya-milla-the-lion-crew\",\"postDate\":1520684565,\"expiryDate\":null,\"enabled\":1,\"parentId\":null,\"fields\":{\"14\":[\"20\",\"21\"],\"9\":[\"71\"],\"15\":\"\",\"1\":\"<p>After the break-up of the famous&nbsp;OneWorldBand. The singer, guitarist, and key player, decided that their time wasn\'t over yet. And so they began a new group called Faya-Milla & The Lion Crew. The combination of their talent and experience promises a lot of good to come&nbsp;for the reggae scene in holland. There new album is set to release in April 2018. And so their album tour will be planned in the spring and summer of 2018. Do you want more info about this band or book this band for you\'re event? Contact BigLionPromotions Today!<\\/p>\",\"19\":\"\",\"2\":\"\"}}', '2018-03-10 12:22:46', '2018-03-10 12:22:46', 'be2e97ce-5c1c-4228-809a-5e052f9f2629'),
 ('87', '72', '5', '1', 'nl', '2', '', '{\"typeId\":\"5\",\"authorId\":\"1\",\"title\":\"Faya-Milla & The Lion Crew\",\"slug\":\"faya-milla-the-lion-crew\",\"postDate\":1520684520,\"expiryDate\":null,\"enabled\":1,\"parentId\":null,\"fields\":{\"14\":[\"20\",\"21\"],\"9\":[\"71\"],\"15\":\"\",\"1\":\"<p>After the break-up of the famous&nbsp;OneWorldBand. The singer, guitarist, and key player, decided that their time wasn\'t over yet. And so they began a new group called Faya-Milla & The Lion Crew. The combination of their talent and experience promises a lot of good to come&nbsp;for the reggae scene in holland. There new album is set to release in April 2018. And so their album tour will be planned in the spring and summer of 2018. Do you want more info about this band or book this band for you\'re event? Contact BigLionPromotions Today!<\\/p>\",\"19\":\"\",\"2\":\"\"}}', '2018-03-10 12:22:57', '2018-03-10 12:22:57', 'a831e899-4bcf-49fc-bd72-cfb2ee5ee113'),
 ('88', '21', '3', '1', 'nl', '6', '', '{\"typeId\":\"3\",\"authorId\":\"1\",\"title\":\"Faya-Milla\",\"slug\":\"faya-milla\",\"postDate\":1519209360,\"expiryDate\":null,\"enabled\":1,\"parentId\":null,\"fields\":{\"12\":\"\",\"8\":[\"29\"],\"13\":[\"11\",\"12\",\"10\"],\"1\":\"<p>Faya-Milla is a well known and professional Reggae Dancehall singer from surinam. He has been around for a longtime, known for his work with WeeniemanSound and OneWorldBand. At this time he is the lead singer in Faya-Milla & The Lion Crew. Faya-Milla can be booked with his band, or solo.<\\/p><div class=\\\"video-container\\\"><iframe width=\\\"500\\\" height=\\\"281\\\" src=\\\"\\/\\/www.youtube.com\\/embed\\/n-Nw5VMuEC0\\\" frameborder=\\\"0\\\" allowfullscreen=\\\"\\\"><\\/iframe><\\/div><p><\\/p>\",\"18\":[\"Zanger\"],\"21\":\"\",\"2\":\"\",\"20\":\"\"}}', '2018-03-10 12:26:47', '2018-03-10 12:26:47', '4f53eb56-7228-4675-a88e-b29c88136780'),
 ('89', '72', '5', '1', 'nl', '3', '', '{\"typeId\":\"5\",\"authorId\":\"1\",\"title\":\"Faya-Milla & The Lion Crew\",\"slug\":\"faya-milla-the-lion-crew\",\"postDate\":1520684520,\"expiryDate\":null,\"enabled\":1,\"parentId\":null,\"fields\":{\"14\":[\"20\",\"21\"],\"9\":[\"71\"],\"15\":\"\",\"1\":\"<p>After the break-up of the famous&nbsp;OneWorldBand. The singer, guitarist, and key player, decided that their time wasn\'t over yet. And so they began a new group called Faya-Milla & The Lion Crew. The combination of their talent and experience promises a lot of good to come&nbsp;for the reggae scene in holland. There new album is set to release in April 2018. And so their album tour will be planned in the spring and summer of 2018. Do you want more info about this band or book this band for you\'re event? Contact BigLionPromotions Today!<\\/p><div class=\\\"video-container\\\"><iframe width=\\\"500\\\" height=\\\"281\\\" src=\\\"\\/\\/www.youtube.com\\/embed\\/w5q9aZ3TRHo\\\" frameborder=\\\"0\\\" allowfullscreen=\\\"\\\"><\\/iframe><\\/div><p><\\/p>\",\"19\":\"\",\"2\":\"\"}}', '2018-03-10 12:28:55', '2018-03-10 12:28:55', '334288c1-03f6-4d79-8862-799e74688938'),
 ('90', '74', '2', '1', 'nl', '1', '', '{\"typeId\":null,\"authorId\":\"1\",\"title\":\"Faya-Milla & The Lion Crew joint BigLionPromotions!\",\"slug\":\"faya-milla-the-lion-crew-joint-biglionpromotions\",\"postDate\":1520685180,\"expiryDate\":null,\"enabled\":1,\"parentId\":null,\"fields\":{\"1\":\"<p>Just in! The very talented and promising reggae band The Lion Crew signed with BigLionPromotions! We are very happy to be working with one of the most talented group of the country! There album is set to release in April this year! And so there are some exiting times ahead of us!<\\/p><p>To give you a taste:<\\/p><div class=\\\"video-container\\\"><iframe width=\\\"500\\\" height=\\\"281\\\" src=\\\"\\/\\/www.youtube.com\\/embed\\/zgSr-kCqFhA\\\" frameborder=\\\"0\\\" allowfullscreen=\\\"\\\"><\\/iframe><\\/div><p><\\/p>\",\"17\":\"center\",\"22\":[\"73\"],\"2\":\"\"}}', '2018-03-10 12:33:00', '2018-03-10 12:33:00', '44debf2b-a73a-4ffa-8d10-d77c62caa35a'),
 ('91', '74', '2', '1', 'nl', '2', '', '{\"typeId\":\"2\",\"authorId\":\"1\",\"title\":\"Faya-Milla & The Lion Crew joint BigLionPromotions!\",\"slug\":\"faya-milla-the-lion-crew-joint-biglionpromotions\",\"postDate\":1520685180,\"expiryDate\":null,\"enabled\":1,\"parentId\":null,\"fields\":{\"1\":\"<p>Just in! The very talented and promising reggae band The Lion Crew signed with BigLionPromotions! We are very happy to be working with one of the most talented group of the country! There album is set to release in April this year! And so there are some exiting times ahead of us!<\\/p>\\r\\n<p>To give you a taste:<\\/p>\\r\\n<div class=\\\"video-container\\\"><iframe width=\\\"500\\\" height=\\\"281\\\" src=\\\"\\/\\/www.youtube.com\\/embed\\/bqlhSF1hlsw\\\" frameborder=\\\"0\\\" allowfullscreen=\\\"\\\"><\\/iframe><\\/div><div class=\\\"video-container\\\"><\\/div>\",\"17\":\"center\",\"22\":[\"73\"],\"2\":\"\"}}', '2018-03-10 12:35:42', '2018-03-10 12:35:42', '310435e5-c2f0-4074-8b10-6c1a52504b8a'),
 ('92', '74', '2', '1', 'nl', '3', '', '{\"typeId\":\"2\",\"authorId\":\"1\",\"title\":\"Faya-Milla & The Lion Crew joint BigLionPromotions!\",\"slug\":\"faya-milla-the-lion-crew-joint-biglionpromotions\",\"postDate\":1520685180,\"expiryDate\":null,\"enabled\":1,\"parentId\":null,\"fields\":{\"1\":\"<p>Just in! The very talented and promising reggae band The Lion Crew signed with BigLionPromotions! We are very happy to be working with one of the most talented group of the country! There album is set to release in April this year! And so there are some exiting times ahead of us!<\\/p>\\r\\n<p>To give you a taste:<\\/p>\\r\\n<div class=\\\"video-container\\\"><\\/div>\\r\\n<div class=\\\"video-container\\\"><\\/div>\",\"17\":\"center\",\"22\":[\"73\"],\"2\":\"\"}}', '2018-03-10 12:37:24', '2018-03-10 12:37:24', 'a7e632d9-974a-4929-80be-60c98e43cc21'),
 ('93', '72', '5', '1', 'nl', '4', '', '{\"typeId\":\"5\",\"authorId\":\"1\",\"title\":\"Faya-Milla & The Lion Crew\",\"slug\":\"faya-milla-the-lion-crew\",\"postDate\":1520684520,\"expiryDate\":null,\"enabled\":1,\"parentId\":null,\"fields\":{\"14\":[\"20\",\"21\"],\"9\":[\"71\"],\"15\":\"\",\"1\":\"<p>After the break-up of the famous&nbsp;OneWorldBand. The singer, guitarist, and key player, decided that their time wasn\'t over yet. And so they began a new group called Faya-Milla & The Lion Crew. The combination of their talent and experience promises a lot of good to come&nbsp;for the reggae scene in holland. There new album is set to release in April 2018. And so their album tour will be planned in the spring and summer of 2018. Do you want more info about this band or book this band for you\'re event? Contact BigLionPromotions Today!<\\/p>\\r\\n<div class=\\\"video-container\\\"><a href=\\\"https:\\/\\/www.youtube.com\\/watch?v=w5q9aZ3TRHo\\\">Faya-Milla & The Lion Crew<\\/a><\\/div>\",\"19\":\"\",\"2\":\"\"}}', '2018-03-10 12:42:13', '2018-03-10 12:42:13', 'b904e8e5-63d4-4509-bf29-94bffcf28cd8'),
 ('94', '72', '5', '1', 'nl', '5', '', '{\"typeId\":\"5\",\"authorId\":\"1\",\"title\":\"Faya-Milla & The Lion Crew\",\"slug\":\"faya-milla-the-lion-crew\",\"postDate\":1520684520,\"expiryDate\":null,\"enabled\":1,\"parentId\":null,\"fields\":{\"14\":[\"20\",\"21\"],\"9\":[\"71\"],\"15\":\"\",\"1\":\"<p>After the break-up of the famous&nbsp;OneWorldBand. The singer, guitarist, and key player, decided that their time wasn\'t over yet. And so they began a new group called Faya-Milla & The Lion Crew. The combination of their talent and experience promises a lot of good to come&nbsp;for the reggae scene in holland. There new album is set to release in April 2018. And so their album tour will be planned in the spring and summer of 2018. Do you want more info about this band or book this band for you\'re event? Contact BigLionPromotions Today!<\\/p>\\r\\n<div class=\\\"video-container\\\"><a href=\\\"https:\\/\\/www.youtube.com\\/watch?v=w5q9aZ3TRHo\\\">Faya-Milla & The Lion Crew<\\/a><\\/div>\",\"19\":\"\",\"2\":\"\"}}', '2018-03-10 12:51:08', '2018-03-10 12:51:08', '67a0367e-9d34-4a57-b4c0-2838a560831c'),
 ('95', '76', '5', '1', 'nl', '1', '', '{\"typeId\":null,\"authorId\":\"1\",\"title\":\"Jah Reflection\",\"slug\":\"jah-reflection\",\"postDate\":1520687081,\"expiryDate\":null,\"enabled\":1,\"parentId\":null,\"fields\":{\"14\":\"\",\"9\":[\"75\"],\"15\":\"\",\"1\":\"<p>Jah Reflection is a upcoming Reggae-band from Rotterdam. With 3 real queens&nbsp;leading the vocals and a real&nbsp;horn-section,&nbsp;this band brings a&nbsp;real unique, inspiring and happy experience to every show there playing. Jah Reflection already did some amazing shows and they will be continuing&nbsp;climbing to the top for sure! Want to get more info. about this band, or do you want to book them for you\'re event? Contact BigLionPromotions today!<\\/p>\",\"19\":\"\",\"2\":\"\"}}', '2018-03-10 13:04:42', '2018-03-10 13:04:42', 'c6f2152d-ec9b-4633-9508-d70be6d8c7bf'),
 ('96', '76', '5', '1', 'nl', '2', '', '{\"typeId\":\"5\",\"authorId\":\"1\",\"title\":\"Jah Reflection\",\"slug\":\"jah-reflection\",\"postDate\":1520687040,\"expiryDate\":null,\"enabled\":1,\"parentId\":null,\"fields\":{\"14\":\"\",\"9\":[\"75\"],\"15\":\"\",\"1\":\"<p>Jah Reflection is a upcoming Reggae-band from Rotterdam. With 3 real queens&nbsp;leading the vocals and a real&nbsp;horn-section,&nbsp;this band brings a&nbsp;real unique, inspiring and happy experience to every show there playing. Jah Reflection already did some amazing shows and they will be continuing&nbsp;climbing to the top for sure! Want to get more info. about this band, or do you want to book them for you\'re event? Contact BigLionPromotions today!<\\/p>\",\"19\":\"\",\"2\":\"\"}}', '2018-03-10 13:04:54', '2018-03-10 13:04:54', '40c92c9c-6b6e-4fd6-b7dc-9b640d45d28e'),
 ('97', '2', '1', '1', 'nl', '9', '', '{\"typeId\":null,\"authorId\":null,\"title\":\"Title\",\"slug\":\"homepage\",\"postDate\":1519117818,\"expiryDate\":null,\"enabled\":1,\"parentId\":null,\"fields\":{\"1\":\"<p><b>We of&nbsp;Big Lion Promotions, believe in the power of live music. We stand for positivity, equality and love,&nbsp;and so we are promoting and supporting bands, artist and event-organizers&nbsp;who want to bring forth that same&nbsp;message.<\\/b><\\/p><p>Music has always been one of the most powerful tools to spread messages, we believe in the positive message which&nbsp;our bands and artists bring forth. We want to make it easy for events to find and program exiting and&nbsp;professional bands with a positive message.&nbsp;We also&nbsp;don\'t want bands and artists to spend time thinking about their promotion and\\/or live-shows while they really should spend that time on making new music. We, Big Lion Promotions, take care of those things in a professional way.&nbsp;<\\/p><p>Let the artist play!<\\/p><p>Let the organizer organise!&nbsp;<\\/p>\",\"3\":[\"39\"]}}', '2018-03-10 13:21:54', '2018-03-10 13:21:54', '2d7fbcd2-aa54-4567-ba50-84e78fd3b4ad'),
 ('98', '76', '5', '1', 'nl', '3', '', '{\"typeId\":\"5\",\"authorId\":\"1\",\"title\":\"Jah Reflection\",\"slug\":\"jah-reflection\",\"postDate\":1520687040,\"expiryDate\":null,\"enabled\":1,\"parentId\":null,\"fields\":{\"14\":\"\",\"9\":[\"75\"],\"15\":\"\",\"1\":\"<p>Jah Reflection is a upcoming Reggae-band from Rotterdam. With 3 real queens&nbsp;leading the vocals and a real&nbsp;horn-section,&nbsp;this band brings a&nbsp;real unique, inspiring and happy experience to every show there playing. Jah Reflection already did some amazing shows and they will be continuing&nbsp;climbing to the top for sure! Want to get more info. about this band, or do you want to book them for you\'re event? Contact BigLionPromotions today!<\\/p><div class=\\\"video-container\\\"><iframe width=\\\"500\\\" height=\\\"281\\\" src=\\\"\\/\\/www.youtube.com\\/embed\\/rQ_xynanij0\\\" frameborder=\\\"0\\\" allowfullscreen=\\\"\\\"><\\/iframe><\\/div><p><\\/p>\",\"19\":\"\",\"2\":\"\"}}', '2018-03-13 12:27:28', '2018-03-13 12:27:28', '58e33e0e-4b1e-47b3-afc2-ea84f4aa4493'),
 ('99', '14', '8', '1', 'nl', '4', '', '{\"typeId\":\"8\",\"authorId\":\"1\",\"title\":\"Ziggy Marley Ziggodome\",\"slug\":\"ziggy-marley-ziggodome\",\"postDate\":1519201980,\"expiryDate\":null,\"enabled\":1,\"parentId\":null,\"fields\":{\"1\":\"<p><strong>Lorem Ipsum<\\/strong>&nbsp;is simply dummy text of the printing and typesetting industry. Lorem Ipsum has been the industry\'s standard dummy text ever since the 1500s, when an unknown printer took a galley of type and scrambled it to make a type specimen book. It has survived not only five centuries, but also the leap into electronic typesetting, remaining essentially unchanged. It was popularised in the 1960s with the release of Letraset sheets containing Lorem Ipsum passages, and more recently with desktop publishing software like Aldus PageMaker including versions of Lorem Ipsum.<\\/p>\",\"17\":\"top\",\"16\":\"\",\"10\":[\"37\"],\"21\":\"\",\"2\":\"\",\"20\":\"w63Jf-EYiNI\"}}', '2018-03-15 19:51:39', '2018-03-15 19:51:39', '95e7070d-af1d-4336-908d-b3abf634b2e5'),
 ('100', '76', '5', '1', 'nl', '4', '', '{\"typeId\":\"5\",\"authorId\":\"1\",\"title\":\"Jah Reflection\",\"slug\":\"jah-reflection\",\"postDate\":1520687040,\"expiryDate\":null,\"enabled\":1,\"parentId\":null,\"fields\":{\"14\":\"\",\"9\":[\"75\"],\"15\":\"\",\"1\":\"<p>Jah Reflection is a upcoming Reggae-band from Rotterdam. With 3 real queens&nbsp;leading the vocals and a real&nbsp;horn-section,&nbsp;this band brings a&nbsp;real unique, inspiring and happy experience to every show there playing. Jah Reflection already did some amazing shows and they will be continuing&nbsp;climbing to the top for sure! Want to get more info. about this band, or do you want to book them for you\'re event? Contact BigLionPromotions today!<\\/p>\\r\\n<div class=\\\"video-container\\\"><\\/div>\",\"21\":\"\",\"19\":\"\",\"2\":\"\",\"20\":\"w63Jf-EYiNI\"}}', '2018-03-15 19:51:57', '2018-03-15 19:51:57', '9c4963c8-4409-47b4-90da-b2cbc20bd58f'),
 ('101', '22', '3', '1', 'nl', '6', '', '{\"typeId\":\"3\",\"authorId\":\"1\",\"title\":\"Remco Hoeneveld\",\"slug\":\"remco-hoeneveld\",\"postDate\":1519209420,\"expiryDate\":null,\"enabled\":1,\"parentId\":null,\"fields\":{\"12\":\"\",\"8\":[\"30\"],\"13\":[\"13\",\"14\"],\"1\":\"<p><strong>Lorem ipsum<\\/strong>. L&nbsp;<strong>Lorem ipsum<\\/strong>&nbsp;dolor sit amet, consectetuer adipiscing elit. Aenean commodo ligula eget dolor. Aenean massa. Cum sociis natoque penatibus et magnis dis parturient montes, nascetur ridiculus mus. Donec quam felis, ultricies nec, pellentesque eu, pretium quis, sem. Nulla consequat massa quis enim. Donec<\\/p>\",\"18\":[\"Producer\"],\"21\":\"\",\"2\":\"\",\"20\":\"w63Jf-EYiNI\"}}', '2018-03-15 19:52:14', '2018-03-15 19:52:14', '01c7c495-1b96-465e-9d4e-7e6e8997854a'),
 ('102', '74', '2', '1', 'nl', '4', '', '{\"typeId\":\"2\",\"authorId\":\"1\",\"title\":\"Faya-Milla & The Lion Crew joint BigLionPromotions!\",\"slug\":\"faya-milla-the-lion-crew-joint-biglionpromotions\",\"postDate\":1520685180,\"expiryDate\":null,\"enabled\":1,\"parentId\":null,\"fields\":{\"1\":\"<p>Just in! The very talented and promising reggae band The Lion Crew signed with BigLionPromotions! We are very happy to be working with one of the most talented group of the country! There album is set to release in April this year! And so there are some exiting times ahead of us!<\\/p>\\r\\n<p>To give you a taste:<\\/p>\\r\\n<div class=\\\"video-container\\\"><\\/div>\\r\\n<div class=\\\"video-container\\\"><\\/div>\",\"17\":\"center\",\"22\":[\"73\"],\"21\":\"\",\"2\":\"\",\"20\":\"w63Jf-EYiNI\"}}', '2018-03-15 19:53:38', '2018-03-15 19:53:38', '454c4473-42bd-4edc-a38c-26624dd9a2d5'),
 ('103', '74', '2', '1', 'nl', '5', '', '{\"typeId\":\"2\",\"authorId\":\"1\",\"title\":\"Faya-Milla & The Lion Crew joint BigLionPromotions!\",\"slug\":\"faya-milla-the-lion-crew-joint-biglionpromotions\",\"postDate\":1520685180,\"expiryDate\":null,\"enabled\":1,\"parentId\":null,\"fields\":{\"1\":\"<p>Just in! The very talented and promising reggae band The Lion Crew signed with BigLionPromotions! We are very happy to be working with one of the most talented group of the country! There album is set to release in April this year! And so there are some exiting times ahead of us!<\\/p>\\r\\n<p>To give you a taste:<\\/p>\\r\\n<div class=\\\"video-container\\\"><\\/div>\\r\\n<div class=\\\"video-container\\\"><\\/div>\",\"17\":\"center\",\"22\":[\"73\"],\"21\":\"\",\"2\":\"\",\"20\":\"\"}}', '2018-03-15 19:54:10', '2018-03-15 19:54:10', 'a407f3ea-388f-4047-9181-673abb209050'),
 ('104', '76', '5', '1', 'nl', '5', '', '{\"typeId\":\"5\",\"authorId\":\"1\",\"title\":\"Jah Reflection\",\"slug\":\"jah-reflection\",\"postDate\":1520687040,\"expiryDate\":null,\"enabled\":1,\"parentId\":null,\"fields\":{\"14\":\"\",\"9\":[\"75\"],\"15\":\"\",\"1\":\"<p>Jah Reflection is a upcoming Reggae-band from Rotterdam. With 3 real queens&nbsp;leading the vocals and a real&nbsp;horn-section,&nbsp;this band brings a&nbsp;real unique, inspiring and happy experience to every show there playing. Jah Reflection already did some amazing shows and they will be continuing&nbsp;climbing to the top for sure! Want to get more info. about this band, or do you want to book them for you\'re event? Contact BigLionPromotions today!<\\/p>\\r\\n<div class=\\\"video-container\\\"><\\/div>\",\"21\":\"\",\"19\":\"\",\"2\":\"\",\"20\":\"\"}}', '2018-03-15 19:54:26', '2018-03-15 19:54:26', '69ea654c-c5fc-4466-86aa-e8d07617e7b5'),
 ('105', '22', '3', '1', 'nl', '7', '', '{\"typeId\":\"3\",\"authorId\":\"1\",\"title\":\"Remco Hoeneveld\",\"slug\":\"remco-hoeneveld\",\"postDate\":1519209420,\"expiryDate\":null,\"enabled\":1,\"parentId\":null,\"fields\":{\"12\":\"\",\"8\":[\"30\"],\"13\":[\"13\",\"14\"],\"1\":\"<p><strong>Lorem ipsum<\\/strong>. L&nbsp;<strong>Lorem ipsum<\\/strong>&nbsp;dolor sit amet, consectetuer adipiscing elit. Aenean commodo ligula eget dolor. Aenean massa. Cum sociis natoque penatibus et magnis dis parturient montes, nascetur ridiculus mus. Donec quam felis, ultricies nec, pellentesque eu, pretium quis, sem. Nulla consequat massa quis enim. Donec<\\/p>\",\"18\":[\"Producer\"],\"21\":\"\",\"2\":\"\",\"20\":\"\"}}', '2018-03-15 19:54:41', '2018-03-15 19:54:41', 'eb78896e-5796-4795-a846-fa0b8a1dc936'),
 ('106', '21', '3', '1', 'nl', '7', '', '{\"typeId\":\"3\",\"authorId\":\"1\",\"title\":\"Faya-Milla\",\"slug\":\"faya-milla\",\"postDate\":1519209360,\"expiryDate\":null,\"enabled\":1,\"parentId\":null,\"fields\":{\"12\":[\"72\"],\"8\":[\"29\"],\"13\":\"\",\"1\":\"<p>Faya-Milla is a well known and professional Reggae Dancehall singer from surinam. He has been around for a longtime, known for his work with WeeniemanSound and OneWorldBand. At this time he is the lead singer in Faya-Milla & The Lion Crew. Faya-Milla can be booked with his band, or solo.<\\/p>\\r\\n<div class=\\\"video-container\\\"><\\/div>\",\"18\":[\"Zanger\"],\"21\":\"\",\"2\":\"\",\"20\":\"v=Sl61_4lghNE\"}}', '2018-03-16 11:11:29', '2018-03-16 11:11:29', 'e33d973b-7fd4-4ee2-83ab-a0acb81743c1'),
 ('107', '21', '3', '1', 'nl', '8', '', '{\"typeId\":\"3\",\"authorId\":\"1\",\"title\":\"Faya-Milla\",\"slug\":\"faya-milla\",\"postDate\":1519209360,\"expiryDate\":null,\"enabled\":1,\"parentId\":null,\"fields\":{\"12\":[\"72\"],\"8\":[\"29\"],\"13\":\"\",\"1\":\"<p>Faya-Milla is a well known and professional Reggae Dancehall singer from surinam. He has been around for a longtime, known for his work with WeeniemanSound and OneWorldBand. At this time he is the lead singer in Faya-Milla & The Lion Crew. Faya-Milla can be booked with his band, or solo.<\\/p>\\r\\n<div class=\\\"video-container\\\"><\\/div>\",\"18\":[\"Zanger\"],\"21\":\"\",\"2\":\"\",\"20\":\"Sl61_4lghNE\"}}', '2018-03-16 11:12:37', '2018-03-16 11:12:37', '63101628-5729-4eba-85e1-95ccc619c8ee'),
 ('108', '23', '9', '1', 'nl', '5', '', '{\"typeId\":null,\"authorId\":null,\"title\":\"backline\",\"slug\":\"backline\",\"postDate\":1519223793,\"expiryDate\":null,\"enabled\":1,\"parentId\":null,\"fields\":{\"7\":[\"24\",\"25\",\"26\"],\"4\":\"\\u200bSed ut perspiciatis unde omnis iste natus error sit voluptatem accusantium doloremque laudantium, totam rem aperiam, eaque ipsa quae ab illo inventore veritatis et quasi architecto beatae vitae dicta sunt explicabo.\",\"6\":\"\\u200bSed ut perspiciatis unde omnis iste natus error sit voluptatem accusantium doloremque laudantium, totam rem aperiam, eaque ipsa quae ab illo inventore veritatis et quasi architecto beatae vitae dicta sunt explicabo.\",\"5\":\"\\u200bSed ut perspiciatis unde omnis iste natus error sit voluptatem accusantium doloremque laudantium, totam rem aperiam, eaque ipsa quae ab illo inventore veritatis et quasi architecto beatae vitae dicta sunt explicabo.\",\"1\":\"<p>Besides bands and artists we also provide a complete backline if necessary. This is a professional backline fit for a 300 men crowd. You can book the backline with or without a sound-engineer, this way we make it easy for you to organise you\'re event. You can hire just the backline, or you can take a band and the backline, how big do you want you\'re event to be? That is up to you!<\\/p>\",\"3\":[\"44\"],\"2\":\"\"}}', '2018-03-16 11:20:03', '2018-03-16 11:20:03', '0f03bcf2-11c7-4657-8f1c-2088df42b35f'),
 ('109', '23', '9', '1', 'nl', '6', '', '{\"typeId\":null,\"authorId\":null,\"title\":\"backline\",\"slug\":\"backline\",\"postDate\":1519223793,\"expiryDate\":null,\"enabled\":1,\"parentId\":null,\"fields\":{\"7\":[\"24\",\"25\",\"26\"],\"4\":\"Besides the backline it is also possible to book a band or artist for you\'re event. You\'re whole event could be on this site! \",\"6\":\"The most profitable deal you can make, with hiring the backline and booking a band you\'l reduce travel costs. \",\"5\":\"For just the backline, you can mail and ask biglionpromotions for a quotation, prices will differ cause of distance and duration of the event.\",\"1\":\"<p>Besides bands and artists we also provide a complete backline if necessary. This is a professional backline fit for a 300 men crowd. You can book the backline with or without a sound-engineer, this way we make it easy for you to organise you\'re event. You can hire just the backline, or you can take a band and the backline, how big do you want you\'re event to be? That is up to you!<\\/p>\",\"3\":[\"44\"],\"2\":\"\"}}', '2018-03-16 11:24:17', '2018-03-16 11:24:17', '1604bedd-1dec-42d3-a09c-7bc40530e43c'),
 ('110', '43', '10', '1', 'nl', '6', '', '{\"typeId\":null,\"authorId\":null,\"title\":\"Media\",\"slug\":\"media\",\"postDate\":1519229550,\"expiryDate\":null,\"enabled\":1,\"parentId\":null,\"fields\":{\"11\":[\"41\",\"40\",\"77\",\"78\",\"79\",\"83\",\"80\",\"82\",\"81\"]}}', '2018-03-16 12:07:46', '2018-03-16 12:07:46', 'ec9b4b7e-0247-4cd6-98dc-f459f06b76b9'),
 ('111', '43', '10', '1', 'nl', '7', '', '{\"typeId\":null,\"authorId\":null,\"title\":\"Media\",\"slug\":\"media\",\"postDate\":1519229550,\"expiryDate\":null,\"enabled\":1,\"parentId\":null,\"fields\":{\"11\":[\"41\",\"77\",\"78\",\"79\",\"83\",\"80\",\"82\",\"81\"]}}', '2018-03-16 12:11:14', '2018-03-16 12:11:14', '7c03cff6-6c60-413a-bb27-0f57a5d83cd0'),
 ('112', '43', '10', '1', 'nl', '8', '', '{\"typeId\":null,\"authorId\":null,\"title\":\"Media\",\"slug\":\"media\",\"postDate\":1519229550,\"expiryDate\":null,\"enabled\":1,\"parentId\":null,\"fields\":{\"11\":[\"41\",\"77\",\"78\",\"79\",\"83\",\"80\",\"82\",\"81\"]}}', '2018-03-16 12:12:25', '2018-03-16 12:12:25', 'f77468f5-08e1-4d31-a9ad-1639fec09fd4'),
 ('113', '74', '2', '1', 'nl', '6', '', '{\"typeId\":\"2\",\"authorId\":\"1\",\"title\":\"Faya-Milla & The Lion Crew joins BigLionPromotions!\",\"slug\":\"faya-milla-the-lion-crew-joint-biglionpromotions\",\"postDate\":1520685180,\"expiryDate\":null,\"enabled\":1,\"parentId\":null,\"fields\":{\"1\":\"<p>Just in! The very talented and promising reggae band The Lion Crew signed with BigLionPromotions! We are very happy to be working with one of the most talented group of the country! There album is set to release in April this year! And so there are some exiting times ahead of us!<\\/p>\\r\\n<p>To give you a taste:<\\/p>\\r\\n<div class=\\\"video-container\\\"><\\/div>\\r\\n<div class=\\\"video-container\\\"><\\/div>\",\"17\":\"center\",\"22\":[\"73\"],\"21\":\"\",\"2\":\"\",\"20\":\"zgSr-kCqFhA\"}}', '2018-03-16 12:13:48', '2018-03-16 12:13:48', 'd714b23d-6233-4ac0-9886-277917061fce'),
 ('114', '72', '5', '1', 'nl', '6', '', '{\"typeId\":\"5\",\"authorId\":\"1\",\"title\":\"Faya-Milla & The Lion Crew\",\"slug\":\"faya-milla-the-lion-crew\",\"postDate\":1520684520,\"expiryDate\":null,\"enabled\":1,\"parentId\":null,\"fields\":{\"14\":[\"20\",\"21\"],\"9\":[\"71\"],\"15\":\"\",\"1\":\"<p>After the break-up of the famous&nbsp;OneWorldBand. The singer, guitarist, and key player, decided that their time wasn\'t over yet. And so they began a new group called Faya-Milla & The Lion Crew. The combination of their talent and experience promises a lot of good to come&nbsp;for the reggae scene in holland. There new album is set to release in April 2018. And so their album tour will be planned in the spring and summer of 2018. Do you want more info about this band or book this band for you\'re event? Contact BigLionPromotions Today!<\\/p>\\r\\n<div class=\\\"video-container\\\"><a href=\\\"https:\\/\\/www.youtube.com\\/watch?v=w5q9aZ3TRHo\\\">Faya-Milla & The Lion Crew<\\/a><\\/div>\",\"21\":\"\",\"19\":\"\",\"2\":\"\",\"20\":\"https:\\/\\/www.youtube.com\\/watch?v=bqlhSF1hlsw\"}}', '2018-03-16 12:18:07', '2018-03-16 12:18:07', 'f03d0a5f-cff1-42fe-9750-6031f0f88608'),
 ('115', '72', '5', '1', 'nl', '7', '', '{\"typeId\":\"5\",\"authorId\":\"1\",\"title\":\"Faya-Milla & The Lion Crew\",\"slug\":\"faya-milla-the-lion-crew\",\"postDate\":1520684520,\"expiryDate\":null,\"enabled\":1,\"parentId\":null,\"fields\":{\"14\":[\"20\",\"21\"],\"9\":[\"71\"],\"15\":\"\",\"1\":\"<p>After the break-up of the famous&nbsp;OneWorldBand. The singer, guitarist, and key player, decided that their time wasn\'t over yet. And so they began a new group called Faya-Milla & The Lion Crew. The combination of their talent and experience promises a lot of good to come&nbsp;for the reggae scene in holland. There new album is set to release in April 2018. And so their album tour will be planned in the spring and summer of 2018. Do you want more info about this band or book this band for you\'re event? Contact BigLionPromotions Today!<\\/p>\\r\\n<div class=\\\"video-container\\\"><a href=\\\"https:\\/\\/www.youtube.com\\/watch?v=w5q9aZ3TRHo\\\">Faya-Milla & The Lion Crew<\\/a><\\/div>\",\"21\":\"\",\"19\":\"\",\"2\":\"\",\"20\":\"bqlhSF1hlsw\"}}', '2018-03-16 12:18:19', '2018-03-16 12:18:19', '8732f949-22cc-438f-83b8-cb86922e4228'),
 ('116', '76', '5', '1', 'nl', '6', '', '{\"typeId\":\"5\",\"authorId\":\"1\",\"title\":\"Jah Reflection\",\"slug\":\"jah-reflection\",\"postDate\":1520687040,\"expiryDate\":null,\"enabled\":1,\"parentId\":null,\"fields\":{\"14\":\"\",\"9\":[\"75\"],\"15\":\"\",\"1\":\"<p>Jah Reflection is a upcoming Reggae-band from Rotterdam. With 3 real queens&nbsp;leading the vocals and a real&nbsp;horn-section,&nbsp;this band brings a&nbsp;real unique, inspiring and happy experience to every show there playing. Jah Reflection already did some amazing shows and they will be continuing&nbsp;climbing to the top for sure! Want to get more info. about this band, or do you want to book them for you\'re event? Contact BigLionPromotions today!<\\/p>\\r\\n<div class=\\\"video-container\\\"><\\/div>\",\"21\":\"\",\"19\":\"\",\"2\":\"\",\"20\":\"X-6Kiewe1oc\"}}', '2018-03-16 12:19:28', '2018-03-16 12:19:28', 'e6f27971-3a7e-4df3-bf8a-2287df764bae'),
 ('117', '72', '5', '1', 'nl', '8', '', '{\"typeId\":\"5\",\"authorId\":\"1\",\"title\":\"Faya-Milla & The Lion Crew\",\"slug\":\"faya-milla-the-lion-crew\",\"postDate\":1520684520,\"expiryDate\":null,\"enabled\":1,\"parentId\":null,\"fields\":{\"14\":[\"20\",\"21\"],\"9\":[\"71\"],\"15\":\"\",\"1\":\"<p>After the break-up of the famous&nbsp;OneWorldBand. The singer, guitarist, and key player, decided that their time wasn\'t over yet. And so they began a new group called Faya-Milla & The Lion Crew. The combination of their talent and experience promises a lot of good to come&nbsp;for the reggae scene in holland. There new album is set to release in April 2018. And so their album tour will be planned in the spring and summer of 2018. Do you want more info about this band or book this band for you\'re event? Contact BigLionPromotions Today!<\\/p>\\r\\n<div class=\\\"video-container\\\"><a href=\\\"https:\\/\\/www.youtube.com\\/watch?v=w5q9aZ3TRHo\\\">Faya-Milla & The Lion Crew<\\/a><\\/div>\",\"21\":\"\",\"19\":\"\",\"2\":\"\",\"20\":\"v=bqlhSF1hlsw\"}}', '2018-03-16 12:20:41', '2018-03-16 12:20:41', '2c0bd1eb-5ed3-4a71-a96c-ea9baaf935f5'),
 ('118', '72', '5', '1', 'nl', '9', '', '{\"typeId\":\"5\",\"authorId\":\"1\",\"title\":\"Faya-Milla & The Lion Crew\",\"slug\":\"faya-milla-the-lion-crew\",\"postDate\":1520684520,\"expiryDate\":null,\"enabled\":1,\"parentId\":null,\"fields\":{\"14\":[\"20\",\"21\"],\"9\":[\"71\"],\"15\":\"\",\"1\":\"<p>After the break-up of the famous&nbsp;OneWorldBand. The singer, guitarist, and key player, decided that their time wasn\'t over yet. And so they began a new group called Faya-Milla & The Lion Crew. The combination of their talent and experience promises a lot of good to come&nbsp;for the reggae scene in holland. There new album is set to release in April 2018. And so their album tour will be planned in the spring and summer of 2018. Do you want more info about this band or book this band for you\'re event? Contact BigLionPromotions Today!<\\/p>\\r\\n<div class=\\\"video-container\\\"><a href=\\\"https:\\/\\/www.youtube.com\\/watch?v=w5q9aZ3TRHo\\\">Faya-Milla & The Lion Crew<\\/a><\\/div>\",\"21\":\"\",\"19\":\"\",\"2\":\"\",\"20\":\"bqlhSF1hlsw\"}}', '2018-03-16 12:21:17', '2018-03-16 12:21:17', '9f693ba4-fbd6-4f13-8916-5a61bb6726ad'),
 ('119', '84', '3', '1', 'nl', '1', '', '{\"typeId\":null,\"authorId\":\"1\",\"title\":\"DJ Linnorass Irie \",\"slug\":\"dj-linnorass-irie\",\"postDate\":1521204105,\"expiryDate\":null,\"enabled\":1,\"parentId\":null,\"fields\":{\"12\":\"\",\"8\":\"\",\"13\":\"\",\"1\":\"<p>DJ Linnorass Irie is a proffesional reggae DJ\\/Selecta from Arnhem! Known for his wide range of tunes this DJ is fit for every reggae\\/dancehall event. For in between bands, or for a solo set. &nbsp;<\\/p>\\r\\n<p>Do you want&nbsp;more info. or book&nbsp;DJ Linnorrass Irie? Contact Big Lion Promotions today and see what the options are!&nbsp;&nbsp;<\\/p>\",\"18\":[\"Deejay\"],\"21\":\"\",\"2\":\"\",\"20\":\"\"}}', '2018-03-16 12:41:45', '2018-03-16 12:41:45', '9f8a125f-ec12-496d-8947-d8968f79a3f8'),
 ('120', '84', '3', '1', 'nl', '2', '', '{\"typeId\":\"3\",\"authorId\":\"1\",\"title\":\"DJ Linnorass Irie \",\"slug\":\"dj-linnorass-irie\",\"postDate\":1521204060,\"expiryDate\":null,\"enabled\":1,\"parentId\":null,\"fields\":{\"12\":\"\",\"8\":\"\",\"13\":\"\",\"1\":\"<p>DJ Linnorass Irie is a proffesional reggae DJ\\/Selecta from Arnhem! Known for his wide range of tunes this DJ is fit for every reggae\\/dancehall event. For in between bands, or for a solo set. &nbsp;<\\/p>\\r\\n<p>Do you want&nbsp;more info. or book&nbsp;DJ Linnorrass Irie? Contact Big Lion Promotions today and see what the options are!&nbsp;&nbsp;<\\/p>\",\"18\":[\"Deejay\"],\"21\":\"\",\"2\":\"\",\"20\":\"\"}}', '2018-03-16 12:41:50', '2018-03-16 12:41:50', 'e2727d44-853c-4684-a308-76b18fd2bd98'),
 ('121', '84', '3', '1', 'nl', '3', '', '{\"typeId\":\"3\",\"authorId\":\"1\",\"title\":\"DJ Linnorass Irie \",\"slug\":\"dj-linnorass-irie\",\"postDate\":1521204060,\"expiryDate\":null,\"enabled\":1,\"parentId\":null,\"fields\":{\"12\":\"\",\"8\":[\"85\"],\"13\":\"\",\"1\":\"<p>DJ Linnorass Irie is a proffesional reggae DJ\\/Selecta from Arnhem! Known for his wide range of tunes this DJ is fit for every reggae\\/dancehall event. For in between bands, or for a solo set. &nbsp;<\\/p>\\r\\n<p>Do you want&nbsp;more info. or book&nbsp;DJ Linnorrass Irie? Contact Big Lion Promotions today and see what the options are!&nbsp;&nbsp;<\\/p>\",\"18\":[\"Deejay\"],\"21\":\"\",\"2\":[\"86\",\"87\",\"88\",\"89\"],\"20\":\"\"}}', '2018-03-16 12:42:42', '2018-03-16 12:42:42', 'd9ca5b21-4bd0-4635-a7e3-83c07112624b'),
 ('122', '90', '5', '1', 'nl', '1', '', '{\"typeId\":null,\"authorId\":\"1\",\"title\":\"Dreadless\",\"slug\":\"dreadless\",\"postDate\":1521204537,\"expiryDate\":null,\"enabled\":1,\"parentId\":null,\"fields\":{\"14\":\"\",\"9\":\"\",\"15\":\"\",\"1\":\"<p>Dreadless is a successful and long-time running Reggae-band from Dordrecht! They have been playing with and for&nbsp;many singers: Tuff Lion, Harry Mo, Ras Iba, U-Brown&nbsp;and Anthony Johnson. Dreadless is without a doubt one of the most experienced bands on the biglionpromotions roster.&nbsp;<\\/p>\",\"21\":\"\",\"19\":\"7rGYFs5giY2BuHAl6xwz5t\",\"2\":\"\",\"20\":\"BnA3oqMeYS0\"}}', '2018-03-16 12:48:57', '2018-03-16 12:48:57', '49704549-f86e-4059-bbe4-a2070895a43f'),
 ('123', '90', '5', '1', 'nl', '2', '', '{\"typeId\":\"5\",\"authorId\":\"1\",\"title\":\"Dreadless\",\"slug\":\"dreadless\",\"postDate\":1521204480,\"expiryDate\":null,\"enabled\":1,\"parentId\":null,\"fields\":{\"14\":\"\",\"9\":\"\",\"15\":\"\",\"1\":\"<p>Dreadless is a successful and long-time running Reggae-band from Dordrecht! They have been playing with and for&nbsp;many singers: Tuff Lion, Harry Mo, Ras Iba, U-Brown&nbsp;and Anthony Johnson. Dreadless is without a doubt one of the most experienced bands on the biglionpromotions roster.&nbsp;<\\/p>\",\"21\":\"\",\"19\":\"https:\\/\\/open.spotify.com\\/album\\/7rGYFs5giY2BuHAl6xwz5t?si=4Z0pLT0jT-aSL5C4d5p2dQ\",\"2\":\"\",\"20\":\"BnA3oqMeYS0\"}}', '2018-03-16 12:50:07', '2018-03-16 12:50:07', '5ef1410c-da27-4687-95d7-7d44d0c33fcb'),
 ('124', '90', '5', '1', 'nl', '3', '', '{\"typeId\":\"5\",\"authorId\":\"1\",\"title\":\"Dreadless\",\"slug\":\"dreadless\",\"postDate\":1521204480,\"expiryDate\":null,\"enabled\":1,\"parentId\":null,\"fields\":{\"14\":\"\",\"9\":[\"91\"],\"15\":\"\",\"1\":\"<p>Dreadless is a successful and long-time running Reggae-band from Dordrecht! They have been playing with and for&nbsp;many singers: Tuff Lion, Harry Mo, Ras Iba, U-Brown&nbsp;and Anthony Johnson. Dreadless is without a doubt one of the most experienced bands on the biglionpromotions roster.&nbsp;<\\/p>\",\"21\":\"\",\"19\":\"https:\\/\\/open.spotify.com\\/album\\/7rGYFs5giY2BuHAl6xwz5t?si=4Z0pLT0jT-aSL5C4d5p2dQ\",\"2\":\"\",\"20\":\"BnA3oqMeYS0\"}}', '2018-03-16 12:53:39', '2018-03-16 12:53:39', '6fd776c1-9e77-4c99-aef4-82e30a135854'),
 ('125', '93', '5', '1', 'nl', '1', '', '{\"typeId\":null,\"authorId\":\"1\",\"title\":\"Bagjuice\",\"slug\":\"bagjuice\",\"postDate\":1521205321,\"expiryDate\":null,\"enabled\":1,\"parentId\":null,\"fields\":{\"14\":\"\",\"9\":[\"92\"],\"15\":\"\",\"1\":\"<p>Bagjuice is dub band form Amsterdam, there music is experimental and hard to describe. One thing is for sure though, they will turn it into a party! They have been on the scene quite some years now and not without succes. With two released EP\'s and shows all over Holland this band is making the way form something greater!<\\/p>\",\"21\":\"\",\"19\":\"https:\\/\\/open.spotify.com\\/album\\/5ssdbcYucoE0IvEvOQaRse?si=s4-b-celRXKWMHXQDlYSzw\",\"2\":\"\",\"20\":\"PdUyO9xOYJE\"}}', '2018-03-16 13:02:01', '2018-03-16 13:02:01', '3805a682-fbeb-4de2-bca2-68a207fb69df'),
 ('126', '2', '1', '1', 'nl', '10', NULL, '{\"typeId\":null,\"authorId\":null,\"title\":\"Title\",\"slug\":\"homepage\",\"postDate\":1519117818,\"expiryDate\":null,\"enabled\":\"1\",\"parentId\":null,\"fields\":{\"1\":\"<p><strong>We of&nbsp;Big Lion Promotions, believe in the power of live music. We stand for positivity, equality and love,&nbsp;and so we are promoting and supporting bands, artist and event-organizers&nbsp;who want to bring forth that same&nbsp;message.<\\/strong><\\/p>\\r\\n<p>Music has always been one of the most powerful tools to spread messages, we believe in the positive message which&nbsp;our bands and artists bring forth. We want to make it easy for events to find and program exiting and&nbsp;professional bands with a positive message.&nbsp;We also&nbsp;don\'t want bands and artists to spend time thinking about their promotion and\\/or live-shows while they really should spend that time on making new music. We, Big Lion Promotions, take care of those things in a professional way.&nbsp;<\\/p>\\r\\n<p>Let the artist play!<\\/p>\\r\\n<p>Let the organizer organise!&nbsp;<\\/p>\",\"3\":[\"39\"]}}', '2018-03-17 14:55:07', '2018-03-17 14:55:07', '38a12e58-2da5-417a-a38d-30883253b56b');
INSERT INTO `craft_entryversions` (`id`, `entryId`, `sectionId`, `creatorId`, `locale`, `num`, `notes`, `data`, `dateCreated`, `dateUpdated`, `uid`) VALUES
 ('127', '2', '1', '1', 'nl', '11', '', '{\"typeId\":null,\"authorId\":null,\"title\":\"About BiglionPromotions\",\"slug\":\"homepage\",\"postDate\":1519117818,\"expiryDate\":null,\"enabled\":1,\"parentId\":null,\"fields\":{\"1\":\"<p><strong>We of&nbsp;Big Lion Promotions, believe in the power of live music. We stand for positivity, equality and love,&nbsp;and so we are promoting and supporting bands, artist and event-organizers&nbsp;who want to bring forth that same&nbsp;message.<\\/strong><\\/p>\\r\\n<p>Music has always been one of the most powerful tools to spread messages, we believe in the positive message which&nbsp;our bands and artists bring forth. We want to make it easy for events to find and program exiting and&nbsp;professional bands with a positive message.&nbsp;We also&nbsp;don\'t want bands and artists to spend time thinking about their promotion and\\/or live-shows while they really should spend that time on making new music. We, Big Lion Promotions, take care of those things in a professional way.&nbsp;<\\/p>\\r\\n<p>Let the artist play!<\\/p>\\r\\n<p>Let the organizer organise!&nbsp;<\\/p>\",\"3\":[\"39\"]}}', '2018-03-17 14:56:57', '2018-03-17 14:56:57', '4eb437ea-1807-443c-aa02-e7875f45a298'),
 ('128', '2', '1', '1', 'nl', '12', '', '{\"typeId\":null,\"authorId\":null,\"title\":\"BiglionPromotions\",\"slug\":\"homepage\",\"postDate\":1519117818,\"expiryDate\":null,\"enabled\":1,\"parentId\":null,\"fields\":{\"1\":\"<p><strong>We of&nbsp;Big Lion Promotions, believe in the power of live music. We stand for positivity, equality and love,&nbsp;and so we are promoting and supporting bands, artist and event-organizers&nbsp;who want to bring forth that same&nbsp;message.<\\/strong><\\/p>\\r\\n<p>Music has always been one of the most powerful tools to spread messages, we believe in the positive message which&nbsp;our bands and artists bring forth. We want to make it easy for events to find and program exiting and&nbsp;professional bands with a positive message.&nbsp;We also&nbsp;don\'t want bands and artists to spend time thinking about their promotion and\\/or live-shows while they really should spend that time on making new music. We, Big Lion Promotions, take care of those things in a professional way.&nbsp;<\\/p>\\r\\n<p>Let the artist play!<\\/p>\\r\\n<p>Let the organizer organise!&nbsp;<\\/p>\",\"3\":[\"39\"]}}', '2018-03-17 14:57:18', '2018-03-17 14:57:18', '7fba2338-e86f-46e4-8260-89b964dce11b'),
 ('129', '102', '3', '1', 'nl', '1', '', '{\"typeId\":null,\"authorId\":\"1\",\"title\":\"Prem \",\"slug\":\"prem\",\"postDate\":1521300643,\"expiryDate\":null,\"enabled\":1,\"parentId\":null,\"fields\":{\"12\":[\"72\"],\"8\":[\"94\"],\"13\":\"\",\"1\":\"<p>Premchand is a professional producer and key player, at the moment he is performing with Faya-Milla & The Lion Crew. Premchand has seen it all, as he played at zwarte cross, rastaplas, keti-koti, cannabis bevrijdingsdag festival, just to name a few. He is a musician with a ton of experience and one of the most wanted key players from Rotterdam. We are proud to represent Premchand on the Big Lion Roster!<\\/p><p>Do you want more info about this amazing musician, or do you want to hire Premchand for a show, tour or recording session? Contact Big Lion Promotions today!<\\/p>\",\"18\":[\"Toetsenist\"],\"21\":\"\",\"2\":[\"95\",\"96\",\"97\",\"86\",\"98\",\"99\",\"100\",\"101\"],\"20\":\"m1im3PXkYbk\"}}', '2018-03-17 15:30:44', '2018-03-17 15:30:44', '029debcf-8247-4e92-92a9-45802537b7e1'),
 ('130', '102', '3', '1', 'nl', '2', '', '{\"typeId\":\"3\",\"authorId\":\"1\",\"title\":\"Premchand Mengal  \",\"slug\":\"prem\",\"postDate\":1521300600,\"expiryDate\":null,\"enabled\":1,\"parentId\":null,\"fields\":{\"12\":[\"72\"],\"8\":[\"94\"],\"13\":\"\",\"1\":\"<p>Premchand is a professional producer and key player, at the moment he is performing with Faya-Milla & The Lion Crew. Premchand has seen it all, as he played at zwarte cross, rastaplas, keti-koti, cannabis bevrijdingsdag festival, just to name a few. He is a musician with a ton of experience and one of the most wanted key players from Rotterdam. If that wasn\'t enough, Premchand is also a professional producer.&nbsp;We are proud to represent Premchand on the Big Lion Roster!&nbsp;<\\/p>\\r\\n<p>Do you want more info about this amazing musician, or do you want to hire Premchand for a show, tour, recording session or as producer? Contact Big Lion Promotions today!<\\/p>\",\"18\":[\"Toetsenist\"],\"21\":\"\",\"2\":[\"95\",\"96\",\"97\",\"86\",\"98\",\"99\",\"100\",\"101\"],\"20\":\"m1im3PXkYbk\"}}', '2018-03-17 15:33:47', '2018-03-17 15:33:47', 'c4994db1-6fdc-45f2-99c2-366c92738fe1'),
 ('131', '20', '3', '1', 'nl', '7', '', '{\"typeId\":\"3\",\"authorId\":\"1\",\"title\":\"Dilan Tekin\",\"slug\":\"dilan-tekin\",\"postDate\":1519209360,\"expiryDate\":null,\"enabled\":1,\"parentId\":null,\"fields\":{\"12\":[\"72\"],\"8\":[\"103\"],\"13\":\"\",\"1\":\"<p>Dilan Tekin is a young and&nbsp;experienced guitar player, he is mostly known for his time\'s with Jah Reflection and OneWorldBand. He is known in the reggae-scene&nbsp;for his crazy chops and many live-effects.&nbsp;Besides that he also played with a lot of (female) singers in a unplugged set-up.&nbsp;At the moment he is performing with Faya-Milla & The Lion Crew. You can hire this outstanding guitarist as stand-in musician, for acoustic and non-acoustic sets.&nbsp;<\\/p><p><br>Do you want more info about Dilan Tekin or do you want to hire him for you\'re tour\\/recording-session\\/unplugged session? Contact Big Lion Promotions today!<\\/p>\",\"18\":[\"Gitarist\"],\"21\":\"\",\"2\":\"\",\"20\":\"\"}}', '2018-03-17 15:43:22', '2018-03-17 15:43:22', '09427077-50a1-484d-be63-fb20ea0e9f63'),
 ('132', '23', '9', '1', 'nl', '7', '', '{\"typeId\":null,\"authorId\":null,\"title\":\"backline\",\"slug\":\"backline\",\"postDate\":1519223793,\"expiryDate\":null,\"enabled\":1,\"parentId\":null,\"fields\":{\"7\":[\"111\",\"112\",\"113\",\"114\",\"115\"],\"4\":\"Besides the backline it is also possible to book a band or artist for you\'re event. You\'re whole event could be on this site! \",\"6\":\"The most profitable deal you can make, with hiring the backline and booking a band you\'l reduce travel costs. \",\"5\":\"For just the backline, you can mail and ask biglionpromotions for a quotation, prices will differ cause of distance and duration of the event.\",\"1\":\"<p>Besides bands and artists we also provide a complete backline if necessary. This is a professional backline fit for a 300 men crowd. You can book the backline with or without a sound-engineer, this way we make it easy for you to organise you\'re event. You can hire just the backline, or you can take a band and the backline, how big do you want you\'re event to be? That is up to you!<\\/p>\",\"3\":[\"44\"],\"2\":\"\"}}', '2018-03-18 13:20:23', '2018-03-18 13:20:23', '3151c64a-5fc8-4a4d-a7fc-dc4b718e4c12'),
 ('133', '23', '9', '1', 'nl', '8', '', '{\"typeId\":null,\"authorId\":null,\"title\":\"backline\",\"slug\":\"backline\",\"postDate\":1519223793,\"expiryDate\":null,\"enabled\":1,\"parentId\":null,\"fields\":{\"7\":[\"111\",\"112\",\"113\",\"114\",\"115\"],\"4\":\"Besides the backline it is also possible to book a band or artist for you\'re event. You\'re whole event could be on this site! \",\"6\":\"The most profitable deal you can make, with hiring the backline and booking a band you\'l reduce travel costs. \",\"5\":\"For just the backline, you can mail and ask biglionpromotions for a quotation, prices will differ cause of distance and duration of the event.\",\"1\":\"<p>Besides bands and artists we also provide a complete backline if necessary. This is a professional backline fit for a 300 men crowd. You can book the backline with or without a sound-engineer, this way we make it easy for you to organise you\'re event. You can hire just the backline, or you can take a band and the backline, how big do you want you\'re event to be? That is up to you!<\\/p>\",\"3\":[\"116\"],\"2\":\"\"}}', '2018-03-18 13:21:30', '2018-03-18 13:21:30', '2a28c913-a84a-4fcf-b936-1b2c361460b9'),
 ('134', '102', '3', '1', 'nl', '3', '', '{\"typeId\":\"3\",\"authorId\":\"1\",\"title\":\"Premchand Mangal  \",\"slug\":\"prem\",\"postDate\":1521300600,\"expiryDate\":null,\"enabled\":1,\"parentId\":null,\"fields\":{\"12\":[\"72\"],\"8\":[\"94\"],\"13\":\"\",\"1\":\"<p>Premchand is a professional producer and key player, at the moment he is performing with Faya-Milla & The Lion Crew. Premchand has seen it all, as he played at zwarte cross, rastaplas, keti-koti, cannabis bevrijdingsdag festival, just to name a few. He is a musician with a ton of experience and one of the most wanted key players from Rotterdam. If that wasn\'t enough, Premchand is also a professional producer.&nbsp;We are proud to represent Premchand on the Big Lion Roster!&nbsp;<\\/p>\\r\\n<p>Do you want more info about this amazing musician, or do you want to hire Premchand for a show, tour, recording session or as producer? Contact Big Lion Promotions today!<\\/p>\",\"18\":[\"Toetsenist\"],\"21\":\"\",\"2\":[\"95\",\"96\",\"97\",\"86\",\"98\",\"99\",\"100\",\"101\"],\"20\":\"m1im3PXkYbk\"}}', '2018-03-19 11:03:59', '2018-03-19 11:03:59', 'f9968bd6-7801-4e43-a6c9-77dc36584f6c');



DROP TABLE IF EXISTS `craft_fieldgroups`;


--
-- Schema for table `craft_fieldgroups`
--
CREATE TABLE `craft_fieldgroups` (
  `id` int(11) NOT NULL AUTO_INCREMENT,
  `name` varchar(255) COLLATE utf8_unicode_ci NOT NULL,
  `dateCreated` datetime NOT NULL,
  `dateUpdated` datetime NOT NULL,
  `uid` char(36) COLLATE utf8_unicode_ci NOT NULL DEFAULT '0',
  PRIMARY KEY (`id`),
  UNIQUE KEY `craft_fieldgroups_name_unq_idx` (`name`)
) ENGINE=InnoDB AUTO_INCREMENT=9 DEFAULT CHARSET=utf8 COLLATE=utf8_unicode_ci;

--
-- Data for table `craft_fieldgroups`
--

INSERT INTO `craft_fieldgroups` (`id`, `name`, `dateCreated`, `dateUpdated`, `uid`) VALUES
 ('1', 'Default', '2018-02-20 09:10:18', '2018-02-20 09:10:18', '5684a1db-786c-4b9d-b891-bdab029ee960'),
 ('2', 'backline', '2018-02-21 14:54:20', '2018-02-21 14:54:20', '3b26d644-3469-4ee1-a42e-0d4428e1ff4a'),
 ('3', 'artists', '2018-02-21 15:33:26', '2018-02-21 15:33:26', '5afed665-5ca9-42a1-9e62-3a09c411058c'),
 ('4', 'bands', '2018-02-21 15:33:42', '2018-02-21 15:33:42', '06d46e5d-0101-4c50-b5f5-d8376eb2f047'),
 ('5', 'contact', '2018-02-21 15:33:51', '2018-02-21 15:33:51', '29d3c5a2-1b74-4db8-bb31-c567e0e45595'),
 ('6', 'media', '2018-02-21 15:34:02', '2018-02-21 15:34:02', 'efcfcc35-885c-4a53-b00a-9c58a29155ca'),
 ('7', 'news', '2018-02-21 15:34:24', '2018-02-21 15:34:24', '75f0bcf3-3e2a-4b00-9ba2-2ccf552ef264'),
 ('8', 'shows', '2018-02-21 15:34:33', '2018-02-21 15:34:33', 'd3c33fa8-7fa4-4ac3-a666-c395e21134fd');



DROP TABLE IF EXISTS `craft_fieldlayoutfields`;


--
-- Schema for table `craft_fieldlayoutfields`
--
CREATE TABLE `craft_fieldlayoutfields` (
  `id` int(11) NOT NULL AUTO_INCREMENT,
  `layoutId` int(11) NOT NULL,
  `tabId` int(11) NOT NULL,
  `fieldId` int(11) NOT NULL,
  `required` tinyint(1) unsigned NOT NULL DEFAULT '0',
  `sortOrder` smallint(6) unsigned DEFAULT NULL,
  `dateCreated` datetime NOT NULL,
  `dateUpdated` datetime NOT NULL,
  `uid` char(36) COLLATE utf8_unicode_ci NOT NULL DEFAULT '0',
  PRIMARY KEY (`id`),
  UNIQUE KEY `craft_fieldlayoutfields_layoutId_fieldId_unq_idx` (`layoutId`,`fieldId`),
  KEY `craft_fieldlayoutfields_sortOrder_idx` (`sortOrder`),
  KEY `craft_fieldlayoutfields_tabId_fk` (`tabId`),
  KEY `craft_fieldlayoutfields_fieldId_fk` (`fieldId`)
) ENGINE=InnoDB AUTO_INCREMENT=128 DEFAULT CHARSET=utf8 COLLATE=utf8_unicode_ci;

--
-- Data for table `craft_fieldlayoutfields`
--

INSERT INTO `craft_fieldlayoutfields` (`id`, `layoutId`, `tabId`, `fieldId`, `required`, `sortOrder`, `dateCreated`, `dateUpdated`, `uid`) VALUES
 ('27', '25', '11', '1', '0', '1', '2018-02-21 15:02:18', '2018-02-21 15:02:18', 'ecd1c3dc-a3a7-4226-bbdc-904184b2fa2e'),
 ('28', '25', '11', '3', '0', '2', '2018-02-21 15:02:18', '2018-02-21 15:02:18', 'ace558ad-4729-4a28-a495-4a3b305026ec'),
 ('29', '25', '11', '2', '0', '3', '2018-02-21 15:02:18', '2018-02-21 15:02:18', 'ef71e4d6-3d2f-4efb-8c77-a3db6ea347e1'),
 ('30', '25', '12', '4', '0', '1', '2018-02-21 15:02:18', '2018-02-21 15:02:18', '8d4926ac-bf08-4772-9bb5-c2f7a7e0b542'),
 ('31', '25', '12', '6', '0', '2', '2018-02-21 15:02:18', '2018-02-21 15:02:18', '64cfa679-3208-46f2-afad-37f415d6c16c'),
 ('32', '25', '12', '5', '0', '3', '2018-02-21 15:02:18', '2018-02-21 15:02:18', 'e19d8105-d188-42b1-95b0-460f9d73e076'),
 ('33', '25', '13', '7', '0', '1', '2018-02-21 15:02:18', '2018-02-21 15:02:18', '7cb44806-e484-4722-887c-2e6302b95380'),
 ('44', '36', '18', '11', '0', '1', '2018-02-21 16:12:54', '2018-02-21 16:12:54', '38a81532-9f71-41ae-b535-21e1a4fb66f3'),
 ('86', '45', '30', '1', '0', '1', '2018-02-26 08:18:31', '2018-02-26 08:18:31', '185f6d3f-02a2-4674-a704-d213b43939d9'),
 ('87', '45', '30', '8', '0', '2', '2018-02-26 08:18:31', '2018-02-26 08:18:31', 'aa41003d-94ba-4bb1-91f7-188b6acf1b21'),
 ('88', '45', '30', '18', '0', '3', '2018-02-26 08:18:31', '2018-02-26 08:18:31', 'd9856210-8682-4cc7-b042-2d0b5e2d4c8a'),
 ('89', '45', '30', '2', '0', '4', '2018-02-26 08:18:31', '2018-02-26 08:18:31', 'e775b70a-d0f7-431b-b8b0-f9397446b76d'),
 ('90', '45', '31', '12', '0', '1', '2018-02-26 08:18:31', '2018-02-26 08:18:31', '1e0953ba-a774-4448-ad43-9cd2cc6897fa'),
 ('91', '45', '31', '13', '0', '2', '2018-02-26 08:18:31', '2018-02-26 08:18:31', '8b4a1e16-f41f-4d69-bb07-f7735935c6e6'),
 ('92', '45', '32', '20', '0', '1', '2018-02-26 08:18:31', '2018-02-26 08:18:31', '7e9d14e6-6c8b-4c6f-ae6f-6c24e3794a44'),
 ('93', '45', '32', '21', '0', '2', '2018-02-26 08:18:31', '2018-02-26 08:18:31', '7b694ac7-e01f-4075-9641-b400f0a0f210'),
 ('94', '46', '33', '1', '0', '1', '2018-02-26 08:19:17', '2018-02-26 08:19:17', 'a8a5d147-249c-4800-bbf4-d5aa33f55df5'),
 ('95', '46', '33', '17', '0', '2', '2018-02-26 08:19:17', '2018-02-26 08:19:17', '4f3b6ffb-8d8a-4de0-84be-7e21dec69f00'),
 ('96', '46', '33', '10', '0', '3', '2018-02-26 08:19:17', '2018-02-26 08:19:17', '9522625f-ceba-43a7-b6d7-d4ffaee99093'),
 ('97', '46', '33', '2', '0', '4', '2018-02-26 08:19:17', '2018-02-26 08:19:17', '35ad7269-bfa3-4d59-9306-932cc7a14998'),
 ('98', '46', '34', '16', '0', '1', '2018-02-26 08:19:17', '2018-02-26 08:19:17', 'b19d347c-3dae-49a8-9b5d-dca65ab42ff2'),
 ('99', '46', '35', '20', '0', '1', '2018-02-26 08:19:17', '2018-02-26 08:19:17', '4bef7d55-be93-498e-b88d-856b27072602'),
 ('100', '46', '35', '21', '0', '2', '2018-02-26 08:19:17', '2018-02-26 08:19:17', '4a024402-2fea-40b6-82cc-c82c4e50142f'),
 ('110', '51', '39', '1', '0', '1', '2018-03-15 19:22:47', '2018-03-15 19:22:47', 'ac6e9cd8-9be0-416a-a1f5-50a88bb5760b'),
 ('111', '51', '39', '9', '0', '2', '2018-03-15 19:22:47', '2018-03-15 19:22:47', '3635cb20-811f-46e6-bb5c-fd6929f408b5'),
 ('112', '51', '39', '2', '0', '3', '2018-03-15 19:22:47', '2018-03-15 19:22:47', '89becf82-dec8-4c56-913f-2c4dd975b1cb'),
 ('113', '51', '39', '19', '0', '4', '2018-03-15 19:22:47', '2018-03-15 19:22:47', '3e3c0485-dcc0-4101-86a1-98efd0328938'),
 ('114', '51', '39', '20', '0', '5', '2018-03-15 19:22:47', '2018-03-15 19:22:47', '9f0be318-9ce4-4953-ab33-43c6b128443b'),
 ('115', '51', '39', '21', '0', '6', '2018-03-15 19:22:47', '2018-03-15 19:22:47', 'b498c736-a567-4ca4-8b26-5956a3e7f07f'),
 ('116', '51', '40', '14', '0', '1', '2018-03-15 19:22:47', '2018-03-15 19:22:47', '0593782a-5219-49d5-9ef4-712417fe7e27'),
 ('117', '51', '40', '15', '0', '2', '2018-03-15 19:22:47', '2018-03-15 19:22:47', '07327f30-647a-4fe2-9e6b-30a3262945cb'),
 ('118', '52', '41', '1', '1', '1', '2018-03-15 19:23:24', '2018-03-15 19:23:24', 'a2a70890-ab56-4f33-ae1d-e2cbd58a1c81'),
 ('119', '52', '41', '2', '0', '2', '2018-03-15 19:23:24', '2018-03-15 19:23:24', 'b3d37e89-98c9-4b4b-b389-dd13bccb4006'),
 ('120', '52', '41', '22', '0', '3', '2018-03-15 19:23:24', '2018-03-15 19:23:24', '245c1621-578c-4e2f-82ca-59eae4ab4d01'),
 ('121', '52', '41', '17', '0', '4', '2018-03-15 19:23:24', '2018-03-15 19:23:24', '812bd8aa-e103-4c00-84b4-549a7508241d'),
 ('122', '52', '41', '20', '0', '5', '2018-03-15 19:23:24', '2018-03-15 19:23:24', '05ebe2ad-b76c-4401-b674-d5376adee0ca'),
 ('123', '52', '41', '21', '0', '6', '2018-03-15 19:23:24', '2018-03-15 19:23:24', '4b3a1e94-f754-4cfb-a095-b12d2957146f'),
 ('126', '54', '43', '1', '1', '1', '2018-03-17 14:56:08', '2018-03-17 14:56:08', '501431fb-d25a-4488-8f71-195e1016bb3f'),
 ('127', '54', '43', '3', '0', '2', '2018-03-17 14:56:08', '2018-03-17 14:56:08', '21f3fc7b-4b67-4b61-9b22-ef9a36ad06d5');



DROP TABLE IF EXISTS `craft_fieldlayouts`;


--
-- Schema for table `craft_fieldlayouts`
--
CREATE TABLE `craft_fieldlayouts` (
  `id` int(11) NOT NULL AUTO_INCREMENT,
  `type` varchar(150) COLLATE utf8_unicode_ci NOT NULL,
  `dateCreated` datetime NOT NULL,
  `dateUpdated` datetime NOT NULL,
  `uid` char(36) COLLATE utf8_unicode_ci NOT NULL DEFAULT '0',
  PRIMARY KEY (`id`),
  KEY `craft_fieldlayouts_type_idx` (`type`)
) ENGINE=InnoDB AUTO_INCREMENT=55 DEFAULT CHARSET=utf8 COLLATE=utf8_unicode_ci;

--
-- Data for table `craft_fieldlayouts`
--

INSERT INTO `craft_fieldlayouts` (`id`, `type`, `dateCreated`, `dateUpdated`, `uid`) VALUES
 ('1', 'Tag', '2018-02-20 09:10:18', '2018-02-20 09:10:18', 'cafddc20-062c-48ca-94ba-2ed27481b497'),
 ('9', 'Entry', '2018-02-20 09:11:22', '2018-02-20 09:11:22', '1d794682-5646-48cf-8f79-22e39a17b9a3'),
 ('24', 'Asset', '2018-02-21 14:46:58', '2018-02-21 14:46:58', '0bf4afa8-5961-4259-a1b4-ac4f9d5454a7'),
 ('25', 'Entry', '2018-02-21 15:02:18', '2018-02-21 15:02:18', '1a82d075-d6b5-4f5a-84b8-e01424275686'),
 ('26', 'Asset', '2018-02-21 15:03:29', '2018-02-21 15:03:29', 'c7d6923c-826e-43e2-90a7-e29052d817ff'),
 ('27', 'Asset', '2018-02-21 15:29:06', '2018-02-21 15:29:06', '0e8e2d9d-698c-4369-9502-8eb453597420'),
 ('28', 'Asset', '2018-02-21 15:29:22', '2018-02-21 15:29:22', '78bb602e-0a45-4894-ac1c-f9d775634c40'),
 ('29', 'Asset', '2018-02-21 15:31:38', '2018-02-21 15:31:38', '285c5db2-ff08-40ab-977c-80f60a78f5fd'),
 ('33', 'Asset', '2018-02-21 16:06:33', '2018-02-21 16:06:33', '4a3710ea-a416-4a4c-8547-980e5b1d0425'),
 ('36', 'Entry', '2018-02-21 16:12:54', '2018-02-21 16:12:54', '0d3b48b8-f66a-453f-9ed8-92ff3d77ef08'),
 ('45', 'Entry', '2018-02-26 08:18:31', '2018-02-26 08:18:31', '9e1bdae6-937f-4d69-ba47-98c338ddd3ac'),
 ('46', 'Entry', '2018-02-26 08:19:17', '2018-02-26 08:19:17', '3191d8ac-1baf-4452-9579-7b8e4a4ccea3'),
 ('48', 'Asset', '2018-03-01 09:29:39', '2018-03-01 09:29:39', '7073ce20-60aa-4e66-b7d7-2e2c4cf15320'),
 ('51', 'Entry', '2018-03-15 19:22:47', '2018-03-15 19:22:47', '3f6b4ed4-07ec-4f10-b270-0394ab56b919'),
 ('52', 'Entry', '2018-03-15 19:23:24', '2018-03-15 19:23:24', '0c50e8c3-8fe2-4a49-b23d-9ee0c20d59be'),
 ('54', 'Entry', '2018-03-17 14:56:08', '2018-03-17 14:56:08', 'd73e6037-be90-4dd2-a5cd-c744e3a8ac22');



DROP TABLE IF EXISTS `craft_fieldlayouttabs`;


--
-- Schema for table `craft_fieldlayouttabs`
--
CREATE TABLE `craft_fieldlayouttabs` (
  `id` int(11) NOT NULL AUTO_INCREMENT,
  `layoutId` int(11) NOT NULL,
  `name` varchar(255) COLLATE utf8_unicode_ci NOT NULL,
  `sortOrder` smallint(6) unsigned DEFAULT NULL,
  `dateCreated` datetime NOT NULL,
  `dateUpdated` datetime NOT NULL,
  `uid` char(36) COLLATE utf8_unicode_ci NOT NULL DEFAULT '0',
  PRIMARY KEY (`id`),
  KEY `craft_fieldlayouttabs_sortOrder_idx` (`sortOrder`),
  KEY `craft_fieldlayouttabs_layoutId_fk` (`layoutId`)
) ENGINE=InnoDB AUTO_INCREMENT=44 DEFAULT CHARSET=utf8 COLLATE=utf8_unicode_ci;

--
-- Data for table `craft_fieldlayouttabs`
--

INSERT INTO `craft_fieldlayouttabs` (`id`, `layoutId`, `name`, `sortOrder`, `dateCreated`, `dateUpdated`, `uid`) VALUES
 ('11', '25', 'Backline', '1', '2018-02-21 15:02:18', '2018-02-21 15:02:18', '43fb9b86-73b5-4d18-8f0e-de237af63a1e'),
 ('12', '25', 'Packages', '2', '2018-02-21 15:02:18', '2018-02-21 15:02:18', 'ebbee952-7061-4831-b4fe-4d52e586f1ec'),
 ('13', '25', 'Media', '3', '2018-02-21 15:02:18', '2018-02-21 15:02:18', 'f72e89d2-ed03-4a55-bd67-0968f169c9d5'),
 ('18', '36', 'media', '1', '2018-02-21 16:12:54', '2018-02-21 16:12:54', 'bbea2924-9c6e-4f2d-a540-ff49987a143c'),
 ('30', '45', 'Artists', '1', '2018-02-26 08:18:31', '2018-02-26 08:18:31', 'df91bd40-3bb2-4cf9-86ed-41fff5301079'),
 ('31', '45', 'Band & Show', '2', '2018-02-26 08:18:31', '2018-02-26 08:18:31', 'c2f5377a-5d48-494c-84c2-a115bdc8729c'),
 ('32', '45', 'Youtube & Soundcloud', '3', '2018-02-26 08:18:31', '2018-02-26 08:18:31', '0e6637dd-65b4-4dde-acc1-e039432dac82'),
 ('33', '46', 'shows', '1', '2018-02-26 08:19:17', '2018-02-26 08:19:17', '716f44d9-4e2e-487d-9050-e28adaaf66ce'),
 ('34', '46', 'Bands', '2', '2018-02-26 08:19:17', '2018-02-26 08:19:17', 'ed118fd7-b3f6-4de0-bd33-5812fc8b6119'),
 ('35', '46', 'Youtube & Soundcloud', '3', '2018-02-26 08:19:17', '2018-02-26 08:19:17', 'd8d57d5e-01ab-4b23-b870-1551ed28b3f1'),
 ('39', '51', 'Bands', '1', '2018-03-15 19:22:47', '2018-03-15 19:22:47', '9fa3e3f6-39c7-43d5-b0c9-f12f064622cb'),
 ('40', '51', 'Artists & Shows', '2', '2018-03-15 19:22:47', '2018-03-15 19:22:47', '64656978-6990-434a-a683-2ccdc1abfccb'),
 ('41', '52', 'Content', '1', '2018-03-15 19:23:24', '2018-03-15 19:23:24', '8b35be24-8196-4036-bc98-56b9f8598cf6'),
 ('43', '54', 'Content', '1', '2018-03-17 14:56:08', '2018-03-17 14:56:08', '878591c8-4733-4deb-857b-3e3f40d19c98');



DROP TABLE IF EXISTS `craft_fields`;


--
-- Schema for table `craft_fields`
--
CREATE TABLE `craft_fields` (
  `id` int(11) NOT NULL AUTO_INCREMENT,
  `groupId` int(11) DEFAULT NULL,
  `name` varchar(255) COLLATE utf8_unicode_ci NOT NULL,
  `handle` varchar(58) COLLATE utf8_unicode_ci NOT NULL,
  `context` varchar(255) COLLATE utf8_unicode_ci NOT NULL DEFAULT 'global',
  `instructions` text COLLATE utf8_unicode_ci,
  `translatable` tinyint(1) unsigned NOT NULL DEFAULT '0',
  `type` varchar(150) COLLATE utf8_unicode_ci NOT NULL,
  `settings` text COLLATE utf8_unicode_ci,
  `dateCreated` datetime NOT NULL,
  `dateUpdated` datetime NOT NULL,
  `uid` char(36) COLLATE utf8_unicode_ci NOT NULL DEFAULT '0',
  PRIMARY KEY (`id`),
  UNIQUE KEY `craft_fields_handle_context_unq_idx` (`handle`,`context`),
  KEY `craft_fields_context_idx` (`context`),
  KEY `craft_fields_groupId_fk` (`groupId`)
) ENGINE=InnoDB AUTO_INCREMENT=23 DEFAULT CHARSET=utf8 COLLATE=utf8_unicode_ci;

--
-- Data for table `craft_fields`
--

INSERT INTO `craft_fields` (`id`, `groupId`, `name`, `handle`, `context`, `instructions`, `translatable`, `type`, `settings`, `dateCreated`, `dateUpdated`, `uid`) VALUES
 ('1', '1', 'body', 'body', 'global', '', '0', 'RichText', '{\"configFile\":\"Standard.json\",\"availableAssetSources\":\"*\",\"availableTransforms\":\"*\",\"cleanupHtml\":\"1\",\"purifyHtml\":\"1\",\"purifierConfig\":\"\",\"columnType\":\"text\"}', '2018-02-20 09:10:18', '2018-02-22 16:05:25', '7a3d4698-5faa-4081-ab74-8ad04b6c234b'),
 ('2', '1', 'tags', 'tags', 'global', '', '0', 'Tags', '{\"source\":\"taggroup:1\",\"selectionLabel\":\"\"}', '2018-02-20 09:10:18', '2018-02-22 16:05:29', 'd0971727-1955-4062-ad98-9c9699df0828'),
 ('3', '1', 'featureImage', 'featureImage', 'global', '', '0', 'Assets', '{\"useSingleFolder\":\"\",\"sources\":[\"folder:1\"],\"defaultUploadLocationSource\":\"1\",\"defaultUploadLocationSubpath\":\"{slug}\",\"singleUploadLocationSource\":\"1\",\"singleUploadLocationSubpath\":\"\",\"restrictFiles\":\"1\",\"allowedKinds\":[\"image\"],\"limit\":\"\",\"viewMode\":\"large\",\"selectionLabel\":\"Voer hier uw afbeelding in\"}', '2018-02-21 08:25:08', '2018-02-22 16:05:19', '9e7eab95-4431-4ea6-a100-b2c9070dc225'),
 ('4', '2', 'backline Package Bands', 'backlinePackageBands', 'global', 'Text voor de backline package bands', '0', 'PlainText', '{\"placeholder\":\"\",\"maxLength\":\"\",\"multiline\":\"\",\"initialRows\":\"4\"}', '2018-02-21 14:55:07', '2018-02-22 16:04:25', 'd308fd67-4889-424e-aaa3-7e4f1fd7e793'),
 ('5', '2', 'backline Package Sounds', 'backlinePackageSounds', 'global', 'Text voor de backline package sounds', '0', 'PlainText', '{\"placeholder\":\"\",\"maxLength\":\"\",\"multiline\":\"\",\"initialRows\":\"4\"}', '2018-02-21 14:55:39', '2018-02-22 16:04:39', '059d2124-81c9-4573-ab4f-5e7c3f30576e'),
 ('6', '2', 'backline Package Both', 'backlinePackageBoth', 'global', 'Text voor beide backline packages', '0', 'PlainText', '{\"placeholder\":\"\",\"maxLength\":\"\",\"multiline\":\"\",\"initialRows\":\"4\"}', '2018-02-21 14:56:04', '2018-02-22 16:04:33', 'd055d1c6-d1c0-41d9-9100-2e24324ed5e1'),
 ('7', '2', 'backline images', 'backlineImages', 'global', '', '0', 'Assets', '{\"useSingleFolder\":\"\",\"sources\":[\"folder:14\"],\"defaultUploadLocationSource\":\"1\",\"defaultUploadLocationSubpath\":\"\",\"singleUploadLocationSource\":\"1\",\"singleUploadLocationSubpath\":\"\",\"restrictFiles\":\"\",\"limit\":\"\",\"viewMode\":\"list\",\"selectionLabel\":\"\"}', '2018-02-21 14:59:04', '2018-02-22 16:04:17', '4eec8fe0-4d55-4fa4-b30b-0afd764e1251'),
 ('8', '3', 'artistImage', 'artistImage', 'global', '', '0', 'Assets', '{\"useSingleFolder\":\"\",\"sources\":[\"folder:17\"],\"defaultUploadLocationSource\":\"1\",\"defaultUploadLocationSubpath\":\"\",\"singleUploadLocationSource\":\"1\",\"singleUploadLocationSubpath\":\"\",\"restrictFiles\":\"1\",\"allowedKinds\":[\"image\"],\"limit\":\"1\",\"viewMode\":\"list\",\"selectionLabel\":\"\"}', '2018-02-21 15:37:51', '2018-02-22 16:04:07', '1b40a5cf-0e3d-4b9e-a918-b0fd31708ab8'),
 ('9', '4', 'bandsImage', 'bandsImage', 'global', '', '0', 'Assets', '{\"useSingleFolder\":\"\",\"sources\":[\"folder:16\"],\"defaultUploadLocationSource\":\"1\",\"defaultUploadLocationSubpath\":\"\",\"singleUploadLocationSource\":\"1\",\"singleUploadLocationSubpath\":\"\",\"restrictFiles\":\"1\",\"allowedKinds\":[\"image\"],\"limit\":\"1\",\"viewMode\":\"list\",\"selectionLabel\":\"\"}', '2018-02-21 15:39:37', '2018-02-22 16:04:55', 'b33b9a4a-2d14-4586-b78f-1ce4ed0acb30'),
 ('10', '8', 'showsImage', 'showsImage', 'global', '', '0', 'Assets', '{\"useSingleFolder\":\"\",\"sources\":[\"folder:18\"],\"defaultUploadLocationSource\":\"1\",\"defaultUploadLocationSubpath\":\"\",\"singleUploadLocationSource\":\"1\",\"singleUploadLocationSubpath\":\"\",\"restrictFiles\":\"1\",\"allowedKinds\":[\"image\"],\"limit\":\"1\",\"viewMode\":\"list\",\"selectionLabel\":\"\"}', '2018-02-21 15:40:30', '2018-02-22 16:05:40', '7f225b4c-701d-4394-be04-94882a241ffb'),
 ('11', '6', 'mediaImage', 'mediaImage', 'global', '', '0', 'Assets', '{\"useSingleFolder\":\"\",\"sources\":[\"folder:19\"],\"defaultUploadLocationSource\":\"1\",\"defaultUploadLocationSubpath\":\"\",\"singleUploadLocationSource\":\"1\",\"singleUploadLocationSubpath\":\"\",\"restrictFiles\":\"\",\"limit\":\"\",\"viewMode\":\"large\",\"selectionLabel\":\"\"}', '2018-02-21 16:07:20', '2018-02-22 16:05:13', '7f4520ea-667a-4bca-9cf7-ea183b6a7dee'),
 ('12', '3', 'artistBand', 'artistBand', 'global', '', '0', 'Entries', '{\"sources\":[\"section:5\"],\"limit\":\"\",\"selectionLabel\":\"Voeg een band toe aan de artiest\"}', '2018-02-22 08:18:28', '2018-02-22 16:04:02', '7e069aaa-4b3a-48cd-a836-dc0bef9b9426'),
 ('13', '3', 'artistShow', 'artistShow', 'global', '', '0', 'Entries', '{\"sources\":[\"section:8\"],\"limit\":\"\",\"selectionLabel\":\"Voeg een show aan een artiest toe\"}', '2018-02-22 08:19:00', '2018-02-22 16:04:10', 'aae5a71c-922e-40a3-9097-dc7c6b07d5e5'),
 ('14', '4', 'bandsArtists', 'bandsArtists', 'global', '', '0', 'Entries', '{\"sources\":[\"section:3\"],\"limit\":\"\",\"selectionLabel\":\"Voeg artiesten toe aan de band\"}', '2018-02-22 08:19:51', '2018-02-22 16:04:50', '0d19698b-e8e8-485d-8601-61ed203e96d4'),
 ('15', '4', 'bandsShows', 'bandsShows', 'global', '', '0', 'Entries', '{\"sources\":[\"section:8\"],\"limit\":\"\",\"selectionLabel\":\"Voeg een show aan een band toe\"}', '2018-02-22 11:51:48', '2018-02-22 16:04:59', '2880da6d-e63f-4493-abfa-245f6ecff3de'),
 ('16', '8', 'showsBands', 'showsBands', 'global', '', '0', 'Entries', '{\"sources\":[\"section:5\"],\"limit\":\"\",\"selectionLabel\":\"Voeg bands aan de show toe\"}', '2018-02-22 16:03:12', '2018-02-22 16:03:12', '8b2e04f2-6ab8-4460-b3fb-d81266e2e8b6'),
 ('17', '1', 'header position', 'headerPosition', 'global', '', '0', 'Dropdown', '{\"options\":[{\"label\":\"top\",\"value\":\"top\",\"default\":\"\"},{\"label\":\"left\",\"value\":\"left\",\"default\":\"\"},{\"label\":\"right\",\"value\":\"right\",\"default\":\"\"},{\"label\":\"bottom\",\"value\":\"bottom\",\"default\":\"\"},{\"label\":\"center\",\"value\":\"center\",\"default\":\"1\"}]}', '2018-02-22 16:13:23', '2018-02-22 16:16:32', 'ceeaa8f1-7e80-4708-b4a3-c28ab86f66cf'),
 ('18', '3', 'profession', 'profession', 'global', '', '0', 'MultiSelect', '{\"options\":[{\"label\":\"Gitarist\",\"value\":\"Gitarist\",\"default\":\"1\"},{\"label\":\"Zanger\",\"value\":\"Zanger\",\"default\":\"\"},{\"label\":\"Zangeres\",\"value\":\"Zangeres\",\"default\":\"\"},{\"label\":\"Bassist\",\"value\":\"Bassist\",\"default\":\"\"},{\"label\":\"Toetsenist\",\"value\":\"Toetsenist\",\"default\":\"\"},{\"label\":\"Deejay\",\"value\":\"Deejay\",\"default\":\"\"},{\"label\":\"Producer\",\"value\":\"Producer\",\"default\":\"\"},{\"label\":\"Saxofonist\",\"value\":\"Saxofonist\",\"default\":\"\"},{\"label\":\"Percussionist\",\"value\":\"Percussionist\",\"default\":\"\"},{\"label\":\"Geluid & Light\",\"value\":\"Geluid & Light\",\"default\":\"\"}]}', '2018-02-22 16:56:29', '2018-02-22 16:59:22', '6abfa334-0d54-445b-b32a-f55d6fbd80d5'),
 ('19', '4', 'spotifyPlaylistLink', 'spotifyplaylistlink', 'global', '', '0', 'PlainText', '{\"placeholder\":\"\",\"maxLength\":\"\",\"multiline\":\"\",\"initialRows\":\"4\"}', '2018-02-24 14:37:47', '2018-02-24 14:37:47', '62486f09-25a4-4c77-beb5-9641f58860c4'),
 ('20', '1', 'youtube url', 'youtubeUrl', 'global', '', '0', 'PlainText', '{\"placeholder\":\"\",\"maxLength\":\"\",\"multiline\":\"\",\"initialRows\":\"4\"}', '2018-02-24 16:37:42', '2018-02-26 08:15:28', '610067d1-d219-4952-bee9-467ff04dbc06'),
 ('21', '1', 'soundcloud url', 'soundcloudUrl', 'global', '', '0', 'PlainText', '{\"placeholder\":\"\",\"maxLength\":\"\",\"multiline\":\"\",\"initialRows\":\"4\"}', '2018-02-26 08:15:39', '2018-02-26 08:15:39', 'c6d79997-9062-476e-9907-9593cc21d2b3'),
 ('22', '7', 'news image', 'newsImage', 'global', '', '0', 'Assets', '{\"useSingleFolder\":\"\",\"sources\":[\"folder:20\"],\"defaultUploadLocationSource\":\"7\",\"defaultUploadLocationSubpath\":\"\",\"singleUploadLocationSource\":\"1\",\"singleUploadLocationSubpath\":\"\",\"restrictFiles\":\"1\",\"allowedKinds\":[\"image\"],\"limit\":\"1\",\"viewMode\":\"list\",\"selectionLabel\":\"Voeg een afbeelding toe aan uw nieuws item\"}', '2018-03-01 09:30:52', '2018-03-01 09:30:52', '61ee4968-130e-4d45-b816-a4382b9bfe8f');



DROP TABLE IF EXISTS `craft_globalsets`;


--
-- Schema for table `craft_globalsets`
--
CREATE TABLE `craft_globalsets` (
  `id` int(11) NOT NULL,
  `name` varchar(255) COLLATE utf8_unicode_ci NOT NULL,
  `handle` varchar(255) COLLATE utf8_unicode_ci NOT NULL,
  `fieldLayoutId` int(10) DEFAULT NULL,
  `dateCreated` datetime NOT NULL,
  `dateUpdated` datetime NOT NULL,
  `uid` char(36) COLLATE utf8_unicode_ci NOT NULL DEFAULT '0',
  PRIMARY KEY (`id`),
  UNIQUE KEY `craft_globalsets_name_unq_idx` (`name`),
  UNIQUE KEY `craft_globalsets_handle_unq_idx` (`handle`),
  KEY `craft_globalsets_fieldLayoutId_fk` (`fieldLayoutId`)
) ENGINE=InnoDB DEFAULT CHARSET=utf8 COLLATE=utf8_unicode_ci;

DROP TABLE IF EXISTS `craft_info`;


--
-- Schema for table `craft_info`
--
CREATE TABLE `craft_info` (
  `id` int(11) NOT NULL AUTO_INCREMENT,
  `version` varchar(50) COLLATE utf8_unicode_ci NOT NULL,
  `schemaVersion` varchar(15) COLLATE utf8_unicode_ci NOT NULL,
  `edition` tinyint(1) unsigned NOT NULL DEFAULT '0',
  `siteName` varchar(100) COLLATE utf8_unicode_ci NOT NULL,
  `siteUrl` varchar(255) COLLATE utf8_unicode_ci NOT NULL,
  `timezone` varchar(30) COLLATE utf8_unicode_ci DEFAULT NULL,
  `on` tinyint(1) unsigned NOT NULL DEFAULT '0',
  `maintenance` tinyint(1) unsigned NOT NULL DEFAULT '0',
  `dateCreated` datetime NOT NULL,
  `dateUpdated` datetime NOT NULL,
  `uid` char(36) COLLATE utf8_unicode_ci NOT NULL DEFAULT '0',
  PRIMARY KEY (`id`)
) ENGINE=InnoDB AUTO_INCREMENT=2 DEFAULT CHARSET=utf8 COLLATE=utf8_unicode_ci;

--
-- Data for table `craft_info`
--

INSERT INTO `craft_info` (`id`, `version`, `schemaVersion`, `edition`, `siteName`, `siteUrl`, `timezone`, `on`, `maintenance`, `dateCreated`, `dateUpdated`, `uid`) VALUES
 ('1', '2.6.3012', '2.6.13', '0', 'Big Lion Promotions', 'http://biglion.local', 'UTC', '1', '1', '2018-02-20 09:10:16', '2018-04-09 14:37:09', '97dc9bbc-831a-4e83-96c3-24cc8d742313');



DROP TABLE IF EXISTS `craft_locales`;


--
-- Schema for table `craft_locales`
--
CREATE TABLE `craft_locales` (
  `locale` char(12) COLLATE utf8_unicode_ci NOT NULL,
  `sortOrder` smallint(6) unsigned DEFAULT NULL,
  `dateCreated` datetime NOT NULL,
  `dateUpdated` datetime NOT NULL,
  `uid` char(36) COLLATE utf8_unicode_ci NOT NULL DEFAULT '0',
  PRIMARY KEY (`locale`),
  KEY `craft_locales_sortOrder_idx` (`sortOrder`)
) ENGINE=InnoDB DEFAULT CHARSET=utf8 COLLATE=utf8_unicode_ci;

--
-- Data for table `craft_locales`
--

INSERT INTO `craft_locales` (`locale`, `sortOrder`, `dateCreated`, `dateUpdated`, `uid`) VALUES
 ('nl', '1', '2018-02-20 09:10:16', '2018-02-20 09:10:16', 'db674852-4216-491a-9370-8b8788ff9e3b');



DROP TABLE IF EXISTS `craft_matrixblocks`;


--
-- Schema for table `craft_matrixblocks`
--
CREATE TABLE `craft_matrixblocks` (
  `id` int(11) NOT NULL,
  `ownerId` int(11) NOT NULL,
  `fieldId` int(11) NOT NULL,
  `typeId` int(11) DEFAULT NULL,
  `sortOrder` smallint(6) unsigned DEFAULT NULL,
  `ownerLocale` char(12) COLLATE utf8_unicode_ci DEFAULT NULL,
  `dateCreated` datetime NOT NULL,
  `dateUpdated` datetime NOT NULL,
  `uid` char(36) COLLATE utf8_unicode_ci NOT NULL DEFAULT '0',
  PRIMARY KEY (`id`),
  KEY `craft_matrixblocks_ownerId_idx` (`ownerId`),
  KEY `craft_matrixblocks_fieldId_idx` (`fieldId`),
  KEY `craft_matrixblocks_typeId_idx` (`typeId`),
  KEY `craft_matrixblocks_sortOrder_idx` (`sortOrder`),
  KEY `craft_matrixblocks_ownerLocale_fk` (`ownerLocale`)
) ENGINE=InnoDB DEFAULT CHARSET=utf8 COLLATE=utf8_unicode_ci;

DROP TABLE IF EXISTS `craft_matrixblocktypes`;


--
-- Schema for table `craft_matrixblocktypes`
--
CREATE TABLE `craft_matrixblocktypes` (
  `id` int(11) NOT NULL AUTO_INCREMENT,
  `fieldId` int(11) NOT NULL,
  `fieldLayoutId` int(11) DEFAULT NULL,
  `name` varchar(255) COLLATE utf8_unicode_ci NOT NULL,
  `handle` varchar(255) COLLATE utf8_unicode_ci NOT NULL,
  `sortOrder` smallint(6) unsigned DEFAULT NULL,
  `dateCreated` datetime NOT NULL,
  `dateUpdated` datetime NOT NULL,
  `uid` char(36) COLLATE utf8_unicode_ci NOT NULL DEFAULT '0',
  PRIMARY KEY (`id`),
  UNIQUE KEY `craft_matrixblocktypes_name_fieldId_unq_idx` (`name`,`fieldId`),
  UNIQUE KEY `craft_matrixblocktypes_handle_fieldId_unq_idx` (`handle`,`fieldId`),
  KEY `craft_matrixblocktypes_fieldId_fk` (`fieldId`),
  KEY `craft_matrixblocktypes_fieldLayoutId_fk` (`fieldLayoutId`)
) ENGINE=InnoDB DEFAULT CHARSET=utf8 COLLATE=utf8_unicode_ci;

DROP TABLE IF EXISTS `craft_migrations`;


--
-- Schema for table `craft_migrations`
--
CREATE TABLE `craft_migrations` (
  `id` int(11) NOT NULL AUTO_INCREMENT,
  `pluginId` int(11) DEFAULT NULL,
  `version` varchar(255) COLLATE utf8_unicode_ci NOT NULL,
  `applyTime` datetime NOT NULL,
  `dateCreated` datetime NOT NULL,
  `dateUpdated` datetime NOT NULL,
  `uid` char(36) COLLATE utf8_unicode_ci NOT NULL DEFAULT '0',
  PRIMARY KEY (`id`),
  UNIQUE KEY `craft_migrations_version_unq_idx` (`version`),
  KEY `craft_migrations_pluginId_fk` (`pluginId`)
) ENGINE=InnoDB AUTO_INCREMENT=71 DEFAULT CHARSET=utf8 COLLATE=utf8_unicode_ci;

--
-- Data for table `craft_migrations`
--

INSERT INTO `craft_migrations` (`id`, `pluginId`, `version`, `applyTime`, `dateCreated`, `dateUpdated`, `uid`) VALUES
 ('1', NULL, 'm000000_000000_base', '2018-02-20 09:10:16', '2018-02-20 09:10:16', '2018-02-20 09:10:16', '29ad8ece-6486-4c26-adbc-f18db5b47ebb'),
 ('2', NULL, 'm140730_000001_add_filename_and_format_to_transformindex', '2018-02-20 09:10:16', '2018-02-20 09:10:16', '2018-02-20 09:10:16', '31a98008-b5a1-4933-8d60-d1b2ef7ce13b'),
 ('3', NULL, 'm140815_000001_add_format_to_transforms', '2018-02-20 09:10:16', '2018-02-20 09:10:16', '2018-02-20 09:10:16', '62442aa1-1952-4208-ae3c-e5e48cd6a295'),
 ('4', NULL, 'm140822_000001_allow_more_than_128_items_per_field', '2018-02-20 09:10:16', '2018-02-20 09:10:16', '2018-02-20 09:10:16', '265cc491-0415-4219-b392-c7b594a9bf1a'),
 ('5', NULL, 'm140829_000001_single_title_formats', '2018-02-20 09:10:16', '2018-02-20 09:10:16', '2018-02-20 09:10:16', 'e09abb32-b92a-4e7a-beb6-858deb6feda0'),
 ('6', NULL, 'm140831_000001_extended_cache_keys', '2018-02-20 09:10:16', '2018-02-20 09:10:16', '2018-02-20 09:10:16', 'bce70986-226b-4666-9bcd-b1b213250bc5'),
 ('7', NULL, 'm140922_000001_delete_orphaned_matrix_blocks', '2018-02-20 09:10:16', '2018-02-20 09:10:16', '2018-02-20 09:10:16', '71a91ed4-6a9d-40bb-8e4e-aa40df586ab9'),
 ('8', NULL, 'm141008_000001_elements_index_tune', '2018-02-20 09:10:16', '2018-02-20 09:10:16', '2018-02-20 09:10:16', 'ff88024c-3a35-42c9-885b-cc84b59136cd'),
 ('9', NULL, 'm141009_000001_assets_source_handle', '2018-02-20 09:10:16', '2018-02-20 09:10:16', '2018-02-20 09:10:16', 'f886f287-25b6-4bc0-9454-bc36adb83d99'),
 ('10', NULL, 'm141024_000001_field_layout_tabs', '2018-02-20 09:10:16', '2018-02-20 09:10:16', '2018-02-20 09:10:16', 'bee672b8-0739-431d-a96d-47c755b71c28'),
 ('11', NULL, 'm141030_000000_plugin_schema_versions', '2018-02-20 09:10:16', '2018-02-20 09:10:16', '2018-02-20 09:10:16', 'c6e59799-27c4-43b3-831d-813f14c0b5b1'),
 ('12', NULL, 'm141030_000001_drop_structure_move_permission', '2018-02-20 09:10:16', '2018-02-20 09:10:16', '2018-02-20 09:10:16', '6fa986d9-5090-4761-9c9f-422b3c24ce34'),
 ('13', NULL, 'm141103_000001_tag_titles', '2018-02-20 09:10:16', '2018-02-20 09:10:16', '2018-02-20 09:10:16', 'a53278a3-82a6-4676-8520-d07ce2284807'),
 ('14', NULL, 'm141109_000001_user_status_shuffle', '2018-02-20 09:10:16', '2018-02-20 09:10:16', '2018-02-20 09:10:16', '6aac7468-a103-4b4f-bc4e-f12d4cf5ade9'),
 ('15', NULL, 'm141126_000001_user_week_start_day', '2018-02-20 09:10:16', '2018-02-20 09:10:16', '2018-02-20 09:10:16', '508024c7-5c6e-42b5-84b5-399a7b9e2850'),
 ('16', NULL, 'm150210_000001_adjust_user_photo_size', '2018-02-20 09:10:16', '2018-02-20 09:10:16', '2018-02-20 09:10:16', '90193e1a-e119-4120-a319-e933a95396b5'),
 ('17', NULL, 'm150724_000001_adjust_quality_settings', '2018-02-20 09:10:16', '2018-02-20 09:10:16', '2018-02-20 09:10:16', 'c36f8e1a-73f4-4823-af45-306634f73c38'),
 ('18', NULL, 'm150827_000000_element_index_settings', '2018-02-20 09:10:16', '2018-02-20 09:10:16', '2018-02-20 09:10:16', '5c32c534-7115-4093-be81-928aedd82767'),
 ('19', NULL, 'm150918_000001_add_colspan_to_widgets', '2018-02-20 09:10:16', '2018-02-20 09:10:16', '2018-02-20 09:10:16', '1c52d9f4-a85f-4d71-9986-3486d42f803e'),
 ('20', NULL, 'm151007_000000_clear_asset_caches', '2018-02-20 09:10:16', '2018-02-20 09:10:16', '2018-02-20 09:10:16', '343deca6-416e-4be1-9c97-f5dce1b79c0b'),
 ('21', NULL, 'm151109_000000_text_url_formats', '2018-02-20 09:10:16', '2018-02-20 09:10:16', '2018-02-20 09:10:16', '703506b9-3fb5-471c-9ecd-e2014a846d36'),
 ('22', NULL, 'm151110_000000_move_logo', '2018-02-20 09:10:16', '2018-02-20 09:10:16', '2018-02-20 09:10:16', '82223bcc-f2f3-4272-bb96-da9649aa2b9d'),
 ('23', NULL, 'm151117_000000_adjust_image_widthheight', '2018-02-20 09:10:16', '2018-02-20 09:10:16', '2018-02-20 09:10:16', 'f84b9065-9cd3-4628-8bc2-662cb3dce49b'),
 ('24', NULL, 'm151127_000000_clear_license_key_status', '2018-02-20 09:10:16', '2018-02-20 09:10:16', '2018-02-20 09:10:16', 'a2c076ab-ae4a-490a-860b-0dbaf45d32b9'),
 ('25', NULL, 'm151127_000000_plugin_license_keys', '2018-02-20 09:10:16', '2018-02-20 09:10:16', '2018-02-20 09:10:16', '2145278a-612e-4f32-a181-49f5c25b7303'),
 ('26', NULL, 'm151130_000000_update_pt_widget_feeds', '2018-02-20 09:10:16', '2018-02-20 09:10:16', '2018-02-20 09:10:16', 'b853bd4e-e3b7-4428-a5e2-144d27505fe9'),
 ('27', NULL, 'm160114_000000_asset_sources_public_url_default_true', '2018-02-20 09:10:16', '2018-02-20 09:10:16', '2018-02-20 09:10:16', '2b56c8ac-ed4f-4572-b6c3-032e60e469a1'),
 ('28', NULL, 'm160223_000000_sortorder_to_smallint', '2018-02-20 09:10:16', '2018-02-20 09:10:16', '2018-02-20 09:10:16', '65e0eec5-6c88-4140-89b0-f7fa36158961'),
 ('29', NULL, 'm160229_000000_set_default_entry_statuses', '2018-02-20 09:10:16', '2018-02-20 09:10:16', '2018-02-20 09:10:16', 'efe3c6f5-71c4-48de-aad6-fac81b83f681'),
 ('30', NULL, 'm160304_000000_client_permissions', '2018-02-20 09:10:16', '2018-02-20 09:10:16', '2018-02-20 09:10:16', 'a046a048-c31b-4971-9a46-82963959dcee'),
 ('31', NULL, 'm160322_000000_asset_filesize', '2018-02-20 09:10:16', '2018-02-20 09:10:16', '2018-02-20 09:10:16', '09218b54-ec89-4cf1-bc3b-a97097e3e58c'),
 ('32', NULL, 'm160503_000000_orphaned_fieldlayouts', '2018-02-20 09:10:16', '2018-02-20 09:10:16', '2018-02-20 09:10:16', '19fa3e94-54c4-4260-b3ed-f34ef6222bb5'),
 ('33', NULL, 'm160510_000000_tasksettings', '2018-02-20 09:10:16', '2018-02-20 09:10:16', '2018-02-20 09:10:16', '2cbe968b-539b-46af-9cb8-912f15917ae4'),
 ('34', NULL, 'm160829_000000_pending_user_content_cleanup', '2018-02-20 09:10:16', '2018-02-20 09:10:16', '2018-02-20 09:10:16', '44480f06-66fa-4d41-aef9-4b48c1860c2a'),
 ('35', NULL, 'm160830_000000_asset_index_uri_increase', '2018-02-20 09:10:16', '2018-02-20 09:10:16', '2018-02-20 09:10:16', 'ed2b3986-301c-4648-9d31-9c047d5405bd'),
 ('36', NULL, 'm160919_000000_usergroup_handle_title_unique', '2018-02-20 09:10:16', '2018-02-20 09:10:16', '2018-02-20 09:10:16', '8e8ec21f-3539-4a5d-be58-ddedb51de9ab'),
 ('37', NULL, 'm161108_000000_new_version_format', '2018-02-20 09:10:16', '2018-02-20 09:10:16', '2018-02-20 09:10:16', '2b807284-3248-41bf-b943-af311f1d50aa'),
 ('38', NULL, 'm161109_000000_index_shuffle', '2018-02-20 09:10:16', '2018-02-20 09:10:16', '2018-02-20 09:10:16', '408b7dbd-6300-40bf-8e71-e79fa46f3f0a'),
 ('39', NULL, 'm170612_000000_route_index_shuffle', '2018-02-20 09:10:16', '2018-02-20 09:10:16', '2018-02-20 09:10:16', 'e7654ca7-ce6d-4df0-8904-61250e621124'),
 ('40', NULL, 'm171107_000000_assign_group_permissions', '2018-02-20 09:10:16', '2018-02-20 09:10:16', '2018-02-20 09:10:16', '59fc5c84-2509-48c6-a14e-0afeb032da83'),
 ('41', NULL, 'm171117_000001_templatecache_index_tune', '2018-02-20 09:10:16', '2018-02-20 09:10:16', '2018-02-20 09:10:16', 'a9af9765-38d3-49f6-8ddb-e11604548cb1'),
 ('42', NULL, 'm171204_000001_templatecache_index_tune_deux', '2018-02-20 09:10:16', '2018-02-20 09:10:16', '2018-02-20 09:10:16', '09f256b6-5e6d-4150-a70e-eb7172625f3c'),
 ('43', '1', 'm151225_000000_seomatic_addHumansField', '2018-03-01 10:29:18', '2018-03-01 10:29:18', '2018-03-01 10:29:18', 'c020d3e5-97ce-4f2a-92c8-b6871377e179'),
 ('44', '1', 'm151226_000000_seomatic_addTwitterFacebookFields', '2018-03-01 10:29:18', '2018-03-01 10:29:18', '2018-03-01 10:29:18', 'aeff4f4a-e656-4eb1-b775-860908843035'),
 ('45', '1', 'm160101_000000_seomatic_addRobotsFields', '2018-03-01 10:29:18', '2018-03-01 10:29:18', '2018-03-01 10:29:18', 'bdd2215e-e9e5-4cbd-b895-2028081aa844'),
 ('46', '1', 'm160111_000000_seomatic_addTitleFields', '2018-03-01 10:29:18', '2018-03-01 10:29:18', '2018-03-01 10:29:18', '38168a83-5b78-4591-b4f1-f753e310d8c2'),
 ('47', '1', 'm160122_000000_seomatic_addTypeFields', '2018-03-01 10:29:18', '2018-03-01 10:29:18', '2018-03-01 10:29:18', '4dc2be11-2d71-4efe-a0f2-3eed17de5d75'),
 ('48', '1', 'm160123_000000_seomatic_addOpeningHours', '2018-03-01 10:29:18', '2018-03-01 10:29:18', '2018-03-01 10:29:18', '7140d0c9-efa2-475d-b246-9bb220079307'),
 ('49', '1', 'm160202_000000_seomatic_addSocialHandles', '2018-03-01 10:29:18', '2018-03-01 10:29:18', '2018-03-01 10:29:18', 'cc816965-8688-4f0e-983e-498d1213bdfc'),
 ('50', '1', 'm160204_000000_seomatic_addGoogleAnalytics', '2018-03-01 10:29:18', '2018-03-01 10:29:18', '2018-03-01 10:29:18', '26fe0e7c-1600-4988-b5ae-a67e452e3e6e'),
 ('51', '1', 'm160205_000000_seomatic_addResturantMenu', '2018-03-01 10:29:18', '2018-03-01 10:29:18', '2018-03-01 10:29:18', '690277d7-6a45-4ac5-863a-04720e6f37ff'),
 ('52', '1', 'm160206_000000_seomatic_addGoogleAnalyticsPlugins', '2018-03-01 10:29:18', '2018-03-01 10:29:18', '2018-03-01 10:29:18', 'ccc72e7c-52b3-4f6f-b3dc-da3f70230534'),
 ('53', '1', 'm160206_000000_seomatic_addGoogleAnalyticsSendPageView', '2018-03-01 10:29:18', '2018-03-01 10:29:18', '2018-03-01 10:29:18', 'a9a13837-0a38-4d40-94e4-6d90eb821eb9'),
 ('54', '1', 'm160209_000000_seomatic_alterDescriptionsColumns', '2018-03-01 10:29:18', '2018-03-01 10:29:18', '2018-03-01 10:29:18', '53423320-eb13-40b0-a0f9-db5318612f85'),
 ('55', '1', 'm160209_000001_seomatic_addRobotsTxt', '2018-03-01 10:29:18', '2018-03-01 10:29:18', '2018-03-01 10:29:18', '1df2af9b-b247-4c66-a932-5e6ff0f70bf8'),
 ('56', '1', 'm160227_000000_seomatic_addFacebookAppId', '2018-03-01 10:29:18', '2018-03-01 10:29:18', '2018-03-01 10:29:18', 'a757ac1d-cf2b-4215-84b6-9c6c6b4c9e86'),
 ('57', '1', 'm160416_000000_seomatic_addContactPoints', '2018-03-01 10:29:18', '2018-03-01 10:29:18', '2018-03-01 10:29:18', '8079f59f-2c0a-42f0-972c-cd3e6f20edac'),
 ('58', '1', 'm160509_000000_seomatic_addSiteLinksBing', '2018-03-01 10:29:18', '2018-03-01 10:29:18', '2018-03-01 10:29:18', 'cd2ca5c2-3d5c-45c5-ad7d-1e8b54f6ba15'),
 ('59', '1', 'm160707_000000_seomatic_addGoogleTagManager', '2018-03-01 10:29:18', '2018-03-01 10:29:18', '2018-03-01 10:29:18', 'a4dbe8d2-8263-49db-b457-e43173165365'),
 ('60', '1', 'm160715_000000_seomatic_addSeoImageTransforms', '2018-03-01 10:29:18', '2018-03-01 10:29:18', '2018-03-01 10:29:18', '83631b34-00f5-4ef2-9ed6-6efdbd3c4efe'),
 ('61', '1', 'm160723_000000_seomatic_addSeoMainEntityOfPage', '2018-03-01 10:29:18', '2018-03-01 10:29:18', '2018-03-01 10:29:18', '1976899f-d8bf-4616-b92c-aec55d1a7ece'),
 ('62', '1', 'm160724_000000_seomatic_addSeoMainEntityCategory', '2018-03-01 10:29:18', '2018-03-01 10:29:18', '2018-03-01 10:29:18', '67605f49-5b04-48ec-ba33-7a4eafa53fc0'),
 ('63', '1', 'm160811_000000_seomatic_addVimeo', '2018-03-01 10:29:18', '2018-03-01 10:29:18', '2018-03-01 10:29:18', '96321bbc-574e-4474-88e2-6f301b594503'),
 ('64', '1', 'm160904_000000_seomatic_addTwitterFacebookImages', '2018-03-01 10:29:18', '2018-03-01 10:29:18', '2018-03-01 10:29:18', '852ac55c-a82d-49fd-918f-605d562b0b12'),
 ('65', '1', 'm161220_000000_seomatic_addPriceRange', '2018-03-01 10:29:18', '2018-03-01 10:29:18', '2018-03-01 10:29:18', '47878ef2-f1a7-4b3b-b0d6-9072d790da17'),
 ('66', '1', 'm170212_000000_seomatic_addGoogleAnalyticsAnonymizeIp', '2018-03-01 10:29:18', '2018-03-01 10:29:18', '2018-03-01 10:29:18', 'b0fad74f-1131-4183-95d1-524b7ce55f5a'),
 ('67', '1', 'm170212_000000_seomatic_addWikipedia', '2018-03-01 10:29:18', '2018-03-01 10:29:18', '2018-03-01 10:29:18', 'd9af38a7-fa13-4ea3-8055-f0fb51e59ba3'),
 ('68', '3', 'm160307_000000_searchPlus_add_index_item_table', '2018-03-05 15:44:40', '2018-03-05 15:44:40', '2018-03-05 15:44:40', '5f200326-f666-416e-bcb5-4613a4595e8e'),
 ('69', '3', 'm160829_000000_searchPlus_updateLogTableSchema', '2018-03-05 15:44:40', '2018-03-05 15:44:40', '2018-03-05 15:44:40', '08eb24eb-ded0-42d9-8837-a5502f1ee04e'),
 ('70', '3', 'm160923_000000_searchPlus_updateQueueColumnType', '2018-03-05 15:44:40', '2018-03-05 15:44:40', '2018-03-05 15:44:40', '4384001a-daf5-4603-b9e6-a79dcc67066c');



DROP TABLE IF EXISTS `craft_plugins`;


--
-- Schema for table `craft_plugins`
--
CREATE TABLE `craft_plugins` (
  `id` int(11) NOT NULL AUTO_INCREMENT,
  `class` varchar(150) COLLATE utf8_unicode_ci NOT NULL,
  `version` varchar(15) COLLATE utf8_unicode_ci NOT NULL,
  `schemaVersion` varchar(15) COLLATE utf8_unicode_ci DEFAULT NULL,
  `licenseKey` char(24) COLLATE utf8_unicode_ci DEFAULT NULL,
  `licenseKeyStatus` enum('valid','invalid','mismatched','unknown') COLLATE utf8_unicode_ci NOT NULL DEFAULT 'unknown',
  `enabled` tinyint(1) unsigned NOT NULL DEFAULT '0',
  `settings` text COLLATE utf8_unicode_ci,
  `installDate` datetime NOT NULL,
  `dateCreated` datetime NOT NULL,
  `dateUpdated` datetime NOT NULL,
  `uid` char(36) COLLATE utf8_unicode_ci NOT NULL DEFAULT '0',
  PRIMARY KEY (`id`)
) ENGINE=InnoDB AUTO_INCREMENT=4 DEFAULT CHARSET=utf8 COLLATE=utf8_unicode_ci;

--
-- Data for table `craft_plugins`
--

INSERT INTO `craft_plugins` (`id`, `class`, `version`, `schemaVersion`, `licenseKey`, `licenseKeyStatus`, `enabled`, `settings`, `installDate`, `dateCreated`, `dateUpdated`, `uid`) VALUES
 ('1', 'Seomatic', '1.1.56', '1.1.25', NULL, 'unknown', '1', NULL, '2018-03-01 10:29:18', '2018-03-01 10:29:18', '2018-04-09 14:37:02', '1cef90a8-749f-452f-a056-fedfb4ce6799'),
 ('2', 'CraftySocialShare', '0.1', NULL, NULL, 'unknown', '1', NULL, '2018-03-05 15:13:54', '2018-03-05 15:13:54', '2018-04-09 14:37:02', 'ef529ecc-4029-44f5-ab1e-a57f1ad4f59f'),
 ('3', 'SearchPlus', '1.5.2', '1.1.6.0', NULL, 'unknown', '1', '{\"algoliaSettings\":{\"applicationId\":\"0H4FZZRG72\",\"searchApiKey\":\"30247599acf6856d724592d8517f88b5\",\"adminApiKey\":\"8c724de426779040233121a63849ead6\"},\"licenseKey\":null,\"edition\":\"0\",\"logs\":null}', '2018-03-05 15:44:40', '2018-03-05 15:44:40', '2018-04-09 14:37:02', '908ded1c-135f-4a41-8296-f3de411893a1');



DROP TABLE IF EXISTS `craft_rackspaceaccess`;


--
-- Schema for table `craft_rackspaceaccess`
--
CREATE TABLE `craft_rackspaceaccess` (
  `id` int(11) NOT NULL AUTO_INCREMENT,
  `connectionKey` varchar(255) COLLATE utf8_unicode_ci NOT NULL,
  `token` varchar(255) COLLATE utf8_unicode_ci NOT NULL,
  `storageUrl` varchar(255) COLLATE utf8_unicode_ci NOT NULL,
  `cdnUrl` varchar(255) COLLATE utf8_unicode_ci NOT NULL,
  `dateCreated` datetime NOT NULL,
  `dateUpdated` datetime NOT NULL,
  `uid` char(36) COLLATE utf8_unicode_ci NOT NULL DEFAULT '0',
  PRIMARY KEY (`id`),
  UNIQUE KEY `craft_rackspaceaccess_connectionKey_unq_idx` (`connectionKey`)
) ENGINE=InnoDB DEFAULT CHARSET=utf8 COLLATE=utf8_unicode_ci;

DROP TABLE IF EXISTS `craft_relations`;


--
-- Schema for table `craft_relations`
--
CREATE TABLE `craft_relations` (
  `id` int(11) NOT NULL AUTO_INCREMENT,
  `fieldId` int(11) NOT NULL,
  `sourceId` int(11) NOT NULL,
  `sourceLocale` char(12) COLLATE utf8_unicode_ci DEFAULT NULL,
  `targetId` int(11) NOT NULL,
  `sortOrder` smallint(6) DEFAULT NULL,
  `dateCreated` datetime NOT NULL,
  `dateUpdated` datetime NOT NULL,
  `uid` char(36) COLLATE utf8_unicode_ci NOT NULL DEFAULT '0',
  PRIMARY KEY (`id`),
  UNIQUE KEY `craft_relations_fieldId_sourceId_sourceLocale_targetId_unq_idx` (`fieldId`,`sourceId`,`sourceLocale`,`targetId`),
  KEY `craft_relations_sourceId_fk` (`sourceId`),
  KEY `craft_relations_sourceLocale_fk` (`sourceLocale`),
  KEY `craft_relations_targetId_fk` (`targetId`)
) ENGINE=InnoDB AUTO_INCREMENT=360 DEFAULT CHARSET=utf8 COLLATE=utf8_unicode_ci;

--
-- Data for table `craft_relations`
--

INSERT INTO `craft_relations` (`id`, `fieldId`, `sourceId`, `sourceLocale`, `targetId`, `sortOrder`, `dateCreated`, `dateUpdated`, `uid`) VALUES
 ('90', '10', '10', NULL, '33', '1', '2018-02-22 16:06:30', '2018-02-22 16:06:30', '28492442-ffe9-44b7-9645-004cf817c4cd'),
 ('95', '10', '12', NULL, '34', '1', '2018-02-22 16:17:39', '2018-02-22 16:17:39', 'd8a1599c-54f3-4f3f-b63f-4af34f52ce5c'),
 ('159', '10', '13', NULL, '36', '1', '2018-02-24 16:38:14', '2018-02-24 16:38:14', '71218bac-5f9b-4dc8-ae8e-c797738dbe28'),
 ('166', '10', '11', NULL, '35', '1', '2018-02-26 08:26:48', '2018-02-26 08:26:48', '9cf6506a-2c73-4ce4-84ce-b7149acda645'),
 ('244', '10', '14', NULL, '37', '1', '2018-03-15 19:51:39', '2018-03-15 19:51:39', '0b006aad-9c44-4ccc-82e8-0822ec02983b'),
 ('252', '8', '22', NULL, '30', '1', '2018-03-15 19:54:40', '2018-03-15 19:54:40', '7fc566f4-50f2-492b-bf43-88ba2aa7c1b6'),
 ('253', '13', '22', NULL, '13', '1', '2018-03-15 19:54:40', '2018-03-15 19:54:40', '3a37d793-b396-40c3-b6d3-2cccc9d4f8cb'),
 ('254', '13', '22', NULL, '14', '2', '2018-03-15 19:54:40', '2018-03-15 19:54:40', 'a2feb87f-8782-4fc2-ba51-7b0ec1eee7bf'),
 ('257', '8', '21', NULL, '29', '1', '2018-03-16 11:12:37', '2018-03-16 11:12:37', 'af7f2980-ec10-43ef-b9f1-de020acfc82f'),
 ('258', '12', '21', NULL, '72', '1', '2018-03-16 11:12:37', '2018-03-16 11:12:37', '8743f75c-9eac-46ae-b17c-06c2fedef45b'),
 ('284', '11', '43', NULL, '41', '1', '2018-03-16 12:12:24', '2018-03-16 12:12:24', '375437e5-2e7e-4763-9e83-55f01786c70e'),
 ('285', '11', '43', NULL, '77', '2', '2018-03-16 12:12:24', '2018-03-16 12:12:24', '771113cc-5efa-47ac-b3f6-e0c2fefc77a0'),
 ('286', '11', '43', NULL, '78', '3', '2018-03-16 12:12:24', '2018-03-16 12:12:24', 'd989956f-cc19-4702-9971-914203d50247'),
 ('287', '11', '43', NULL, '79', '4', '2018-03-16 12:12:24', '2018-03-16 12:12:24', '8f0339fb-b03c-4cc1-9344-bc94da230b77'),
 ('288', '11', '43', NULL, '83', '5', '2018-03-16 12:12:24', '2018-03-16 12:12:24', '34602d13-4f00-45dc-a3e3-2b68bec6718e'),
 ('289', '11', '43', NULL, '80', '6', '2018-03-16 12:12:24', '2018-03-16 12:12:24', '07ab9441-a355-4f4c-b6c0-7163b3d96da4'),
 ('290', '11', '43', NULL, '82', '7', '2018-03-16 12:12:24', '2018-03-16 12:12:24', 'fedf4e1f-007e-4809-b412-b8585b2c935d'),
 ('291', '11', '43', NULL, '81', '8', '2018-03-16 12:12:24', '2018-03-16 12:12:24', '5a733320-19af-4043-9b83-1fcd3daf4ef4'),
 ('292', '22', '74', NULL, '73', '1', '2018-03-16 12:13:48', '2018-03-16 12:13:48', '07892deb-70cc-4dde-99d0-68eb21dce6ea'),
 ('299', '9', '76', NULL, '75', '1', '2018-03-16 12:19:27', '2018-03-16 12:19:27', 'c5e4bac8-fb31-4b64-88ba-ea808ca7e6b7'),
 ('303', '9', '72', NULL, '71', '1', '2018-03-16 12:21:17', '2018-03-16 12:21:17', 'dc0f3c56-08db-406a-9b21-3759842c9360'),
 ('304', '14', '72', NULL, '20', '1', '2018-03-16 12:21:17', '2018-03-16 12:21:17', '2d5b680b-c2e3-4ab8-9c9e-8ec7ee11782f'),
 ('305', '14', '72', NULL, '21', '2', '2018-03-16 12:21:17', '2018-03-16 12:21:17', 'e3706e3e-b414-4cb0-ab14-d01dca8b46cc'),
 ('306', '8', '84', NULL, '85', '1', '2018-03-16 12:42:42', '2018-03-16 12:42:42', '026861b7-bf91-401d-878e-ec28e7ef30d2'),
 ('307', '2', '84', NULL, '86', '1', '2018-03-16 12:42:42', '2018-03-16 12:42:42', 'cb8b0633-3c13-4901-8beb-91911ee544f4'),
 ('308', '2', '84', NULL, '87', '2', '2018-03-16 12:42:42', '2018-03-16 12:42:42', '75c9fc5b-b2cd-4997-9d92-05403a2e6650'),
 ('309', '2', '84', NULL, '88', '3', '2018-03-16 12:42:42', '2018-03-16 12:42:42', '548dde56-8902-4647-a7e4-a100c0862d1f'),
 ('310', '2', '84', NULL, '89', '4', '2018-03-16 12:42:42', '2018-03-16 12:42:42', '432d97d4-cd50-4a8e-ac9d-bd0b1e4d4d57'),
 ('311', '9', '90', NULL, '91', '1', '2018-03-16 12:53:39', '2018-03-16 12:53:39', '77b6ccba-ede8-4687-b7f2-4db8432b681d'),
 ('312', '9', '93', NULL, '92', '1', '2018-03-16 13:02:01', '2018-03-16 13:02:01', '6c838651-c137-4baf-bcaf-4d0ad5d3c4e7'),
 ('315', '3', '2', NULL, '39', '1', '2018-03-17 14:57:18', '2018-03-17 14:57:18', 'e950c59a-13e9-43b8-8042-f845b470ecff'),
 ('336', '8', '20', NULL, '103', '1', '2018-03-17 15:43:22', '2018-03-17 15:43:22', '9e24d40c-a7e1-4e5b-9ef4-1d9e9f0ab3b5'),
 ('337', '12', '20', NULL, '72', '1', '2018-03-17 15:43:22', '2018-03-17 15:43:22', '1915ae24-5b53-4849-a82b-58242c54717f'),
 ('344', '3', '23', NULL, '116', '1', '2018-03-18 13:21:30', '2018-03-18 13:21:30', 'd91ae970-1276-4585-82e4-07d376851a0f'),
 ('345', '7', '23', NULL, '111', '1', '2018-03-18 13:21:30', '2018-03-18 13:21:30', 'e750b2c6-c097-4bcb-9581-e52e0e449a02'),
 ('346', '7', '23', NULL, '112', '2', '2018-03-18 13:21:30', '2018-03-18 13:21:30', '0f6431ba-50f9-4905-a43b-f2aadc4c6214'),
 ('347', '7', '23', NULL, '113', '3', '2018-03-18 13:21:30', '2018-03-18 13:21:30', '5fc93533-c6cb-4cf5-b41d-744172b16227'),
 ('348', '7', '23', NULL, '114', '4', '2018-03-18 13:21:30', '2018-03-18 13:21:30', 'b599b593-dd45-4e07-9439-409001c35cb8'),
 ('349', '7', '23', NULL, '115', '5', '2018-03-18 13:21:30', '2018-03-18 13:21:30', '8e374348-dbec-464d-ad6d-2d07beff2967'),
 ('350', '8', '102', NULL, '94', '1', '2018-03-19 11:03:58', '2018-03-19 11:03:58', 'c54474cd-5e93-43a6-9ffb-cc318b3a0c77'),
 ('351', '2', '102', NULL, '95', '1', '2018-03-19 11:03:58', '2018-03-19 11:03:58', '3dc6714d-d79e-4cde-8f24-dcacae72b1b7'),
 ('352', '2', '102', NULL, '96', '2', '2018-03-19 11:03:58', '2018-03-19 11:03:58', '7ac2ac01-d897-4259-8a2d-32efcf60bec0'),
 ('353', '2', '102', NULL, '97', '3', '2018-03-19 11:03:58', '2018-03-19 11:03:58', 'f6ad2ad9-ab88-4394-85b6-77b5aa74c66b'),
 ('354', '2', '102', NULL, '86', '4', '2018-03-19 11:03:58', '2018-03-19 11:03:58', '06771540-1c53-4e71-a831-9ab4a5c241dd'),
 ('355', '2', '102', NULL, '98', '5', '2018-03-19 11:03:58', '2018-03-19 11:03:58', '59960c76-61ac-4ad0-a7f5-113d8e51ffe2'),
 ('356', '2', '102', NULL, '99', '6', '2018-03-19 11:03:58', '2018-03-19 11:03:58', '9306f18d-92c8-43b2-bfe7-d2b1b69a87ad'),
 ('357', '2', '102', NULL, '100', '7', '2018-03-19 11:03:58', '2018-03-19 11:03:58', 'd6c40f80-23a8-43a7-b191-0b4ac8751421'),
 ('358', '2', '102', NULL, '101', '8', '2018-03-19 11:03:58', '2018-03-19 11:03:58', '9154fae5-c8f7-4033-9382-9f3b1633d866'),
 ('359', '12', '102', NULL, '72', '1', '2018-03-19 11:03:58', '2018-03-19 11:03:58', '25b7dabe-1f29-464c-a535-69c0bfcb85e3');



DROP TABLE IF EXISTS `craft_routes`;


--
-- Schema for table `craft_routes`
--
CREATE TABLE `craft_routes` (
  `id` int(11) NOT NULL AUTO_INCREMENT,
  `locale` char(12) COLLATE utf8_unicode_ci DEFAULT NULL,
  `urlParts` varchar(255) COLLATE utf8_unicode_ci NOT NULL,
  `urlPattern` varchar(255) COLLATE utf8_unicode_ci NOT NULL,
  `template` varchar(255) COLLATE utf8_unicode_ci NOT NULL,
  `sortOrder` smallint(6) unsigned DEFAULT NULL,
  `dateCreated` datetime NOT NULL,
  `dateUpdated` datetime NOT NULL,
  `uid` char(36) COLLATE utf8_unicode_ci NOT NULL DEFAULT '0',
  PRIMARY KEY (`id`),
  KEY `craft_routes_locale_idx` (`locale`),
  KEY `craft_routes_urlPattern_idx` (`urlPattern`)
) ENGINE=InnoDB DEFAULT CHARSET=utf8 COLLATE=utf8_unicode_ci;

DROP TABLE IF EXISTS `craft_searchindex`;


--
-- Schema for table `craft_searchindex`
--
CREATE TABLE `craft_searchindex` (
  `elementId` int(11) NOT NULL,
  `attribute` varchar(25) COLLATE utf8_unicode_ci NOT NULL,
  `fieldId` int(11) NOT NULL,
  `locale` char(12) COLLATE utf8_unicode_ci NOT NULL,
  `keywords` text COLLATE utf8_unicode_ci NOT NULL,
  PRIMARY KEY (`elementId`,`attribute`,`fieldId`,`locale`),
  FULLTEXT KEY `craft_searchindex_keywords_idx` (`keywords`)
) ENGINE=MyISAM DEFAULT CHARSET=utf8 COLLATE=utf8_unicode_ci;

--
-- Data for table `craft_searchindex`
--

INSERT INTO `craft_searchindex` (`elementId`, `attribute`, `fieldId`, `locale`, `keywords`) VALUES
 ('1', 'username', '0', 'nl', ' dilantekin '),
 ('1', 'firstname', '0', 'nl', ' dilan '),
 ('1', 'lastname', '0', 'nl', ' tekin '),
 ('1', 'fullname', '0', 'nl', ' dilan tekin '),
 ('1', 'email', '0', 'nl', ' dilantekinmusic gmail com '),
 ('1', 'slug', '0', 'nl', ''),
 ('2', 'slug', '0', 'nl', ' homepage '),
 ('2', 'title', '0', 'nl', ' biglionpromotions '),
 ('2', 'field', '1', 'nl', ' we of big lion promotions believe in the power of live music we stand for positivity equality and love and so we are promoting and supporting bands artist and event organizers who want to bring forth that same message music has always been one of the most powerful tools to spread messages we believe in the positive message which our bands and artists bring forth we want to make it easy for events to find and program exiting and professional bands with a positive message we also don t want bands and artists to spend time thinking about their promotion and or live shows while they really should spend that time on making new music we big lion promotions take care of those things in a professional way let the artist play let the organizer organise '),
 ('75', 'kind', '0', 'nl', ' image '),
 ('75', 'slug', '0', 'nl', ' 28056670 1877371859221636 5421875706496978027 n '),
 ('75', 'title', '0', 'nl', ' 28056670 1877371859221636 5421875706496978027 n '),
 ('76', 'field', '1', 'nl', ' jah reflection is a upcoming reggae band from rotterdam with 3 real queens leading the vocals and a real horn section this band brings a real unique inspiring and happy experience to every show there playing jah reflection already did some amazing shows and they will be continuing climbing to the top for sure want to get more info about this band or do you want to book them for you re event contact biglionpromotions today '),
 ('76', 'field', '9', 'nl', ' 28056670 1877371859221636 5421875706496978027 n '),
 ('76', 'field', '19', 'nl', ''),
 ('76', 'field', '2', 'nl', ''),
 ('76', 'field', '14', 'nl', ''),
 ('76', 'field', '15', 'nl', ''),
 ('76', 'slug', '0', 'nl', ' jah reflection '),
 ('76', 'title', '0', 'nl', ' jah reflection '),
 ('75', 'extension', '0', 'nl', ' jpg '),
 ('75', 'filename', '0', 'nl', ' 28056670_1877371859221636_5421875706496978027_n jpg '),
 ('4', 'slug', '0', 'nl', ' contact '),
 ('4', 'title', '0', 'nl', ' contact '),
 ('30', 'title', '0', 'nl', ' remco hoeneveld '),
 ('22', 'field', '8', 'nl', ' remco hoeneveld '),
 ('21', 'field', '8', 'nl', ' faya milla ellis moore '),
 ('20', 'field', '8', 'nl', ' img 0542 '),
 ('31', 'filename', '0', 'nl', ' 1204 one world band_02 jpg '),
 ('31', 'extension', '0', 'nl', ' jpg '),
 ('2', 'field', '3', 'nl', ' 20139960 756858411160693 1824294467137751100 n '),
 ('30', 'kind', '0', 'nl', ' image '),
 ('30', 'slug', '0', 'nl', ' remco hoeneveld '),
 ('72', 'field', '19', 'nl', ''),
 ('72', 'field', '9', 'nl', ' img 1512 '),
 ('31', 'title', '0', 'nl', ' 1204 one world band 02 '),
 ('31', 'kind', '0', 'nl', ' image '),
 ('31', 'slug', '0', 'nl', ' 1204 one world band 02 '),
 ('10', 'field', '1', 'nl', ' lorem ipsum is simply dummy text of the printing and typesetting industry lorem ipsum has been the industry s standard dummy text ever since the 1500s when an unknown printer took a galley of type and scrambled it to make a type specimen book it has survived not only five centuries but also the leap into electronic typesetting remaining essentially unchanged it was popularised in the 1960s with the release of letraset sheets containing lorem ipsum passages and more recently with desktop publishing software like aldus pagemaker including versions of lorem ipsum '),
 ('10', 'field', '3', 'nl', ' jamaica pr6 2 14 p02 h '),
 ('10', 'field', '2', 'nl', ''),
 ('10', 'slug', '0', 'nl', ' jamaica p4 '),
 ('10', 'title', '0', 'nl', ' jamaica p4 '),
 ('11', 'field', '1', 'nl', ' lorem ipsum is simply dummy text of the printing and typesetting industry lorem ipsum has been the industry s standard dummy text ever since the 1500s when an unknown printer took a galley of type and scrambled it to make a type specimen book it has survived not only five centuries but also the leap into electronic typesetting remaining essentially unchanged it was popularised in the 1960s with the release of letraset sheets containing lorem ipsum passages and more recently with desktop publishing software like aldus pagemaker including versions of lorem ipsum '),
 ('11', 'field', '3', 'nl', ' maxresdefault '),
 ('11', 'field', '2', 'nl', ''),
 ('11', 'slug', '0', 'nl', ' sunrise 2017 '),
 ('11', 'title', '0', 'nl', ' sunrise 2017 '),
 ('12', 'field', '1', 'nl', ' lorem ipsum is simply dummy text of the printing and typesetting industry lorem ipsum has been the industry s standard dummy text ever since the 1500s when an unknown printer took a galley of type and scrambled it to make a type specimen book it has survived not only five centuries but also the leap into electronic typesetting remaining essentially unchanged it was popularised in the 1960s with the release of letraset sheets containing lorem ipsum passages and more recently with desktop publishing software like aldus pagemaker including versions of lorem ipsum '),
 ('12', 'field', '3', 'nl', ' maxresdefault 1 '),
 ('12', 'field', '2', 'nl', ''),
 ('12', 'slug', '0', 'nl', ' reggae night '),
 ('12', 'title', '0', 'nl', ' reggae night '),
 ('13', 'field', '1', 'nl', ' lorem ipsum is simply dummy text of the printing and typesetting industry lorem ipsum has been the industry s standard dummy text ever since the 1500s when an unknown printer took a galley of type and scrambled it to make a type specimen book it has survived not only five centuries but also the leap into electronic typesetting remaining essentially unchanged it was popularised in the 1960s with the release of letraset sheets containing lorem ipsum passages and more recently with desktop publishing software like aldus pagemaker including versions of lorem ipsum '),
 ('13', 'field', '3', 'nl', ' reggae night '),
 ('13', 'field', '2', 'nl', ''),
 ('13', 'slug', '0', 'nl', ' jam around the world '),
 ('13', 'title', '0', 'nl', ' jam around the world '),
 ('14', 'field', '1', 'nl', ' lorem ipsum is simply dummy text of the printing and typesetting industry lorem ipsum has been the industry s standard dummy text ever since the 1500s when an unknown printer took a galley of type and scrambled it to make a type specimen book it has survived not only five centuries but also the leap into electronic typesetting remaining essentially unchanged it was popularised in the 1960s with the release of letraset sheets containing lorem ipsum passages and more recently with desktop publishing software like aldus pagemaker including versions of lorem ipsum '),
 ('14', 'field', '3', 'nl', ' stephen ziggy marley '),
 ('14', 'field', '2', 'nl', ''),
 ('14', 'slug', '0', 'nl', ' ziggy marley ziggodome '),
 ('14', 'title', '0', 'nl', ' ziggy marley ziggodome '),
 ('30', 'extension', '0', 'nl', ' jpg '),
 ('30', 'filename', '0', 'nl', ' remco hoeneveld jpg '),
 ('29', 'title', '0', 'nl', ' faya milla ellis moore '),
 ('29', 'kind', '0', 'nl', ' image '),
 ('29', 'slug', '0', 'nl', ' faya milla ellis moore '),
 ('29', 'extension', '0', 'nl', ' jpg '),
 ('29', 'filename', '0', 'nl', ' faya milla ellis moore jpg '),
 ('28', 'slug', '0', 'nl', ' dilan '),
 ('28', 'title', '0', 'nl', ' dilan '),
 ('20', 'field', '1', 'nl', ' dilan tekin is a young and experienced guitar player he is mostly known for his time s with jah reflection and oneworldband he is known in the reggae scene for his crazy chops and many live effects besides that he also played with a lot of female singers in a unplugged set up at the moment he is performing with faya milla the lion crew you can hire this outstanding guitarist as stand in musician for acoustic and non acoustic sets do you want more info about dilan tekin or do you want to hire him for you re tour recording session unplugged session contact big lion promotions today '),
 ('20', 'field', '3', 'nl', ' dilan '),
 ('20', 'field', '2', 'nl', ''),
 ('20', 'slug', '0', 'nl', ' dilan tekin '),
 ('20', 'title', '0', 'nl', ' dilan tekin '),
 ('21', 'field', '1', 'nl', ' faya milla is a well known and professional reggae dancehall singer from surinam he has been around for a longtime known for his work with weeniemansound and oneworldband at this time he is the lead singer in faya milla the lion crew faya milla can be booked with his band or solo '),
 ('21', 'field', '3', 'nl', ' faya milla ellis moore '),
 ('21', 'field', '2', 'nl', ''),
 ('21', 'slug', '0', 'nl', ' faya milla '),
 ('21', 'title', '0', 'nl', ' faya milla '),
 ('22', 'field', '1', 'nl', ' lorem ipsum l lorem ipsum dolor sit amet consectetuer adipiscing elit aenean commodo ligula eget dolor aenean massa cum sociis natoque penatibus et magnis dis parturient montes nascetur ridiculus mus donec quam felis ultricies nec pellentesque eu pretium quis sem nulla consequat massa quis enim donec '),
 ('22', 'field', '3', 'nl', ' remco hoeneveld '),
 ('22', 'field', '2', 'nl', ''),
 ('22', 'slug', '0', 'nl', ' remco hoeneveld '),
 ('22', 'title', '0', 'nl', ' remco hoeneveld '),
 ('23', 'slug', '0', 'nl', ' backline '),
 ('23', 'title', '0', 'nl', ' backline '),
 ('111', 'slug', '0', 'nl', ' img 0025 min '),
 ('111', 'kind', '0', 'nl', ' image '),
 ('111', 'title', '0', 'nl', ' img 0025 min '),
 ('112', 'filename', '0', 'nl', ' img_0042 min jpg '),
 ('112', 'extension', '0', 'nl', ' jpg '),
 ('112', 'kind', '0', 'nl', ' image '),
 ('112', 'slug', '0', 'nl', ' img 0042 min '),
 ('112', 'title', '0', 'nl', ' img 0042 min '),
 ('113', 'filename', '0', 'nl', ' img_0030 min jpg '),
 ('113', 'extension', '0', 'nl', ' jpg '),
 ('113', 'kind', '0', 'nl', ' image ');
INSERT INTO `craft_searchindex` (`elementId`, `attribute`, `fieldId`, `locale`, `keywords`) VALUES
 ('113', 'slug', '0', 'nl', ' img 0030 min '),
 ('28', 'kind', '0', 'nl', ' image '),
 ('28', 'extension', '0', 'nl', ' jpg '),
 ('28', 'filename', '0', 'nl', ' dilan jpg '),
 ('23', 'field', '1', 'nl', ' besides bands and artists we also provide a complete backline if necessary this is a professional backline fit for a 300 men crowd you can book the backline with or without a sound engineer this way we make it easy for you to organise you re event you can hire just the backline or you can take a band and the backline how big do you want you re event to be that is up to you '),
 ('77', 'title', '0', 'nl', ' jah reflection live patronaat '),
 ('78', 'filename', '0', 'nl', ' images jpeg '),
 ('78', 'extension', '0', 'nl', ' jpeg '),
 ('78', 'kind', '0', 'nl', ' image '),
 ('78', 'slug', '0', 'nl', ' images '),
 ('78', 'title', '0', 'nl', ' jah reflection live patronaat '),
 ('79', 'filename', '0', 'nl', ' 28279624_1877371779221644_6193034956393010356_n jpg '),
 ('23', 'field', '3', 'nl', ' img 0040 min '),
 ('23', 'field', '2', 'nl', ''),
 ('23', 'field', '4', 'nl', ' besides the backline it is also possible to book a band or artist for you re event you re whole event could be on this site '),
 ('77', 'kind', '0', 'nl', ' image '),
 ('77', 'slug', '0', 'nl', ' 28280073 1877371602554995 948806552053151380 n '),
 ('74', 'field', '1', 'nl', ' just in the very talented and promising reggae band the lion crew signed with biglionpromotions we are very happy to be working with one of the most talented group of the country there album is set to release in april this year and so there are some exiting times ahead of us to give you a taste '),
 ('73', 'kind', '0', 'nl', ' image '),
 ('73', 'extension', '0', 'nl', ' jpg '),
 ('73', 'filename', '0', 'nl', ' img_1097 jpg '),
 ('23', 'field', '6', 'nl', ' the most profitable deal you can make with hiring the backline and booking a band you l reduce travel costs '),
 ('77', 'extension', '0', 'nl', ' jpg '),
 ('68', 'name', '0', 'nl', ' back '),
 ('68', 'slug', '0', 'nl', ' back '),
 ('68', 'title', '0', 'nl', ' back '),
 ('69', 'filename', '0', 'nl', ' chilling 6 jpg '),
 ('69', 'extension', '0', 'nl', ' jpg '),
 ('69', 'kind', '0', 'nl', ' image '),
 ('69', 'slug', '0', 'nl', ' chilling 6 '),
 ('69', 'title', '0', 'nl', ' chilling 6 '),
 ('74', 'field', '2', 'nl', ''),
 ('74', 'field', '22', 'nl', ' img 1097 '),
 ('74', 'field', '17', 'nl', ' center '),
 ('74', 'slug', '0', 'nl', ' faya milla the lion crew joint biglionpromotions '),
 ('74', 'title', '0', 'nl', ' faya milla the lion crew joins biglionpromotions '),
 ('23', 'field', '5', 'nl', ' for just the backline you can mail and ask biglionpromotions for a quotation prices will differ cause of distance and duration of the event '),
 ('77', 'filename', '0', 'nl', ' 28280073_1877371602554995_948806552053151380_n jpg '),
 ('64', 'filename', '0', 'nl', ' hurricane reggae band jpg '),
 ('64', 'extension', '0', 'nl', ' jpg '),
 ('64', 'kind', '0', 'nl', ' image '),
 ('64', 'slug', '0', 'nl', ' hurricane reggae band '),
 ('64', 'title', '0', 'nl', ' hurricane reggae band '),
 ('65', 'name', '0', 'nl', ' band c '),
 ('65', 'slug', '0', 'nl', ' band c '),
 ('65', 'title', '0', 'nl', ' band c '),
 ('66', 'name', '0', 'nl', ' b '),
 ('66', 'slug', '0', 'nl', ' b '),
 ('66', 'title', '0', 'nl', ' b '),
 ('67', 'name', '0', 'nl', ' band '),
 ('67', 'slug', '0', 'nl', ' band '),
 ('67', 'title', '0', 'nl', ' band '),
 ('23', 'field', '7', 'nl', ' img 0025 min img 0042 min img 0030 min img 0034 min img 0040 min '),
 ('71', 'extension', '0', 'nl', ' jpg '),
 ('71', 'filename', '0', 'nl', ' img_1512 jpg '),
 ('33', 'filename', '0', 'nl', ' jamaicapr6_2_14p02h jpg '),
 ('33', 'extension', '0', 'nl', ' jpg '),
 ('33', 'kind', '0', 'nl', ' image '),
 ('33', 'slug', '0', 'nl', ' jamaica pr6 2 14 p02 h '),
 ('33', 'title', '0', 'nl', ' jamaica pr6 2 14 p02 h '),
 ('34', 'filename', '0', 'nl', ' maxresdefault 1 jpg '),
 ('34', 'extension', '0', 'nl', ' jpg '),
 ('34', 'kind', '0', 'nl', ' image '),
 ('34', 'slug', '0', 'nl', ' maxresdefault 1 '),
 ('34', 'title', '0', 'nl', ' maxresdefault 1 '),
 ('35', 'filename', '0', 'nl', ' maxresdefault jpg '),
 ('35', 'extension', '0', 'nl', ' jpg '),
 ('35', 'kind', '0', 'nl', ' image '),
 ('35', 'slug', '0', 'nl', ' maxresdefault '),
 ('35', 'title', '0', 'nl', ' maxresdefault '),
 ('36', 'filename', '0', 'nl', ' reggae night jpg '),
 ('36', 'extension', '0', 'nl', ' jpg '),
 ('36', 'kind', '0', 'nl', ' image '),
 ('36', 'slug', '0', 'nl', ' reggae night '),
 ('36', 'title', '0', 'nl', ' reggae night '),
 ('37', 'filename', '0', 'nl', ' stephenziggymarley jpg '),
 ('37', 'extension', '0', 'nl', ' jpg '),
 ('37', 'kind', '0', 'nl', ' image '),
 ('37', 'slug', '0', 'nl', ' stephen ziggy marley '),
 ('37', 'title', '0', 'nl', ' stephen ziggy marley '),
 ('14', 'field', '10', 'nl', ' stephen ziggy marley '),
 ('13', 'field', '10', 'nl', ' reggae night '),
 ('12', 'field', '10', 'nl', ' maxresdefault 1 '),
 ('10', 'field', '10', 'nl', ' jamaica pr6 2 14 p02 h '),
 ('11', 'field', '10', 'nl', ' maxresdefault '),
 ('38', 'filename', '0', 'nl', ' 20108570_756867254493142_1608030923218655468_n jpg '),
 ('38', 'extension', '0', 'nl', ' jpg '),
 ('38', 'kind', '0', 'nl', ' image '),
 ('38', 'slug', '0', 'nl', ' 20108570 756867254493142 1608030923218655468 n '),
 ('38', 'title', '0', 'nl', ' 20108570 756867254493142 1608030923218655468 n '),
 ('39', 'filename', '0', 'nl', ' 20139960_756858411160693_1824294467137751100_n jpg '),
 ('39', 'extension', '0', 'nl', ' jpg '),
 ('39', 'kind', '0', 'nl', ' image '),
 ('39', 'slug', '0', 'nl', ' 20139960 756858411160693 1824294467137751100 n '),
 ('39', 'title', '0', 'nl', ' 20139960 756858411160693 1824294467137751100 n '),
 ('40', 'filename', '0', 'nl', ' 20108570_756867254493142_1608030923218655468_n jpg '),
 ('40', 'extension', '0', 'nl', ' jpg '),
 ('40', 'kind', '0', 'nl', ' image '),
 ('40', 'slug', '0', 'nl', ' 20108570 756867254493142 1608030923218655468 n '),
 ('40', 'title', '0', 'nl', ' 20108570 756867254493142 1608030923218655468 n ');
INSERT INTO `craft_searchindex` (`elementId`, `attribute`, `fieldId`, `locale`, `keywords`) VALUES
 ('41', 'filename', '0', 'nl', ' 20139960_756858411160693_1824294467137751100_n jpg '),
 ('41', 'extension', '0', 'nl', ' jpg '),
 ('41', 'kind', '0', 'nl', ' image '),
 ('41', 'slug', '0', 'nl', ' 20139960 756858411160693 1824294467137751100 n '),
 ('41', 'title', '0', 'nl', ' faya milla the lion crew '),
 ('42', 'filename', '0', 'nl', ' 1204 one world band_02 jpg '),
 ('42', 'extension', '0', 'nl', ' jpg '),
 ('42', 'kind', '0', 'nl', ' image '),
 ('42', 'slug', '0', 'nl', ' 1204 one world band 02 '),
 ('42', 'title', '0', 'nl', ' one world band '),
 ('43', 'slug', '0', 'nl', ' media '),
 ('43', 'title', '0', 'nl', ' media '),
 ('43', 'field', '11', 'nl', ' faya milla the lion crew jah reflection live patronaat jah reflection live patronaat jah reflection live patronaat jah reflection live hilversum faya milla the lion crew live popcentrale dordrecht faya milla the lion crew live house of reggae vlissingen faya milla the lion crew live cafe de blokkies dordrecht '),
 ('44', 'filename', '0', 'nl', ' backline jpg '),
 ('44', 'extension', '0', 'nl', ' jpg '),
 ('44', 'kind', '0', 'nl', ' image '),
 ('44', 'slug', '0', 'nl', ' backline '),
 ('44', 'title', '0', 'nl', ' backline '),
 ('20', 'field', '12', 'nl', ' faya milla the lion crew '),
 ('20', 'field', '13', 'nl', ''),
 ('21', 'field', '12', 'nl', ' faya milla the lion crew '),
 ('21', 'field', '13', 'nl', ''),
 ('22', 'field', '12', 'nl', ''),
 ('22', 'field', '13', 'nl', ' jam around the world ziggy marley ziggodome '),
 ('72', 'field', '1', 'nl', ' after the break up of the famous oneworldband the singer guitarist and key player decided that their time wasn t over yet and so they began a new group called faya milla the lion crew the combination of their talent and experience promises a lot of good to come for the reggae scene in holland there new album is set to release in april 2018 and so their album tour will be planned in the spring and summer of 2018 do you want more info about this band or book this band for you re event contact biglionpromotions today faya milla the lion crew '),
 ('45', 'filename', '0', 'nl', ' wc1696785 png '),
 ('45', 'extension', '0', 'nl', ' png '),
 ('45', 'kind', '0', 'nl', ' image '),
 ('45', 'slug', '0', 'nl', ' wc1696785 '),
 ('45', 'title', '0', 'nl', ' wc1696785 '),
 ('46', 'filename', '0', 'nl', ' wc1696786 jpg '),
 ('46', 'extension', '0', 'nl', ' jpg '),
 ('46', 'kind', '0', 'nl', ' image '),
 ('46', 'slug', '0', 'nl', ' wc1696786 '),
 ('46', 'title', '0', 'nl', ' wc1696786 '),
 ('47', 'filename', '0', 'nl', ' wc1696789 jpg '),
 ('47', 'extension', '0', 'nl', ' jpg '),
 ('47', 'kind', '0', 'nl', ' image '),
 ('47', 'slug', '0', 'nl', ' wc1696789 '),
 ('47', 'title', '0', 'nl', ' wc1696789 '),
 ('48', 'filename', '0', 'nl', ' wc1696790 jpg '),
 ('48', 'extension', '0', 'nl', ' jpg '),
 ('48', 'kind', '0', 'nl', ' image '),
 ('48', 'slug', '0', 'nl', ' wc1696790 '),
 ('48', 'title', '0', 'nl', ' wc1696790 '),
 ('49', 'filename', '0', 'nl', ' wc1696791 jpg '),
 ('49', 'extension', '0', 'nl', ' jpg '),
 ('49', 'kind', '0', 'nl', ' image '),
 ('49', 'slug', '0', 'nl', ' wc1696791 '),
 ('49', 'title', '0', 'nl', ' wc1696791 '),
 ('50', 'filename', '0', 'nl', ' wc1696805 jpg '),
 ('50', 'extension', '0', 'nl', ' jpg '),
 ('50', 'kind', '0', 'nl', ' image '),
 ('50', 'slug', '0', 'nl', ' wc1696805 '),
 ('50', 'title', '0', 'nl', ' wc1696805 '),
 ('51', 'filename', '0', 'nl', ' wc1696809 jpg '),
 ('51', 'extension', '0', 'nl', ' jpg '),
 ('51', 'kind', '0', 'nl', ' image '),
 ('51', 'slug', '0', 'nl', ' wc1696809 '),
 ('51', 'title', '0', 'nl', ' wc1696809 '),
 ('52', 'filename', '0', 'nl', ' wc1696811 jpg '),
 ('52', 'extension', '0', 'nl', ' jpg '),
 ('52', 'kind', '0', 'nl', ' image '),
 ('52', 'slug', '0', 'nl', ' wc1696811 '),
 ('52', 'title', '0', 'nl', ' wc1696811 '),
 ('53', 'filename', '0', 'nl', ' wc1696813 jpg '),
 ('53', 'extension', '0', 'nl', ' jpg '),
 ('53', 'kind', '0', 'nl', ' image '),
 ('53', 'slug', '0', 'nl', ' wc1696813 '),
 ('53', 'title', '0', 'nl', ' wc1696813 '),
 ('54', 'filename', '0', 'nl', ' wc1696814 jpg '),
 ('54', 'extension', '0', 'nl', ' jpg '),
 ('54', 'kind', '0', 'nl', ' image '),
 ('54', 'slug', '0', 'nl', ' wc1696814 '),
 ('54', 'title', '0', 'nl', ' wc1696814 '),
 ('55', 'filename', '0', 'nl', ' wc1696817 jpg '),
 ('55', 'extension', '0', 'nl', ' jpg '),
 ('55', 'kind', '0', 'nl', ' image '),
 ('55', 'slug', '0', 'nl', ' wc1696817 '),
 ('55', 'title', '0', 'nl', ' wc1696817 '),
 ('13', 'field', '16', 'nl', ''),
 ('11', 'field', '16', 'nl', ' one world band '),
 ('10', 'field', '16', 'nl', ' one world band '),
 ('12', 'field', '16', 'nl', ' one world band '),
 ('14', 'field', '17', 'nl', ' top '),
 ('14', 'field', '16', 'nl', ''),
 ('12', 'field', '17', 'nl', ' top '),
 ('11', 'field', '17', 'nl', ' center '),
 ('56', 'filename', '0', 'nl', ' dubtonic kru jpg '),
 ('56', 'extension', '0', 'nl', ' jpg '),
 ('56', 'kind', '0', 'nl', ' image '),
 ('56', 'slug', '0', 'nl', ' dubtonic kru '),
 ('56', 'title', '0', 'nl', ' dubtonic kru '),
 ('57', 'filename', '0', 'nl', ' hurricane reggae band jpg '),
 ('57', 'extension', '0', 'nl', ' jpg '),
 ('57', 'kind', '0', 'nl', ' image '),
 ('57', 'slug', '0', 'nl', ' hurricane reggae band '),
 ('57', 'title', '0', 'nl', ' hurricane reggae band '),
 ('58', 'filename', '0', 'nl', ' rubera roots band photo 11 jpg '),
 ('58', 'extension', '0', 'nl', ' jpg ');
INSERT INTO `craft_searchindex` (`elementId`, `attribute`, `fieldId`, `locale`, `keywords`) VALUES
 ('58', 'kind', '0', 'nl', ' image '),
 ('58', 'slug', '0', 'nl', ' rubera roots band photo 11 '),
 ('58', 'title', '0', 'nl', ' rubera roots band photo 11 '),
 ('72', 'title', '0', 'nl', ' faya milla the lion crew '),
 ('72', 'slug', '0', 'nl', ' faya milla the lion crew '),
 ('72', 'field', '15', 'nl', ''),
 ('72', 'field', '14', 'nl', ' dilan tekin faya milla '),
 ('72', 'field', '2', 'nl', ''),
 ('22', 'field', '18', 'nl', ' producer '),
 ('20', 'field', '18', 'nl', ' gitarist '),
 ('21', 'field', '18', 'nl', ' zanger '),
 ('62', 'slug', '0', 'nl', ' aaeaaqaaaaaaaazsaaaajdu2 nj q3 zdew ltcx yzkt ndrj zs1i nm rk ltdh otk1 mj ez nti4 nq '),
 ('62', 'kind', '0', 'nl', ' image '),
 ('62', 'extension', '0', 'nl', ' jpg '),
 ('62', 'filename', '0', 'nl', ' aaeaaqaaaaaaaazsaaaajdu2njq3zdewltcxyzktndrjzs1inmrkltdhotk1mjeznti4nq jpg '),
 ('13', 'field', '17', 'nl', ' top '),
 ('62', 'title', '0', 'nl', ' aaeaaqaaaaaaaazsaaaajdu2 nj q3 zdew ltcx yzkt ndrj zs1i nm rk ltdh otk1 mj ez nti4 nq '),
 ('63', 'filename', '0', 'nl', ' aamaagdgaawaaqaaaaaaabfkaaaajdjkmjq4ytm4lwjlztytndm0ns1hmtixlte1zmyyndzhmju5mg jpg '),
 ('63', 'extension', '0', 'nl', ' jpg '),
 ('63', 'kind', '0', 'nl', ' image '),
 ('63', 'slug', '0', 'nl', ' aamaag dgaaw aaqaaaaaaabfk aaaajdjk mj q4 ytm4 lwjl ztyt ndm0 ns1h mtix lte1 zm yy ndzh mj u5 mg '),
 ('63', 'title', '0', 'nl', ' aamaag dgaaw aaqaaaaaaabfk aaaajdjk mj q4 ytm4 lwjl ztyt ndm0 ns1h mtix lte1 zm yy ndzh mj u5 mg '),
 ('11', 'field', '21', 'nl', ' 220655213 '),
 ('71', 'kind', '0', 'nl', ' image '),
 ('71', 'slug', '0', 'nl', ' img 1512 '),
 ('71', 'title', '0', 'nl', ' img 1512 '),
 ('13', 'field', '20', 'nl', ' bqlhsf1hlsw '),
 ('11', 'field', '20', 'nl', ' olxnswhkspe '),
 ('73', 'slug', '0', 'nl', ' img 1097 '),
 ('73', 'title', '0', 'nl', ' img 1097 '),
 ('22', 'field', '20', 'nl', ''),
 ('22', 'field', '21', 'nl', ''),
 ('20', 'field', '20', 'nl', ''),
 ('20', 'field', '21', 'nl', ''),
 ('21', 'field', '20', 'nl', ' sl61_4lghne '),
 ('21', 'field', '21', 'nl', ''),
 ('14', 'field', '20', 'nl', ' w63jf eyini '),
 ('14', 'field', '21', 'nl', ''),
 ('76', 'field', '20', 'nl', ' x 6kiewe1oc '),
 ('76', 'field', '21', 'nl', ''),
 ('74', 'field', '20', 'nl', ' zgsr kcqfha '),
 ('74', 'field', '21', 'nl', ''),
 ('79', 'extension', '0', 'nl', ' jpg '),
 ('79', 'kind', '0', 'nl', ' image '),
 ('79', 'slug', '0', 'nl', ' 28279624 1877371779221644 6193034956393010356 n '),
 ('79', 'title', '0', 'nl', ' jah reflection live patronaat '),
 ('80', 'filename', '0', 'nl', ' img_0382 jpg '),
 ('80', 'extension', '0', 'nl', ' jpg '),
 ('80', 'kind', '0', 'nl', ' image '),
 ('80', 'slug', '0', 'nl', ' img 0382 '),
 ('80', 'title', '0', 'nl', ' faya milla the lion crew live popcentrale dordrecht '),
 ('81', 'filename', '0', 'nl', ' img_0546 jpg '),
 ('81', 'extension', '0', 'nl', ' jpg '),
 ('81', 'kind', '0', 'nl', ' image '),
 ('81', 'slug', '0', 'nl', ' img 0546 '),
 ('81', 'title', '0', 'nl', ' faya milla the lion crew live cafe de blokkies dordrecht '),
 ('82', 'filename', '0', 'nl', ' img_0996 jpg '),
 ('82', 'extension', '0', 'nl', ' jpg '),
 ('82', 'kind', '0', 'nl', ' image '),
 ('82', 'slug', '0', 'nl', ' img 0996 '),
 ('82', 'title', '0', 'nl', ' faya milla the lion crew live house of reggae vlissingen '),
 ('83', 'filename', '0', 'nl', ' 23130849_1822400578052098_7207604243906461992_n jpg '),
 ('83', 'extension', '0', 'nl', ' jpg '),
 ('83', 'kind', '0', 'nl', ' image '),
 ('83', 'slug', '0', 'nl', ' 23130849 1822400578052098 7207604243906461992 n '),
 ('83', 'title', '0', 'nl', ' jah reflection live hilversum '),
 ('72', 'field', '20', 'nl', ' bqlhsf1hlsw '),
 ('72', 'field', '21', 'nl', ''),
 ('84', 'field', '1', 'nl', ' dj linnorass irie is a proffesional reggae dj selecta from arnhem known for his wide range of tunes this dj is fit for every reggae dancehall event for in between bands or for a solo set do you want more info or book dj linnorrass irie contact big lion promotions today and see what the options are '),
 ('84', 'field', '8', 'nl', ' 22539971 892744267560183 2524640041173466196 n '),
 ('84', 'field', '18', 'nl', ' deejay '),
 ('84', 'field', '2', 'nl', ' reggae dj selecta events '),
 ('84', 'field', '12', 'nl', ''),
 ('84', 'field', '13', 'nl', ''),
 ('84', 'field', '20', 'nl', ''),
 ('84', 'field', '21', 'nl', ''),
 ('84', 'slug', '0', 'nl', ' dj linnorass irie '),
 ('84', 'title', '0', 'nl', ' dj linnorass irie '),
 ('85', 'filename', '0', 'nl', ' 22539971_892744267560183_2524640041173466196_n jpg '),
 ('85', 'extension', '0', 'nl', ' jpg '),
 ('85', 'kind', '0', 'nl', ' image '),
 ('85', 'slug', '0', 'nl', ' 22539971 892744267560183 2524640041173466196 n '),
 ('85', 'title', '0', 'nl', ' 22539971 892744267560183 2524640041173466196 n '),
 ('86', 'name', '0', 'nl', ' reggae '),
 ('86', 'slug', '0', 'nl', ' reggae '),
 ('86', 'title', '0', 'nl', ' reggae '),
 ('87', 'name', '0', 'nl', ' dj '),
 ('87', 'slug', '0', 'nl', ' dj '),
 ('87', 'title', '0', 'nl', ' dj '),
 ('88', 'name', '0', 'nl', ' selecta '),
 ('88', 'slug', '0', 'nl', ' selecta '),
 ('88', 'title', '0', 'nl', ' selecta '),
 ('89', 'name', '0', 'nl', ' events '),
 ('89', 'slug', '0', 'nl', ' events '),
 ('89', 'title', '0', 'nl', ' events '),
 ('90', 'field', '1', 'nl', ' dreadless is a successful and long time running reggae band from dordrecht they have been playing with and for many singers tuff lion harry mo ras iba u brown and anthony johnson dreadless is without a doubt one of the most experienced bands on the biglionpromotions roster '),
 ('90', 'field', '9', 'nl', ' dreadless '),
 ('90', 'field', '2', 'nl', ''),
 ('90', 'field', '19', 'nl', ' https open spotify com album 7rgyfs5giy2buhal6xwz5t si=4z0plt0jt asl5c4d5p2dq '),
 ('90', 'field', '20', 'nl', ' bna3oqmeys0 ');
INSERT INTO `craft_searchindex` (`elementId`, `attribute`, `fieldId`, `locale`, `keywords`) VALUES
 ('90', 'field', '21', 'nl', ''),
 ('90', 'field', '14', 'nl', ''),
 ('90', 'field', '15', 'nl', ''),
 ('90', 'slug', '0', 'nl', ' dreadless '),
 ('90', 'title', '0', 'nl', ' dreadless '),
 ('91', 'filename', '0', 'nl', ' dreadless jpg '),
 ('91', 'extension', '0', 'nl', ' jpg '),
 ('91', 'kind', '0', 'nl', ' image '),
 ('91', 'slug', '0', 'nl', ' dreadless '),
 ('91', 'title', '0', 'nl', ' dreadless '),
 ('92', 'filename', '0', 'nl', ' 0205 bagjuice jpg '),
 ('92', 'extension', '0', 'nl', ' jpg '),
 ('92', 'kind', '0', 'nl', ' image '),
 ('92', 'slug', '0', 'nl', ' 0205 bagjuice '),
 ('92', 'title', '0', 'nl', ' 0205 bagjuice '),
 ('93', 'field', '1', 'nl', ' bagjuice is dub band form amsterdam there music is experimental and hard to describe one thing is for sure though they will turn it into a party they have been on the scene quite some years now and not without succes with two released ep s and shows all over holland this band is making the way form something greater '),
 ('93', 'field', '9', 'nl', ' 0205 bagjuice '),
 ('93', 'field', '2', 'nl', ''),
 ('93', 'field', '19', 'nl', ' https open spotify com album 5ssdbcyucoe0ivevoqarse si=s4 b celrxkwmhxqdlyszw '),
 ('93', 'field', '20', 'nl', ' pduyo9xoyje '),
 ('93', 'field', '21', 'nl', ''),
 ('93', 'field', '14', 'nl', ''),
 ('93', 'field', '15', 'nl', ''),
 ('93', 'slug', '0', 'nl', ' bagjuice '),
 ('93', 'title', '0', 'nl', ' bagjuice '),
 ('94', 'filename', '0', 'nl', ' 21765198_1894742003877118_2870345100433033715_n jpg '),
 ('94', 'extension', '0', 'nl', ' jpg '),
 ('94', 'kind', '0', 'nl', ' image '),
 ('94', 'slug', '0', 'nl', ' 21765198 1894742003877118 2870345100433033715 n '),
 ('94', 'title', '0', 'nl', ' 21765198 1894742003877118 2870345100433033715 n '),
 ('95', 'name', '0', 'nl', ' producer '),
 ('95', 'slug', '0', 'nl', ' producer '),
 ('95', 'title', '0', 'nl', ' producer '),
 ('96', 'name', '0', 'nl', ' keyplayer '),
 ('96', 'slug', '0', 'nl', ' keyplayer '),
 ('96', 'title', '0', 'nl', ' keyplayer '),
 ('97', 'name', '0', 'nl', ' keyboard '),
 ('97', 'slug', '0', 'nl', ' keyboard '),
 ('97', 'title', '0', 'nl', ' keyboard '),
 ('98', 'name', '0', 'nl', ' roots '),
 ('98', 'slug', '0', 'nl', ' roots '),
 ('98', 'title', '0', 'nl', ' roots '),
 ('99', 'name', '0', 'nl', ' the lion crew '),
 ('99', 'slug', '0', 'nl', ' the lion crew '),
 ('99', 'title', '0', 'nl', ' the lion crew '),
 ('100', 'name', '0', 'nl', ' faya milla '),
 ('100', 'slug', '0', 'nl', ' faya milla '),
 ('100', 'title', '0', 'nl', ' faya milla '),
 ('101', 'name', '0', 'nl', ' toetsenist '),
 ('101', 'slug', '0', 'nl', ' toetsenist '),
 ('101', 'title', '0', 'nl', ' toetsenist '),
 ('102', 'field', '1', 'nl', ' premchand is a professional producer and key player at the moment he is performing with faya milla the lion crew premchand has seen it all as he played at zwarte cross rastaplas keti koti cannabis bevrijdingsdag festival just to name a few he is a musician with a ton of experience and one of the most wanted key players from rotterdam if that wasn t enough premchand is also a professional producer we are proud to represent premchand on the big lion roster do you want more info about this amazing musician or do you want to hire premchand for a show tour recording session or as producer contact big lion promotions today '),
 ('102', 'field', '8', 'nl', ' 21765198 1894742003877118 2870345100433033715 n '),
 ('102', 'field', '18', 'nl', ' toetsenist '),
 ('102', 'field', '2', 'nl', ' producer keyplayer keyboard reggae roots the lion crew faya milla toetsenist '),
 ('102', 'field', '12', 'nl', ' faya milla the lion crew '),
 ('102', 'field', '13', 'nl', ''),
 ('102', 'field', '20', 'nl', ' m1im3pxkybk '),
 ('102', 'field', '21', 'nl', ''),
 ('102', 'slug', '0', 'nl', ' prem '),
 ('102', 'title', '0', 'nl', ' premchand mangal '),
 ('103', 'filename', '0', 'nl', ' img_0542 jpg '),
 ('103', 'extension', '0', 'nl', ' jpg '),
 ('103', 'kind', '0', 'nl', ' image '),
 ('103', 'slug', '0', 'nl', ' img 0542 '),
 ('103', 'title', '0', 'nl', ' img 0542 '),
 ('111', 'extension', '0', 'nl', ' jpg '),
 ('111', 'filename', '0', 'nl', ' img_0025 min jpg '),
 ('110', 'title', '0', 'nl', ' img 0042 '),
 ('110', 'slug', '0', 'nl', ' img 0042 '),
 ('110', 'kind', '0', 'nl', ' image '),
 ('110', 'extension', '0', 'nl', ' jpg '),
 ('110', 'filename', '0', 'nl', ' img_0042 jpg '),
 ('113', 'title', '0', 'nl', ' img 0030 min '),
 ('114', 'filename', '0', 'nl', ' img_0034 min jpg '),
 ('114', 'extension', '0', 'nl', ' jpg '),
 ('114', 'kind', '0', 'nl', ' image '),
 ('114', 'slug', '0', 'nl', ' img 0034 min '),
 ('114', 'title', '0', 'nl', ' img 0034 min '),
 ('115', 'filename', '0', 'nl', ' img_0040 min jpg '),
 ('115', 'extension', '0', 'nl', ' jpg '),
 ('115', 'kind', '0', 'nl', ' image '),
 ('115', 'slug', '0', 'nl', ' img 0040 min '),
 ('115', 'title', '0', 'nl', ' img 0040 min '),
 ('116', 'filename', '0', 'nl', ' img_0040 min jpg '),
 ('116', 'extension', '0', 'nl', ' jpg '),
 ('116', 'kind', '0', 'nl', ' image '),
 ('116', 'slug', '0', 'nl', ' img 0040 min '),
 ('116', 'title', '0', 'nl', ' img 0040 min ');



DROP TABLE IF EXISTS `craft_searchplus_algoliamap`;


--
-- Schema for table `craft_searchplus_algoliamap`
--
CREATE TABLE `craft_searchplus_algoliamap` (
  `id` int(11) NOT NULL AUTO_INCREMENT,
  `name` varchar(255) COLLATE utf8_unicode_ci NOT NULL,
  `handle` varchar(255) COLLATE utf8_unicode_ci NOT NULL,
  `indexMap` text COLLATE utf8_unicode_ci,
  `sectionMap` text COLLATE utf8_unicode_ci,
  `contentMap` text COLLATE utf8_unicode_ci,
  `status` enum('enabled','disabled','pending') COLLATE utf8_unicode_ci DEFAULT 'pending',
  `data` text COLLATE utf8_unicode_ci,
  `enabledMulti` tinyint(1) unsigned NOT NULL DEFAULT '0',
  `dateCreated` datetime NOT NULL,
  `dateUpdated` datetime NOT NULL,
  `uid` char(36) COLLATE utf8_unicode_ci NOT NULL DEFAULT '0',
  PRIMARY KEY (`id`)
) ENGINE=InnoDB AUTO_INCREMENT=2 DEFAULT CHARSET=utf8 COLLATE=utf8_unicode_ci;

--
-- Data for table `craft_searchplus_algoliamap`
--

INSERT INTO `craft_searchplus_algoliamap` (`id`, `name`, `handle`, `indexMap`, `sectionMap`, `contentMap`, `status`, `data`, `enabledMulti`, `dateCreated`, `dateUpdated`, `uid`) VALUES
 ('1', 'Index website', 'index-website', '{\"*\":\"index-website\"}', '{\"elements\":[\"Entry\",\"Category\"],\"options\":{\"Entry\":{\"sections\":[\"3\",\"5\",\"10\",\"2\",\"8\"]}}}', 'basic', 'pending', NULL, '0', '2018-03-05 15:46:16', '2018-03-05 15:47:48', '10c1e661-5482-448c-963b-2396df699ec7');



DROP TABLE IF EXISTS `craft_searchplus_indexitem`;


--
-- Schema for table `craft_searchplus_indexitem`
--
CREATE TABLE `craft_searchplus_indexitem` (
  `id` int(11) NOT NULL AUTO_INCREMENT,
  `mappingId` int(10) DEFAULT NULL,
  `elementId` int(10) DEFAULT NULL,
  `mappedData` text COLLATE utf8_unicode_ci,
  `status` varchar(255) COLLATE utf8_unicode_ci DEFAULT NULL,
  `elementType` varchar(255) COLLATE utf8_unicode_ci DEFAULT NULL,
  `dateCreated` datetime NOT NULL,
  `dateUpdated` datetime NOT NULL,
  `uid` char(36) COLLATE utf8_unicode_ci NOT NULL DEFAULT '0',
  PRIMARY KEY (`id`)
) ENGINE=InnoDB DEFAULT CHARSET=utf8 COLLATE=utf8_unicode_ci;

DROP TABLE IF EXISTS `craft_searchplus_logs`;


--
-- Schema for table `craft_searchplus_logs`
--
CREATE TABLE `craft_searchplus_logs` (
  `id` int(11) NOT NULL AUTO_INCREMENT,
  `level` varchar(255) COLLATE utf8_unicode_ci DEFAULT NULL,
  `requestKey` varchar(255) COLLATE utf8_unicode_ci DEFAULT NULL,
  `type` varchar(255) COLLATE utf8_unicode_ci DEFAULT NULL,
  `source` varchar(255) COLLATE utf8_unicode_ci DEFAULT NULL,
  `extra` text COLLATE utf8_unicode_ci,
  `dateCreated` datetime NOT NULL,
  `dateUpdated` datetime NOT NULL,
  `uid` char(36) COLLATE utf8_unicode_ci NOT NULL DEFAULT '0',
  PRIMARY KEY (`id`)
) ENGINE=InnoDB DEFAULT CHARSET=utf8 COLLATE=utf8_unicode_ci;

DROP TABLE IF EXISTS `craft_sections`;


--
-- Schema for table `craft_sections`
--
CREATE TABLE `craft_sections` (
  `id` int(11) NOT NULL AUTO_INCREMENT,
  `structureId` int(11) DEFAULT NULL,
  `name` varchar(255) COLLATE utf8_unicode_ci NOT NULL,
  `handle` varchar(255) COLLATE utf8_unicode_ci NOT NULL,
  `type` enum('single','channel','structure') COLLATE utf8_unicode_ci NOT NULL DEFAULT 'channel',
  `hasUrls` tinyint(1) unsigned NOT NULL DEFAULT '1',
  `template` varchar(500) COLLATE utf8_unicode_ci DEFAULT NULL,
  `enableVersioning` tinyint(1) unsigned NOT NULL DEFAULT '0',
  `dateCreated` datetime NOT NULL,
  `dateUpdated` datetime NOT NULL,
  `uid` char(36) COLLATE utf8_unicode_ci NOT NULL DEFAULT '0',
  PRIMARY KEY (`id`),
  UNIQUE KEY `craft_sections_name_unq_idx` (`name`),
  UNIQUE KEY `craft_sections_handle_unq_idx` (`handle`),
  KEY `craft_sections_structureId_fk` (`structureId`)
) ENGINE=InnoDB AUTO_INCREMENT=11 DEFAULT CHARSET=utf8 COLLATE=utf8_unicode_ci;

--
-- Data for table `craft_sections`
--

INSERT INTO `craft_sections` (`id`, `structureId`, `name`, `handle`, `type`, `hasUrls`, `template`, `enableVersioning`, `dateCreated`, `dateUpdated`, `uid`) VALUES
 ('1', NULL, 'Homepage', 'homepage', 'single', '1', 'index', '1', '2018-02-20 09:10:18', '2018-02-20 09:10:18', '0ad879e6-afc0-4038-ad5e-21c9aa47f733'),
 ('2', NULL, 'News', 'news', 'channel', '1', 'news/_entry', '1', '2018-02-20 09:10:18', '2018-02-20 09:10:18', 'a63035da-b90f-4580-a2ce-ac8d8ebf665b'),
 ('3', NULL, 'artists', 'artists', 'channel', '1', 'artists/_entry', '1', '2018-02-20 09:10:52', '2018-02-20 09:10:52', '20e73e21-7ac8-416b-9b1b-24eebb698cf7'),
 ('5', NULL, 'bands', 'bands', 'channel', '1', 'bands/_entry', '1', '2018-02-20 09:11:10', '2018-02-20 09:11:10', '48b945ee-e3c8-47ad-907b-350e5a25db01'),
 ('6', NULL, 'contact', 'contact', 'single', '1', 'contact', '1', '2018-02-20 09:11:22', '2018-02-20 09:11:22', '1abedbaa-fd68-43a0-a6ef-dc19d400f9ea'),
 ('8', NULL, 'shows', 'shows', 'channel', '1', 'shows/_entry', '1', '2018-02-20 09:11:42', '2018-02-20 09:11:42', '6a2afd82-a9aa-4ba0-80fd-69d3d8a8bd98'),
 ('9', NULL, 'backline', 'backline', 'single', '1', 'backline', '1', '2018-02-21 14:36:33', '2018-02-21 14:36:33', '02a57f24-0a44-411d-963d-39ac6202f9c8'),
 ('10', NULL, 'Media', 'media', 'single', '1', 'media', '1', '2018-02-21 16:12:30', '2018-02-21 16:12:30', 'd321b4d5-772c-435b-b0fc-195ff77339ec');



DROP TABLE IF EXISTS `craft_sections_i18n`;


--
-- Schema for table `craft_sections_i18n`
--
CREATE TABLE `craft_sections_i18n` (
  `id` int(11) NOT NULL AUTO_INCREMENT,
  `sectionId` int(11) NOT NULL,
  `locale` char(12) COLLATE utf8_unicode_ci NOT NULL,
  `enabledByDefault` tinyint(1) unsigned NOT NULL DEFAULT '1',
  `urlFormat` text COLLATE utf8_unicode_ci,
  `nestedUrlFormat` text COLLATE utf8_unicode_ci,
  `dateCreated` datetime NOT NULL,
  `dateUpdated` datetime NOT NULL,
  `uid` char(36) COLLATE utf8_unicode_ci NOT NULL DEFAULT '0',
  PRIMARY KEY (`id`),
  UNIQUE KEY `craft_sections_i18n_sectionId_locale_unq_idx` (`sectionId`,`locale`),
  KEY `craft_sections_i18n_locale_fk` (`locale`)
) ENGINE=InnoDB AUTO_INCREMENT=11 DEFAULT CHARSET=utf8 COLLATE=utf8_unicode_ci;

--
-- Data for table `craft_sections_i18n`
--

INSERT INTO `craft_sections_i18n` (`id`, `sectionId`, `locale`, `enabledByDefault`, `urlFormat`, `nestedUrlFormat`, `dateCreated`, `dateUpdated`, `uid`) VALUES
 ('1', '1', 'nl', '1', '__home__', NULL, '2018-02-20 09:10:18', '2018-02-20 09:10:18', '9b1eaba8-2652-49de-976d-bfd62f275fef'),
 ('2', '2', 'nl', '1', 'news/{postDate.year}/{slug}', NULL, '2018-02-20 09:10:18', '2018-02-20 09:10:18', '32250ba5-0da6-4e5c-a06c-9933035d14b7'),
 ('3', '3', 'nl', '1', 'artists/{slug}', NULL, '2018-02-20 09:10:52', '2018-02-20 09:10:52', '50ede71e-168e-4a25-a78a-397e02598a39'),
 ('5', '5', 'nl', '1', 'bands/{slug}', NULL, '2018-02-20 09:11:10', '2018-02-20 09:11:10', 'ccd71f4f-d3d4-43b3-9c3b-8dcd126c86bc'),
 ('6', '6', 'nl', '1', 'contact', NULL, '2018-02-20 09:11:22', '2018-02-20 09:11:22', 'e91ac867-4cbb-4d4e-a286-c47ece68b0fb'),
 ('8', '8', 'nl', '1', 'shows/{slug}', NULL, '2018-02-20 09:11:42', '2018-02-20 09:11:42', '2f183f74-ac13-428d-9c77-821a72b2e605'),
 ('9', '9', 'nl', '1', 'backline', NULL, '2018-02-21 14:36:33', '2018-02-21 14:36:33', '9f39edb9-d530-4352-8ea3-12b378b972a9'),
 ('10', '10', 'nl', '1', 'media', NULL, '2018-02-21 16:12:30', '2018-02-21 16:12:30', 'ece6fb84-dabb-4397-b00f-f8567c78e3ce');



DROP TABLE IF EXISTS `craft_seomatic_meta`;


--
-- Schema for table `craft_seomatic_meta`
--
CREATE TABLE `craft_seomatic_meta` (
  `id` int(11) NOT NULL,
  `seoImageId` int(11) DEFAULT NULL,
  `seoTwitterImageId` int(11) DEFAULT NULL,
  `seoFacebookImageId` int(11) DEFAULT NULL,
  `locale` varchar(255) COLLATE utf8_unicode_ci DEFAULT 'nl',
  `elementId` int(10) DEFAULT '0',
  `metaType` enum('default','template') COLLATE utf8_unicode_ci DEFAULT 'template',
  `metaPath` varchar(255) COLLATE utf8_unicode_ci DEFAULT '',
  `seoMainEntityCategory` varchar(255) COLLATE utf8_unicode_ci DEFAULT '',
  `seoMainEntityOfPage` varchar(255) COLLATE utf8_unicode_ci DEFAULT '',
  `seoTitle` varchar(255) COLLATE utf8_unicode_ci DEFAULT '',
  `seoDescription` varchar(255) COLLATE utf8_unicode_ci DEFAULT '',
  `seoKeywords` varchar(255) COLLATE utf8_unicode_ci DEFAULT '',
  `seoImageTransform` varchar(255) COLLATE utf8_unicode_ci DEFAULT '',
  `seoFacebookImageTransform` varchar(255) COLLATE utf8_unicode_ci DEFAULT '',
  `seoTwitterImageTransform` varchar(255) COLLATE utf8_unicode_ci DEFAULT '',
  `twitterCardType` varchar(255) COLLATE utf8_unicode_ci DEFAULT 'summary',
  `openGraphType` varchar(255) COLLATE utf8_unicode_ci DEFAULT 'website',
  `robots` varchar(255) COLLATE utf8_unicode_ci DEFAULT '',
  `dateCreated` datetime NOT NULL,
  `dateUpdated` datetime NOT NULL,
  `uid` char(36) COLLATE utf8_unicode_ci NOT NULL DEFAULT '0',
  PRIMARY KEY (`id`),
  KEY `craft_seomatic_meta_seoImageId_fk` (`seoImageId`),
  KEY `craft_seomatic_meta_seoTwitterImageId_fk` (`seoTwitterImageId`),
  KEY `craft_seomatic_meta_seoFacebookImageId_fk` (`seoFacebookImageId`)
) ENGINE=InnoDB DEFAULT CHARSET=utf8 COLLATE=utf8_unicode_ci;

DROP TABLE IF EXISTS `craft_seomatic_settings`;


--
-- Schema for table `craft_seomatic_settings`
--
CREATE TABLE `craft_seomatic_settings` (
  `id` int(11) NOT NULL AUTO_INCREMENT,
  `siteSeoImageId` int(11) DEFAULT NULL,
  `siteSeoTwitterImageId` int(11) DEFAULT NULL,
  `siteSeoFacebookImageId` int(11) DEFAULT NULL,
  `genericOwnerImageId` int(11) DEFAULT NULL,
  `genericCreatorImageId` int(11) DEFAULT NULL,
  `locale` varchar(255) COLLATE utf8_unicode_ci DEFAULT '',
  `siteSeoName` varchar(255) COLLATE utf8_unicode_ci DEFAULT '',
  `siteSeoTitle` varchar(255) COLLATE utf8_unicode_ci DEFAULT '',
  `siteSeoTitleSeparator` varchar(10) COLLATE utf8_unicode_ci DEFAULT '|',
  `siteSeoTitlePlacement` enum('before','after','none') COLLATE utf8_unicode_ci DEFAULT 'after',
  `siteSeoDescription` varchar(255) COLLATE utf8_unicode_ci DEFAULT '',
  `siteSeoKeywords` varchar(255) COLLATE utf8_unicode_ci DEFAULT '',
  `siteSeoImageTransform` varchar(100) COLLATE utf8_unicode_ci DEFAULT '',
  `siteSeoFacebookImageTransform` varchar(100) COLLATE utf8_unicode_ci DEFAULT '',
  `siteSeoTwitterImageTransform` varchar(100) COLLATE utf8_unicode_ci DEFAULT '',
  `siteTwitterCardType` varchar(50) COLLATE utf8_unicode_ci DEFAULT '',
  `siteOpenGraphType` varchar(50) COLLATE utf8_unicode_ci DEFAULT '',
  `siteRobots` varchar(50) COLLATE utf8_unicode_ci DEFAULT '',
  `siteRobotsTxt` text COLLATE utf8_unicode_ci,
  `siteLinksSearchTargets` text COLLATE utf8_unicode_ci,
  `siteLinksQueryInput` varchar(50) COLLATE utf8_unicode_ci DEFAULT '',
  `googleSiteVerification` varchar(100) COLLATE utf8_unicode_ci DEFAULT '',
  `bingSiteVerification` varchar(100) COLLATE utf8_unicode_ci DEFAULT '',
  `googleAnalyticsUID` varchar(50) COLLATE utf8_unicode_ci DEFAULT '',
  `googleTagManagerID` varchar(50) COLLATE utf8_unicode_ci DEFAULT '',
  `googleAnalyticsSendPageview` tinyint(1) unsigned NOT NULL DEFAULT '1',
  `googleAnalyticsAdvertising` tinyint(1) unsigned NOT NULL DEFAULT '0',
  `googleAnalyticsEcommerce` tinyint(1) unsigned NOT NULL DEFAULT '0',
  `googleAnalyticsEEcommerce` tinyint(1) unsigned NOT NULL DEFAULT '0',
  `googleAnalyticsLinkAttribution` tinyint(1) unsigned NOT NULL DEFAULT '0',
  `googleAnalyticsLinker` tinyint(1) unsigned NOT NULL DEFAULT '0',
  `googleAnalyticsAnonymizeIp` tinyint(1) unsigned NOT NULL DEFAULT '0',
  `siteOwnerType` varchar(50) COLLATE utf8_unicode_ci DEFAULT '',
  `siteOwnerSubType` varchar(50) COLLATE utf8_unicode_ci DEFAULT '',
  `siteOwnerSpecificType` varchar(50) COLLATE utf8_unicode_ci DEFAULT '',
  `genericOwnerName` varchar(255) COLLATE utf8_unicode_ci DEFAULT '',
  `genericOwnerAlternateName` varchar(255) COLLATE utf8_unicode_ci DEFAULT '',
  `genericOwnerDescription` varchar(1024) COLLATE utf8_unicode_ci DEFAULT '',
  `genericOwnerUrl` varchar(255) COLLATE utf8_unicode_ci DEFAULT '',
  `genericOwnerTelephone` varchar(255) COLLATE utf8_unicode_ci DEFAULT '',
  `genericOwnerEmail` varchar(255) COLLATE utf8_unicode_ci DEFAULT '',
  `genericOwnerStreetAddress` varchar(255) COLLATE utf8_unicode_ci DEFAULT '',
  `genericOwnerAddressLocality` varchar(255) COLLATE utf8_unicode_ci DEFAULT '',
  `genericOwnerAddressRegion` varchar(255) COLLATE utf8_unicode_ci DEFAULT '',
  `genericOwnerPostalCode` varchar(255) COLLATE utf8_unicode_ci DEFAULT '',
  `genericOwnerAddressCountry` varchar(255) COLLATE utf8_unicode_ci DEFAULT '',
  `genericOwnerGeoLatitude` varchar(255) COLLATE utf8_unicode_ci DEFAULT '',
  `genericOwnerGeoLongitude` varchar(255) COLLATE utf8_unicode_ci DEFAULT '',
  `organizationOwnerDuns` varchar(255) COLLATE utf8_unicode_ci DEFAULT '',
  `organizationOwnerFounder` varchar(255) COLLATE utf8_unicode_ci DEFAULT '',
  `organizationOwnerFoundingDate` varchar(255) COLLATE utf8_unicode_ci DEFAULT '',
  `organizationOwnerFoundingLocation` varchar(255) COLLATE utf8_unicode_ci DEFAULT '',
  `organizationOwnerContactPoints` text COLLATE utf8_unicode_ci,
  `localBusinessPriceRange` varchar(10) COLLATE utf8_unicode_ci DEFAULT '$$$',
  `localBusinessOwnerOpeningHours` text COLLATE utf8_unicode_ci,
  `corporationOwnerTickerSymbol` varchar(255) COLLATE utf8_unicode_ci DEFAULT '',
  `restaurantOwnerServesCuisine` varchar(255) COLLATE utf8_unicode_ci DEFAULT '',
  `restaurantOwnerMenuUrl` varchar(255) COLLATE utf8_unicode_ci DEFAULT '',
  `restaurantOwnerReservationsUrl` varchar(255) COLLATE utf8_unicode_ci DEFAULT '',
  `personOwnerGender` varchar(255) COLLATE utf8_unicode_ci DEFAULT '',
  `personOwnerBirthPlace` varchar(255) COLLATE utf8_unicode_ci DEFAULT '',
  `twitterHandle` varchar(50) COLLATE utf8_unicode_ci DEFAULT '',
  `facebookHandle` varchar(50) COLLATE utf8_unicode_ci DEFAULT '',
  `facebookProfileId` varchar(50) COLLATE utf8_unicode_ci DEFAULT '',
  `facebookAppId` varchar(50) COLLATE utf8_unicode_ci DEFAULT '',
  `linkedInHandle` varchar(50) COLLATE utf8_unicode_ci DEFAULT '',
  `googlePlusHandle` varchar(50) COLLATE utf8_unicode_ci DEFAULT '',
  `youtubeHandle` varchar(50) COLLATE utf8_unicode_ci DEFAULT '',
  `youtubeChannelHandle` varchar(50) COLLATE utf8_unicode_ci DEFAULT '',
  `instagramHandle` varchar(50) COLLATE utf8_unicode_ci DEFAULT '',
  `pinterestHandle` varchar(50) COLLATE utf8_unicode_ci DEFAULT '',
  `githubHandle` varchar(50) COLLATE utf8_unicode_ci DEFAULT '',
  `vimeoHandle` varchar(50) COLLATE utf8_unicode_ci DEFAULT '',
  `wikipediaUrl` varchar(100) COLLATE utf8_unicode_ci DEFAULT '',
  `siteCreatorType` varchar(255) COLLATE utf8_unicode_ci DEFAULT '',
  `siteCreatorSubType` varchar(255) COLLATE utf8_unicode_ci DEFAULT '',
  `siteCreatorSpecificType` varchar(255) COLLATE utf8_unicode_ci DEFAULT '',
  `genericCreatorName` varchar(255) COLLATE utf8_unicode_ci DEFAULT '',
  `genericCreatorAlternateName` varchar(255) COLLATE utf8_unicode_ci DEFAULT '',
  `genericCreatorDescription` varchar(1024) COLLATE utf8_unicode_ci DEFAULT '',
  `genericCreatorUrl` varchar(255) COLLATE utf8_unicode_ci DEFAULT '',
  `genericCreatorTelephone` varchar(255) COLLATE utf8_unicode_ci DEFAULT '',
  `genericCreatorEmail` varchar(255) COLLATE utf8_unicode_ci DEFAULT '',
  `genericCreatorStreetAddress` varchar(255) COLLATE utf8_unicode_ci DEFAULT '',
  `genericCreatorAddressLocality` varchar(255) COLLATE utf8_unicode_ci DEFAULT '',
  `genericCreatorAddressRegion` varchar(255) COLLATE utf8_unicode_ci DEFAULT '',
  `genericCreatorPostalCode` varchar(255) COLLATE utf8_unicode_ci DEFAULT '',
  `genericCreatorAddressCountry` varchar(255) COLLATE utf8_unicode_ci DEFAULT '',
  `genericCreatorGeoLatitude` varchar(255) COLLATE utf8_unicode_ci DEFAULT '',
  `genericCreatorGeoLongitude` varchar(255) COLLATE utf8_unicode_ci DEFAULT '',
  `organizationCreatorDuns` varchar(255) COLLATE utf8_unicode_ci DEFAULT '',
  `organizationCreatorFounder` varchar(255) COLLATE utf8_unicode_ci DEFAULT '',
  `organizationCreatorFoundingDate` varchar(255) COLLATE utf8_unicode_ci DEFAULT '',
  `organizationCreatorFoundingLocation` varchar(255) COLLATE utf8_unicode_ci DEFAULT '',
  `organizationCreatorContactPoints` text COLLATE utf8_unicode_ci,
  `localBusinessCreatorOpeningHours` text COLLATE utf8_unicode_ci,
  `corporationCreatorTickerSymbol` varchar(255) COLLATE utf8_unicode_ci DEFAULT '',
  `restaurantCreatorServesCuisine` varchar(255) COLLATE utf8_unicode_ci DEFAULT '',
  `restaurantCreatorMenuUrl` varchar(255) COLLATE utf8_unicode_ci DEFAULT '',
  `restaurantCreatorReservationsUrl` varchar(255) COLLATE utf8_unicode_ci DEFAULT '',
  `personCreatorGender` varchar(255) COLLATE utf8_unicode_ci DEFAULT '',
  `personCreatorBirthPlace` varchar(255) COLLATE utf8_unicode_ci DEFAULT '',
  `genericCreatorHumansTxt` text COLLATE utf8_unicode_ci,
  `dateCreated` datetime NOT NULL,
  `dateUpdated` datetime NOT NULL,
  `uid` char(36) COLLATE utf8_unicode_ci NOT NULL DEFAULT '0',
  PRIMARY KEY (`id`),
  KEY `craft_seomatic_settings_siteSeoImageId_fk` (`siteSeoImageId`),
  KEY `craft_seomatic_settings_siteSeoTwitterImageId_fk` (`siteSeoTwitterImageId`),
  KEY `craft_seomatic_settings_siteSeoFacebookImageId_fk` (`siteSeoFacebookImageId`),
  KEY `craft_seomatic_settings_genericOwnerImageId_fk` (`genericOwnerImageId`),
  KEY `craft_seomatic_settings_genericCreatorImageId_fk` (`genericCreatorImageId`)
) ENGINE=InnoDB AUTO_INCREMENT=2 DEFAULT CHARSET=utf8 COLLATE=utf8_unicode_ci;

--
-- Data for table `craft_seomatic_settings`
--

INSERT INTO `craft_seomatic_settings` (`id`, `siteSeoImageId`, `siteSeoTwitterImageId`, `siteSeoFacebookImageId`, `genericOwnerImageId`, `genericCreatorImageId`, `locale`, `siteSeoName`, `siteSeoTitle`, `siteSeoTitleSeparator`, `siteSeoTitlePlacement`, `siteSeoDescription`, `siteSeoKeywords`, `siteSeoImageTransform`, `siteSeoFacebookImageTransform`, `siteSeoTwitterImageTransform`, `siteTwitterCardType`, `siteOpenGraphType`, `siteRobots`, `siteRobotsTxt`, `siteLinksSearchTargets`, `siteLinksQueryInput`, `googleSiteVerification`, `bingSiteVerification`, `googleAnalyticsUID`, `googleTagManagerID`, `googleAnalyticsSendPageview`, `googleAnalyticsAdvertising`, `googleAnalyticsEcommerce`, `googleAnalyticsEEcommerce`, `googleAnalyticsLinkAttribution`, `googleAnalyticsLinker`, `googleAnalyticsAnonymizeIp`, `siteOwnerType`, `siteOwnerSubType`, `siteOwnerSpecificType`, `genericOwnerName`, `genericOwnerAlternateName`, `genericOwnerDescription`, `genericOwnerUrl`, `genericOwnerTelephone`, `genericOwnerEmail`, `genericOwnerStreetAddress`, `genericOwnerAddressLocality`, `genericOwnerAddressRegion`, `genericOwnerPostalCode`, `genericOwnerAddressCountry`, `genericOwnerGeoLatitude`, `genericOwnerGeoLongitude`, `organizationOwnerDuns`, `organizationOwnerFounder`, `organizationOwnerFoundingDate`, `organizationOwnerFoundingLocation`, `organizationOwnerContactPoints`, `localBusinessPriceRange`, `localBusinessOwnerOpeningHours`, `corporationOwnerTickerSymbol`, `restaurantOwnerServesCuisine`, `restaurantOwnerMenuUrl`, `restaurantOwnerReservationsUrl`, `personOwnerGender`, `personOwnerBirthPlace`, `twitterHandle`, `facebookHandle`, `facebookProfileId`, `facebookAppId`, `linkedInHandle`, `googlePlusHandle`, `youtubeHandle`, `youtubeChannelHandle`, `instagramHandle`, `pinterestHandle`, `githubHandle`, `vimeoHandle`, `wikipediaUrl`, `siteCreatorType`, `siteCreatorSubType`, `siteCreatorSpecificType`, `genericCreatorName`, `genericCreatorAlternateName`, `genericCreatorDescription`, `genericCreatorUrl`, `genericCreatorTelephone`, `genericCreatorEmail`, `genericCreatorStreetAddress`, `genericCreatorAddressLocality`, `genericCreatorAddressRegion`, `genericCreatorPostalCode`, `genericCreatorAddressCountry`, `genericCreatorGeoLatitude`, `genericCreatorGeoLongitude`, `organizationCreatorDuns`, `organizationCreatorFounder`, `organizationCreatorFoundingDate`, `organizationCreatorFoundingLocation`, `organizationCreatorContactPoints`, `localBusinessCreatorOpeningHours`, `corporationCreatorTickerSymbol`, `restaurantCreatorServesCuisine`, `restaurantCreatorMenuUrl`, `restaurantCreatorReservationsUrl`, `personCreatorGender`, `personCreatorBirthPlace`, `genericCreatorHumansTxt`, `dateCreated`, `dateUpdated`, `uid`) VALUES
 ('1', NULL, NULL, NULL, NULL, NULL, 'nl', 'Big Lion Promotions', 'Bands,Music,Rotterdam,Backline', '|', 'before', 'This is the default global natural language description of the content on the site pages.', 'Bands, Music, Rotterdam, Reggae, Backline, Shows, New', '', '', '', 'summary', 'website', '', '# robots.txt for {{ siteUrl }}\r\n# For a multi-environment setup, see: https://nystudio107.com/blog/prevent-google-from-indexing-staging-sites\r\n\r\nSitemap: {{ siteUrl |trim(\'/\') }}/sitemap.xml\r\n\r\n{% if craft.config.devMode %}\r\n# devMode - disallow all\r\n\r\nUser-agent: *\r\nDisallow: /\r\n{% else %}\r\n# Live - Don\'t allow web crawlers to index Craft\r\n\r\nUser-agent: *\r\nDisallow: /craft/\r\n{% endif %}', '[]', '', '', '', '', '', '1', '0', '0', '0', '0', '0', '0', 'Organization', 'Corporation', '', 'Big Lion Promotions', '', '', 'http://biglion.local/', '', '', '', '', '', '', '', '', '', '', '', '', '', '', '$$$', '', '', '', '', '', '', '', '', '', '', '', '', '', '', '', '', '', '', '', '', 'Organization', 'Corporation', '', '', '', '', '', '', '', '', '', '', '', '', '', '', '', '', '', '', '', '', '', '', '', '', '', '', '/* TEAM */\n\n{% if seomaticCreator.name is defined and seomaticCreator.name %}\nCreator: {{ seomaticCreator.name }}\n{% endif %}\n{% if seomaticCreator.url is defined and seomaticCreator.url %}\nURL: {{ seomaticCreator.url }}\n{% endif %}\n{% if seomaticCreator.description is defined and seomaticCreator.description %}\nDescription: {{ seomaticCreator.description }}\n{% endif %}\n\n/* THANKS */\n\nPixel & Tonic - https://pixelandtonic.com\n\n/* SITE */\n\nStandards: HTML5, CSS3\nComponents: Craft CMS, Yii, PHP, Javascript, SEOmatic', '2018-03-01 10:29:23', '2018-03-09 13:30:49', '17f086e0-96a2-4c06-809a-33575c912be7');



DROP TABLE IF EXISTS `craft_sessions`;


--
-- Schema for table `craft_sessions`
--
CREATE TABLE `craft_sessions` (
  `id` int(11) NOT NULL AUTO_INCREMENT,
  `userId` int(11) NOT NULL,
  `token` char(100) COLLATE utf8_unicode_ci NOT NULL,
  `dateCreated` datetime NOT NULL,
  `dateUpdated` datetime NOT NULL,
  `uid` char(36) COLLATE utf8_unicode_ci NOT NULL DEFAULT '0',
  PRIMARY KEY (`id`),
  KEY `craft_sessions_uid_idx` (`uid`),
  KEY `craft_sessions_token_idx` (`token`),
  KEY `craft_sessions_dateUpdated_idx` (`dateUpdated`),
  KEY `craft_sessions_userId_fk` (`userId`)
) ENGINE=InnoDB AUTO_INCREMENT=30 DEFAULT CHARSET=utf8 COLLATE=utf8_unicode_ci;

DROP TABLE IF EXISTS `craft_shunnedmessages`;


--
-- Schema for table `craft_shunnedmessages`
--
CREATE TABLE `craft_shunnedmessages` (
  `id` int(11) NOT NULL AUTO_INCREMENT,
  `userId` int(11) NOT NULL,
  `message` varchar(255) COLLATE utf8_unicode_ci NOT NULL,
  `expiryDate` datetime DEFAULT NULL,
  `dateCreated` datetime NOT NULL,
  `dateUpdated` datetime NOT NULL,
  `uid` char(36) COLLATE utf8_unicode_ci NOT NULL DEFAULT '0',
  PRIMARY KEY (`id`),
  UNIQUE KEY `craft_shunnedmessages_userId_message_unq_idx` (`userId`,`message`)
) ENGINE=InnoDB DEFAULT CHARSET=utf8 COLLATE=utf8_unicode_ci;

DROP TABLE IF EXISTS `craft_structureelements`;


--
-- Schema for table `craft_structureelements`
--
CREATE TABLE `craft_structureelements` (
  `id` int(11) NOT NULL AUTO_INCREMENT,
  `structureId` int(11) NOT NULL,
  `elementId` int(11) DEFAULT NULL,
  `root` int(11) unsigned DEFAULT NULL,
  `lft` int(11) unsigned NOT NULL,
  `rgt` int(11) unsigned NOT NULL,
  `level` smallint(6) unsigned NOT NULL,
  `dateCreated` datetime NOT NULL,
  `dateUpdated` datetime NOT NULL,
  `uid` char(36) COLLATE utf8_unicode_ci NOT NULL DEFAULT '0',
  PRIMARY KEY (`id`),
  UNIQUE KEY `craft_structureelements_structureId_elementId_unq_idx` (`structureId`,`elementId`),
  KEY `craft_structureelements_root_idx` (`root`),
  KEY `craft_structureelements_lft_idx` (`lft`),
  KEY `craft_structureelements_rgt_idx` (`rgt`),
  KEY `craft_structureelements_level_idx` (`level`),
  KEY `craft_structureelements_elementId_fk` (`elementId`)
) ENGINE=InnoDB DEFAULT CHARSET=utf8 COLLATE=utf8_unicode_ci;

DROP TABLE IF EXISTS `craft_structures`;


--
-- Schema for table `craft_structures`
--
CREATE TABLE `craft_structures` (
  `id` int(11) NOT NULL AUTO_INCREMENT,
  `maxLevels` smallint(6) unsigned DEFAULT NULL,
  `dateCreated` datetime NOT NULL,
  `dateUpdated` datetime NOT NULL,
  `uid` char(36) COLLATE utf8_unicode_ci NOT NULL DEFAULT '0',
  PRIMARY KEY (`id`)
) ENGINE=InnoDB DEFAULT CHARSET=utf8 COLLATE=utf8_unicode_ci;

DROP TABLE IF EXISTS `craft_systemsettings`;


--
-- Schema for table `craft_systemsettings`
--
CREATE TABLE `craft_systemsettings` (
  `id` int(11) NOT NULL AUTO_INCREMENT,
  `category` varchar(15) COLLATE utf8_unicode_ci NOT NULL,
  `settings` text COLLATE utf8_unicode_ci,
  `dateCreated` datetime NOT NULL,
  `dateUpdated` datetime NOT NULL,
  `uid` char(36) COLLATE utf8_unicode_ci NOT NULL DEFAULT '0',
  PRIMARY KEY (`id`),
  UNIQUE KEY `craft_systemsettings_category_unq_idx` (`category`)
) ENGINE=InnoDB AUTO_INCREMENT=2 DEFAULT CHARSET=utf8 COLLATE=utf8_unicode_ci;

--
-- Data for table `craft_systemsettings`
--

INSERT INTO `craft_systemsettings` (`id`, `category`, `settings`, `dateCreated`, `dateUpdated`, `uid`) VALUES
 ('1', 'email', '{\"protocol\":\"php\",\"emailAddress\":\"remcohoeneveld@gmail.com\",\"senderName\":\"Big Lion Promotions\"}', '2018-02-20 09:10:18', '2018-02-20 09:10:18', '1d50edc4-4def-4a5f-8d99-3ac619662d68');



DROP TABLE IF EXISTS `craft_taggroups`;


--
-- Schema for table `craft_taggroups`
--
CREATE TABLE `craft_taggroups` (
  `id` int(11) NOT NULL AUTO_INCREMENT,
  `name` varchar(255) COLLATE utf8_unicode_ci NOT NULL,
  `handle` varchar(255) COLLATE utf8_unicode_ci NOT NULL,
  `fieldLayoutId` int(10) DEFAULT NULL,
  `dateCreated` datetime NOT NULL,
  `dateUpdated` datetime NOT NULL,
  `uid` char(36) COLLATE utf8_unicode_ci NOT NULL DEFAULT '0',
  PRIMARY KEY (`id`),
  UNIQUE KEY `craft_taggroups_name_unq_idx` (`name`),
  UNIQUE KEY `craft_taggroups_handle_unq_idx` (`handle`),
  KEY `craft_taggroups_fieldLayoutId_fk` (`fieldLayoutId`)
) ENGINE=InnoDB AUTO_INCREMENT=2 DEFAULT CHARSET=utf8 COLLATE=utf8_unicode_ci;

--
-- Data for table `craft_taggroups`
--

INSERT INTO `craft_taggroups` (`id`, `name`, `handle`, `fieldLayoutId`, `dateCreated`, `dateUpdated`, `uid`) VALUES
 ('1', 'Default', 'default', '1', '2018-02-20 09:10:18', '2018-02-20 09:10:18', 'fb3c97e3-4979-4be3-aac2-04c0303844ac');



DROP TABLE IF EXISTS `craft_tags`;


--
-- Schema for table `craft_tags`
--
CREATE TABLE `craft_tags` (
  `id` int(11) NOT NULL,
  `groupId` int(11) NOT NULL,
  `dateCreated` datetime NOT NULL,
  `dateUpdated` datetime NOT NULL,
  `uid` char(36) COLLATE utf8_unicode_ci NOT NULL DEFAULT '0',
  PRIMARY KEY (`id`),
  KEY `craft_tags_groupId_fk` (`groupId`)
) ENGINE=InnoDB DEFAULT CHARSET=utf8 COLLATE=utf8_unicode_ci;

--
-- Data for table `craft_tags`
--

INSERT INTO `craft_tags` (`id`, `groupId`, `dateCreated`, `dateUpdated`, `uid`) VALUES
 ('65', '1', '2018-03-01 09:32:34', '2018-03-01 09:32:34', '6ab214db-5aee-45d8-a386-f20272920c2b'),
 ('66', '1', '2018-03-01 09:32:35', '2018-03-01 09:32:35', '336856f3-0b2a-43c9-b409-3793941e72e4'),
 ('67', '1', '2018-03-01 09:32:46', '2018-03-01 09:32:46', 'd36e6a54-70f5-47e6-bcda-e638462c035e'),
 ('68', '1', '2018-03-01 09:32:49', '2018-03-01 09:32:49', '3d282ef1-41ef-40ce-ba6b-5ab7c457d478'),
 ('86', '1', '2018-03-16 12:42:28', '2018-03-16 12:42:28', '2becc54c-0e95-4930-8ea3-1f2651ae72fe'),
 ('87', '1', '2018-03-16 12:42:31', '2018-03-16 12:42:31', '9d204a12-329f-4d05-9508-b06c6f493795'),
 ('88', '1', '2018-03-16 12:42:35', '2018-03-16 12:42:35', 'b3b88065-da4c-48e0-bd78-b4d301fc09b9'),
 ('89', '1', '2018-03-16 12:42:40', '2018-03-16 12:42:40', '6ae263b3-46f0-4abb-9b8a-b3f6a1ddd090'),
 ('95', '1', '2018-03-17 15:27:04', '2018-03-17 15:27:04', '61ea9327-d761-45ae-9f88-6880e7a8af52'),
 ('96', '1', '2018-03-17 15:27:08', '2018-03-17 15:27:08', '0b209685-ff8f-419e-9782-cac5a1d1015e'),
 ('97', '1', '2018-03-17 15:27:12', '2018-03-17 15:27:12', '73583d53-a8d2-4ccf-87d5-7b4ed0695e2f'),
 ('98', '1', '2018-03-17 15:27:17', '2018-03-17 15:27:17', '33877615-da82-41c0-86f1-b34a23c72764'),
 ('99', '1', '2018-03-17 15:27:22', '2018-03-17 15:27:22', '99f6715f-95b9-4858-bd22-eec5996a6672'),
 ('100', '1', '2018-03-17 15:27:27', '2018-03-17 15:27:27', '824ac13d-de4f-49e9-8f95-c2a454607e26'),
 ('101', '1', '2018-03-17 15:30:18', '2018-03-17 15:30:18', '079afca9-8949-45e9-befc-8b3fee8540fe');



DROP TABLE IF EXISTS `craft_tasks`;


--
-- Schema for table `craft_tasks`
--
CREATE TABLE `craft_tasks` (
  `id` int(11) NOT NULL AUTO_INCREMENT,
  `root` int(11) unsigned DEFAULT NULL,
  `lft` int(11) unsigned NOT NULL,
  `rgt` int(11) unsigned NOT NULL,
  `level` smallint(6) unsigned NOT NULL,
  `currentStep` int(11) unsigned DEFAULT NULL,
  `totalSteps` int(11) unsigned DEFAULT NULL,
  `status` enum('pending','error','running') COLLATE utf8_unicode_ci DEFAULT NULL,
  `type` varchar(150) COLLATE utf8_unicode_ci NOT NULL,
  `description` varchar(255) COLLATE utf8_unicode_ci DEFAULT NULL,
  `settings` mediumtext COLLATE utf8_unicode_ci,
  `dateCreated` datetime NOT NULL,
  `dateUpdated` datetime NOT NULL,
  `uid` char(36) COLLATE utf8_unicode_ci NOT NULL DEFAULT '0',
  PRIMARY KEY (`id`),
  KEY `craft_tasks_root_idx` (`root`),
  KEY `craft_tasks_lft_idx` (`lft`),
  KEY `craft_tasks_rgt_idx` (`rgt`),
  KEY `craft_tasks_level_idx` (`level`)
) ENGINE=InnoDB DEFAULT CHARSET=utf8 COLLATE=utf8_unicode_ci;

DROP TABLE IF EXISTS `craft_templatecachecriteria`;


--
-- Schema for table `craft_templatecachecriteria`
--
CREATE TABLE `craft_templatecachecriteria` (
  `id` int(11) NOT NULL AUTO_INCREMENT,
  `cacheId` int(11) NOT NULL,
  `type` varchar(150) COLLATE utf8_unicode_ci NOT NULL,
  `criteria` text COLLATE utf8_unicode_ci NOT NULL,
  PRIMARY KEY (`id`),
  KEY `craft_templatecachecriteria_cacheId_fk` (`cacheId`),
  KEY `craft_templatecachecriteria_type_idx` (`type`)
) ENGINE=InnoDB DEFAULT CHARSET=utf8 COLLATE=utf8_unicode_ci;

DROP TABLE IF EXISTS `craft_templatecacheelements`;


--
-- Schema for table `craft_templatecacheelements`
--
CREATE TABLE `craft_templatecacheelements` (
  `cacheId` int(11) NOT NULL,
  `elementId` int(11) NOT NULL,
  KEY `craft_templatecacheelements_cacheId_fk` (`cacheId`),
  KEY `craft_templatecacheelements_elementId_fk` (`elementId`)
) ENGINE=InnoDB DEFAULT CHARSET=utf8 COLLATE=utf8_unicode_ci;

DROP TABLE IF EXISTS `craft_templatecaches`;


--
-- Schema for table `craft_templatecaches`
--
CREATE TABLE `craft_templatecaches` (
  `id` int(11) NOT NULL AUTO_INCREMENT,
  `cacheKey` varchar(255) COLLATE utf8_unicode_ci NOT NULL,
  `locale` char(12) COLLATE utf8_unicode_ci NOT NULL,
  `path` varchar(255) COLLATE utf8_unicode_ci DEFAULT NULL,
  `expiryDate` datetime NOT NULL,
  `body` mediumtext COLLATE utf8_unicode_ci NOT NULL,
  PRIMARY KEY (`id`),
  KEY `craft_templatecaches_cacheKey_locale_expiryDate_path_idx` (`cacheKey`,`locale`,`expiryDate`,`path`),
  KEY `craft_templatecaches_cacheKey_locale_expiryDate_idx` (`cacheKey`,`locale`,`expiryDate`),
  KEY `craft_templatecaches_locale_fk` (`locale`)
) ENGINE=InnoDB DEFAULT CHARSET=utf8 COLLATE=utf8_unicode_ci;

DROP TABLE IF EXISTS `craft_tokens`;


--
-- Schema for table `craft_tokens`
--
CREATE TABLE `craft_tokens` (
  `id` int(11) NOT NULL AUTO_INCREMENT,
  `token` char(32) COLLATE utf8_unicode_ci NOT NULL,
  `route` text COLLATE utf8_unicode_ci,
  `usageLimit` tinyint(3) unsigned DEFAULT NULL,
  `usageCount` tinyint(3) unsigned DEFAULT NULL,
  `expiryDate` datetime NOT NULL,
  `dateCreated` datetime NOT NULL,
  `dateUpdated` datetime NOT NULL,
  `uid` char(36) COLLATE utf8_unicode_ci NOT NULL DEFAULT '0',
  PRIMARY KEY (`id`),
  UNIQUE KEY `craft_tokens_token_unq_idx` (`token`),
  KEY `craft_tokens_expiryDate_idx` (`expiryDate`)
) ENGINE=InnoDB DEFAULT CHARSET=utf8 COLLATE=utf8_unicode_ci;

DROP TABLE IF EXISTS `craft_usergroups`;


--
-- Schema for table `craft_usergroups`
--
CREATE TABLE `craft_usergroups` (
  `id` int(11) NOT NULL AUTO_INCREMENT,
  `name` varchar(255) COLLATE utf8_unicode_ci NOT NULL,
  `handle` varchar(255) COLLATE utf8_unicode_ci NOT NULL,
  `dateCreated` datetime NOT NULL,
  `dateUpdated` datetime NOT NULL,
  `uid` char(36) COLLATE utf8_unicode_ci NOT NULL DEFAULT '0',
  PRIMARY KEY (`id`),
  UNIQUE KEY `craft_usergroups_name_unq_idx` (`name`),
  UNIQUE KEY `craft_usergroups_handle_unq_idx` (`handle`)
) ENGINE=InnoDB DEFAULT CHARSET=utf8 COLLATE=utf8_unicode_ci;

DROP TABLE IF EXISTS `craft_usergroups_users`;


--
-- Schema for table `craft_usergroups_users`
--
CREATE TABLE `craft_usergroups_users` (
  `id` int(11) NOT NULL AUTO_INCREMENT,
  `groupId` int(11) NOT NULL,
  `userId` int(11) NOT NULL,
  `dateCreated` datetime NOT NULL,
  `dateUpdated` datetime NOT NULL,
  `uid` char(36) COLLATE utf8_unicode_ci NOT NULL DEFAULT '0',
  PRIMARY KEY (`id`),
  UNIQUE KEY `craft_usergroups_users_groupId_userId_unq_idx` (`groupId`,`userId`),
  KEY `craft_usergroups_users_userId_fk` (`userId`)
) ENGINE=InnoDB DEFAULT CHARSET=utf8 COLLATE=utf8_unicode_ci;

DROP TABLE IF EXISTS `craft_userpermissions`;


--
-- Schema for table `craft_userpermissions`
--
CREATE TABLE `craft_userpermissions` (
  `id` int(11) NOT NULL AUTO_INCREMENT,
  `name` varchar(255) COLLATE utf8_unicode_ci NOT NULL,
  `dateCreated` datetime NOT NULL,
  `dateUpdated` datetime NOT NULL,
  `uid` char(36) COLLATE utf8_unicode_ci NOT NULL DEFAULT '0',
  PRIMARY KEY (`id`),
  UNIQUE KEY `craft_userpermissions_name_unq_idx` (`name`)
) ENGINE=InnoDB DEFAULT CHARSET=utf8 COLLATE=utf8_unicode_ci;

DROP TABLE IF EXISTS `craft_userpermissions_usergroups`;


--
-- Schema for table `craft_userpermissions_usergroups`
--
CREATE TABLE `craft_userpermissions_usergroups` (
  `id` int(11) NOT NULL AUTO_INCREMENT,
  `permissionId` int(11) NOT NULL,
  `groupId` int(11) NOT NULL,
  `dateCreated` datetime NOT NULL,
  `dateUpdated` datetime NOT NULL,
  `uid` char(36) COLLATE utf8_unicode_ci NOT NULL DEFAULT '0',
  PRIMARY KEY (`id`),
  UNIQUE KEY `craft_userpermissions_usergroups_permissionId_groupId_unq_idx` (`permissionId`,`groupId`),
  KEY `craft_userpermissions_usergroups_groupId_fk` (`groupId`)
) ENGINE=InnoDB DEFAULT CHARSET=utf8 COLLATE=utf8_unicode_ci;

DROP TABLE IF EXISTS `craft_userpermissions_users`;


--
-- Schema for table `craft_userpermissions_users`
--
CREATE TABLE `craft_userpermissions_users` (
  `id` int(11) NOT NULL AUTO_INCREMENT,
  `permissionId` int(11) NOT NULL,
  `userId` int(11) NOT NULL,
  `dateCreated` datetime NOT NULL,
  `dateUpdated` datetime NOT NULL,
  `uid` char(36) COLLATE utf8_unicode_ci NOT NULL DEFAULT '0',
  PRIMARY KEY (`id`),
  UNIQUE KEY `craft_userpermissions_users_permissionId_userId_unq_idx` (`permissionId`,`userId`),
  KEY `craft_userpermissions_users_userId_fk` (`userId`)
) ENGINE=InnoDB DEFAULT CHARSET=utf8 COLLATE=utf8_unicode_ci;

DROP TABLE IF EXISTS `craft_users`;


--
-- Schema for table `craft_users`
--
CREATE TABLE `craft_users` (
  `id` int(11) NOT NULL,
  `username` varchar(100) COLLATE utf8_unicode_ci NOT NULL,
  `photo` varchar(100) COLLATE utf8_unicode_ci DEFAULT NULL,
  `firstName` varchar(100) COLLATE utf8_unicode_ci DEFAULT NULL,
  `lastName` varchar(100) COLLATE utf8_unicode_ci DEFAULT NULL,
  `email` varchar(255) COLLATE utf8_unicode_ci NOT NULL,
  `password` char(255) COLLATE utf8_unicode_ci DEFAULT NULL,
  `preferredLocale` char(12) COLLATE utf8_unicode_ci DEFAULT NULL,
  `weekStartDay` tinyint(1) unsigned NOT NULL DEFAULT '0',
  `admin` tinyint(1) unsigned NOT NULL DEFAULT '0',
  `client` tinyint(1) unsigned NOT NULL DEFAULT '0',
  `locked` tinyint(1) unsigned NOT NULL DEFAULT '0',
  `suspended` tinyint(1) unsigned NOT NULL DEFAULT '0',
  `pending` tinyint(1) unsigned NOT NULL DEFAULT '0',
  `archived` tinyint(1) unsigned NOT NULL DEFAULT '0',
  `lastLoginDate` datetime DEFAULT NULL,
  `lastLoginAttemptIPAddress` varchar(45) COLLATE utf8_unicode_ci DEFAULT NULL,
  `invalidLoginWindowStart` datetime DEFAULT NULL,
  `invalidLoginCount` tinyint(4) unsigned DEFAULT NULL,
  `lastInvalidLoginDate` datetime DEFAULT NULL,
  `lockoutDate` datetime DEFAULT NULL,
  `verificationCode` char(100) COLLATE utf8_unicode_ci DEFAULT NULL,
  `verificationCodeIssuedDate` datetime DEFAULT NULL,
  `unverifiedEmail` varchar(255) COLLATE utf8_unicode_ci DEFAULT NULL,
  `passwordResetRequired` tinyint(1) unsigned NOT NULL DEFAULT '0',
  `lastPasswordChangeDate` datetime DEFAULT NULL,
  `dateCreated` datetime NOT NULL,
  `dateUpdated` datetime NOT NULL,
  `uid` char(36) COLLATE utf8_unicode_ci NOT NULL DEFAULT '0',
  PRIMARY KEY (`id`),
  UNIQUE KEY `craft_users_username_unq_idx` (`username`),
  UNIQUE KEY `craft_users_email_unq_idx` (`email`),
  KEY `craft_users_verificationCode_idx` (`verificationCode`),
  KEY `craft_users_uid_idx` (`uid`),
  KEY `craft_users_preferredLocale_fk` (`preferredLocale`)
) ENGINE=InnoDB DEFAULT CHARSET=utf8 COLLATE=utf8_unicode_ci;

--
-- Data for table `craft_users`
--

INSERT INTO `craft_users` (`id`, `username`, `photo`, `firstName`, `lastName`, `email`, `password`, `preferredLocale`, `weekStartDay`, `admin`, `client`, `locked`, `suspended`, `pending`, `archived`, `lastLoginDate`, `lastLoginAttemptIPAddress`, `invalidLoginWindowStart`, `invalidLoginCount`, `lastInvalidLoginDate`, `lockoutDate`, `verificationCode`, `verificationCodeIssuedDate`, `unverifiedEmail`, `passwordResetRequired`, `lastPasswordChangeDate`, `dateCreated`, `dateUpdated`, `uid`) VALUES
 ('1', 'dilantekin', NULL, 'dilan', 'tekin', 'dilantekinmusic@gmail.com', '$2y$13$OrZeNzPqapskwT1693RTF.Zrhd/pWQY/kqfQDqFIFm.T9XeelV6PC', NULL, '0', '1', '0', '0', '0', '0', '0', '2018-04-09 14:36:23', '192.168.33.1', NULL, NULL, '2018-04-09 14:36:16', NULL, NULL, NULL, NULL, '0', '2018-04-09 14:36:05', '2018-02-20 09:10:17', '2018-04-09 14:36:23', 'ec5282b0-8db2-4660-89fa-0fc88bf11716');



DROP TABLE IF EXISTS `craft_widgets`;


--
-- Schema for table `craft_widgets`
--
CREATE TABLE `craft_widgets` (
  `id` int(11) NOT NULL AUTO_INCREMENT,
  `userId` int(11) NOT NULL,
  `type` varchar(150) COLLATE utf8_unicode_ci NOT NULL,
  `sortOrder` smallint(6) unsigned DEFAULT NULL,
  `colspan` tinyint(4) unsigned DEFAULT NULL,
  `settings` text COLLATE utf8_unicode_ci,
  `enabled` tinyint(1) unsigned NOT NULL DEFAULT '1',
  `dateCreated` datetime NOT NULL,
  `dateUpdated` datetime NOT NULL,
  `uid` char(36) COLLATE utf8_unicode_ci NOT NULL DEFAULT '0',
  PRIMARY KEY (`id`),
  KEY `craft_widgets_userId_fk` (`userId`)
) ENGINE=InnoDB AUTO_INCREMENT=6 DEFAULT CHARSET=utf8 COLLATE=utf8_unicode_ci;

--
-- Data for table `craft_widgets`
--

INSERT INTO `craft_widgets` (`id`, `userId`, `type`, `sortOrder`, `colspan`, `settings`, `enabled`, `dateCreated`, `dateUpdated`, `uid`) VALUES
 ('1', '1', 'RecentEntries', '1', '5', '{\"section\":\"*\",\"limit\":\"20\"}', '1', '2018-02-20 09:10:20', '2018-02-22 08:25:08', 'fa798261-a360-460c-a476-51656a8d7194'),
 ('2', '1', 'GetHelp', '2', NULL, NULL, '0', '2018-02-20 09:10:20', '2018-02-22 08:25:25', '91b2a76d-d74b-4828-bf98-818cc3cc449d'),
 ('3', '1', 'Updates', '3', '2', NULL, '1', '2018-02-20 09:10:20', '2018-02-22 08:25:30', '27e182ce-d531-4491-a2e2-92276c7874dc'),
 ('4', '1', 'Feed', '4', '2', '{\"url\":\"https:\\/\\/craftcms.com\\/news.rss\",\"title\":\"Craft News\"}', '1', '2018-02-20 09:10:20', '2018-02-22 08:25:33', '3f07722d-5d51-411a-905e-60e43e8869bb'),
 ('5', '1', 'GetHelp', '5', NULL, NULL, '1', '2018-03-13 12:28:59', '2018-03-13 12:28:59', 'f212b47c-33c1-42cf-a2ee-e5cce3afa60c');


--
-- Constraints for tables
--


--
-- Constraints for table `craft_assetfiles`
--
ALTER TABLE `craft_assetfiles`
	ADD CONSTRAINT `craft_assetfiles_folderId_fk` FOREIGN KEY (`folderId`) REFERENCES `craft_assetfolders` (`id`) ON DELETE CASCADE,
	ADD CONSTRAINT `craft_assetfiles_id_fk` FOREIGN KEY (`id`) REFERENCES `craft_elements` (`id`) ON DELETE CASCADE,
	ADD CONSTRAINT `craft_assetfiles_sourceId_fk` FOREIGN KEY (`sourceId`) REFERENCES `craft_assetsources` (`id`) ON DELETE CASCADE;

--
-- Constraints for table `craft_assetfolders`
--
ALTER TABLE `craft_assetfolders`
	ADD CONSTRAINT `craft_assetfolders_parentId_fk` FOREIGN KEY (`parentId`) REFERENCES `craft_assetfolders` (`id`) ON DELETE CASCADE,
	ADD CONSTRAINT `craft_assetfolders_sourceId_fk` FOREIGN KEY (`sourceId`) REFERENCES `craft_assetsources` (`id`) ON DELETE CASCADE;

--
-- Constraints for table `craft_assetindexdata`
--
ALTER TABLE `craft_assetindexdata`
	ADD CONSTRAINT `craft_assetindexdata_sourceId_fk` FOREIGN KEY (`sourceId`) REFERENCES `craft_assetsources` (`id`) ON DELETE CASCADE;

--
-- Constraints for table `craft_assetsources`
--
ALTER TABLE `craft_assetsources`
	ADD CONSTRAINT `craft_assetsources_fieldLayoutId_fk` FOREIGN KEY (`fieldLayoutId`) REFERENCES `craft_fieldlayouts` (`id`) ON DELETE SET NULL;

--
-- Constraints for table `craft_categories`
--
ALTER TABLE `craft_categories`
	ADD CONSTRAINT `craft_categories_groupId_fk` FOREIGN KEY (`groupId`) REFERENCES `craft_categorygroups` (`id`) ON DELETE CASCADE,
	ADD CONSTRAINT `craft_categories_id_fk` FOREIGN KEY (`id`) REFERENCES `craft_elements` (`id`) ON DELETE CASCADE;

--
-- Constraints for table `craft_categorygroups`
--
ALTER TABLE `craft_categorygroups`
	ADD CONSTRAINT `craft_categorygroups_fieldLayoutId_fk` FOREIGN KEY (`fieldLayoutId`) REFERENCES `craft_fieldlayouts` (`id`) ON DELETE SET NULL,
	ADD CONSTRAINT `craft_categorygroups_structureId_fk` FOREIGN KEY (`structureId`) REFERENCES `craft_structures` (`id`) ON DELETE CASCADE;

--
-- Constraints for table `craft_categorygroups_i18n`
--
ALTER TABLE `craft_categorygroups_i18n`
	ADD CONSTRAINT `craft_categorygroups_i18n_groupId_fk` FOREIGN KEY (`groupId`) REFERENCES `craft_categorygroups` (`id`) ON DELETE CASCADE,
	ADD CONSTRAINT `craft_categorygroups_i18n_locale_fk` FOREIGN KEY (`locale`) REFERENCES `craft_locales` (`locale`) ON DELETE CASCADE ON UPDATE CASCADE;

--
-- Constraints for table `craft_content`
--
ALTER TABLE `craft_content`
	ADD CONSTRAINT `craft_content_elementId_fk` FOREIGN KEY (`elementId`) REFERENCES `craft_elements` (`id`) ON DELETE CASCADE,
	ADD CONSTRAINT `craft_content_locale_fk` FOREIGN KEY (`locale`) REFERENCES `craft_locales` (`locale`) ON DELETE CASCADE ON UPDATE CASCADE;

--
-- Constraints for table `craft_elements_i18n`
--
ALTER TABLE `craft_elements_i18n`
	ADD CONSTRAINT `craft_elements_i18n_elementId_fk` FOREIGN KEY (`elementId`) REFERENCES `craft_elements` (`id`) ON DELETE CASCADE,
	ADD CONSTRAINT `craft_elements_i18n_locale_fk` FOREIGN KEY (`locale`) REFERENCES `craft_locales` (`locale`) ON DELETE CASCADE ON UPDATE CASCADE;

--
-- Constraints for table `craft_emailmessages`
--
ALTER TABLE `craft_emailmessages`
	ADD CONSTRAINT `craft_emailmessages_locale_fk` FOREIGN KEY (`locale`) REFERENCES `craft_locales` (`locale`) ON DELETE CASCADE ON UPDATE CASCADE;

--
-- Constraints for table `craft_entries`
--
ALTER TABLE `craft_entries`
	ADD CONSTRAINT `craft_entries_authorId_fk` FOREIGN KEY (`authorId`) REFERENCES `craft_users` (`id`) ON DELETE CASCADE,
	ADD CONSTRAINT `craft_entries_id_fk` FOREIGN KEY (`id`) REFERENCES `craft_elements` (`id`) ON DELETE CASCADE,
	ADD CONSTRAINT `craft_entries_sectionId_fk` FOREIGN KEY (`sectionId`) REFERENCES `craft_sections` (`id`) ON DELETE CASCADE,
	ADD CONSTRAINT `craft_entries_typeId_fk` FOREIGN KEY (`typeId`) REFERENCES `craft_entrytypes` (`id`) ON DELETE CASCADE;

--
-- Constraints for table `craft_entrydrafts`
--
ALTER TABLE `craft_entrydrafts`
	ADD CONSTRAINT `craft_entrydrafts_creatorId_fk` FOREIGN KEY (`creatorId`) REFERENCES `craft_users` (`id`) ON DELETE CASCADE,
	ADD CONSTRAINT `craft_entrydrafts_entryId_fk` FOREIGN KEY (`entryId`) REFERENCES `craft_entries` (`id`) ON DELETE CASCADE,
	ADD CONSTRAINT `craft_entrydrafts_locale_fk` FOREIGN KEY (`locale`) REFERENCES `craft_locales` (`locale`) ON DELETE CASCADE ON UPDATE CASCADE,
	ADD CONSTRAINT `craft_entrydrafts_sectionId_fk` FOREIGN KEY (`sectionId`) REFERENCES `craft_sections` (`id`) ON DELETE CASCADE;

--
-- Constraints for table `craft_entrytypes`
--
ALTER TABLE `craft_entrytypes`
	ADD CONSTRAINT `craft_entrytypes_fieldLayoutId_fk` FOREIGN KEY (`fieldLayoutId`) REFERENCES `craft_fieldlayouts` (`id`) ON DELETE SET NULL,
	ADD CONSTRAINT `craft_entrytypes_sectionId_fk` FOREIGN KEY (`sectionId`) REFERENCES `craft_sections` (`id`) ON DELETE CASCADE;

--
-- Constraints for table `craft_entryversions`
--
ALTER TABLE `craft_entryversions`
	ADD CONSTRAINT `craft_entryversions_creatorId_fk` FOREIGN KEY (`creatorId`) REFERENCES `craft_users` (`id`) ON DELETE SET NULL,
	ADD CONSTRAINT `craft_entryversions_entryId_fk` FOREIGN KEY (`entryId`) REFERENCES `craft_entries` (`id`) ON DELETE CASCADE,
	ADD CONSTRAINT `craft_entryversions_locale_fk` FOREIGN KEY (`locale`) REFERENCES `craft_locales` (`locale`) ON DELETE CASCADE ON UPDATE CASCADE,
	ADD CONSTRAINT `craft_entryversions_sectionId_fk` FOREIGN KEY (`sectionId`) REFERENCES `craft_sections` (`id`) ON DELETE CASCADE;

--
-- Constraints for table `craft_fieldlayoutfields`
--
ALTER TABLE `craft_fieldlayoutfields`
	ADD CONSTRAINT `craft_fieldlayoutfields_fieldId_fk` FOREIGN KEY (`fieldId`) REFERENCES `craft_fields` (`id`) ON DELETE CASCADE,
	ADD CONSTRAINT `craft_fieldlayoutfields_layoutId_fk` FOREIGN KEY (`layoutId`) REFERENCES `craft_fieldlayouts` (`id`) ON DELETE CASCADE,
	ADD CONSTRAINT `craft_fieldlayoutfields_tabId_fk` FOREIGN KEY (`tabId`) REFERENCES `craft_fieldlayouttabs` (`id`) ON DELETE CASCADE;

--
-- Constraints for table `craft_fieldlayouttabs`
--
ALTER TABLE `craft_fieldlayouttabs`
	ADD CONSTRAINT `craft_fieldlayouttabs_layoutId_fk` FOREIGN KEY (`layoutId`) REFERENCES `craft_fieldlayouts` (`id`) ON DELETE CASCADE;

--
-- Constraints for table `craft_fields`
--
ALTER TABLE `craft_fields`
	ADD CONSTRAINT `craft_fields_groupId_fk` FOREIGN KEY (`groupId`) REFERENCES `craft_fieldgroups` (`id`) ON DELETE CASCADE;

--
-- Constraints for table `craft_globalsets`
--
ALTER TABLE `craft_globalsets`
	ADD CONSTRAINT `craft_globalsets_fieldLayoutId_fk` FOREIGN KEY (`fieldLayoutId`) REFERENCES `craft_fieldlayouts` (`id`) ON DELETE SET NULL,
	ADD CONSTRAINT `craft_globalsets_id_fk` FOREIGN KEY (`id`) REFERENCES `craft_elements` (`id`) ON DELETE CASCADE;

--
-- Constraints for table `craft_matrixblocks`
--
ALTER TABLE `craft_matrixblocks`
	ADD CONSTRAINT `craft_matrixblocks_fieldId_fk` FOREIGN KEY (`fieldId`) REFERENCES `craft_fields` (`id`) ON DELETE CASCADE,
	ADD CONSTRAINT `craft_matrixblocks_id_fk` FOREIGN KEY (`id`) REFERENCES `craft_elements` (`id`) ON DELETE CASCADE,
	ADD CONSTRAINT `craft_matrixblocks_ownerId_fk` FOREIGN KEY (`ownerId`) REFERENCES `craft_elements` (`id`) ON DELETE CASCADE,
	ADD CONSTRAINT `craft_matrixblocks_ownerLocale_fk` FOREIGN KEY (`ownerLocale`) REFERENCES `craft_locales` (`locale`) ON DELETE CASCADE ON UPDATE CASCADE,
	ADD CONSTRAINT `craft_matrixblocks_typeId_fk` FOREIGN KEY (`typeId`) REFERENCES `craft_matrixblocktypes` (`id`) ON DELETE CASCADE;

--
-- Constraints for table `craft_matrixblocktypes`
--
ALTER TABLE `craft_matrixblocktypes`
	ADD CONSTRAINT `craft_matrixblocktypes_fieldId_fk` FOREIGN KEY (`fieldId`) REFERENCES `craft_fields` (`id`) ON DELETE CASCADE,
	ADD CONSTRAINT `craft_matrixblocktypes_fieldLayoutId_fk` FOREIGN KEY (`fieldLayoutId`) REFERENCES `craft_fieldlayouts` (`id`) ON DELETE SET NULL;

--
-- Constraints for table `craft_migrations`
--
ALTER TABLE `craft_migrations`
	ADD CONSTRAINT `craft_migrations_pluginId_fk` FOREIGN KEY (`pluginId`) REFERENCES `craft_plugins` (`id`) ON DELETE CASCADE;

--
-- Constraints for table `craft_relations`
--
ALTER TABLE `craft_relations`
	ADD CONSTRAINT `craft_relations_fieldId_fk` FOREIGN KEY (`fieldId`) REFERENCES `craft_fields` (`id`) ON DELETE CASCADE,
	ADD CONSTRAINT `craft_relations_sourceId_fk` FOREIGN KEY (`sourceId`) REFERENCES `craft_elements` (`id`) ON DELETE CASCADE,
	ADD CONSTRAINT `craft_relations_sourceLocale_fk` FOREIGN KEY (`sourceLocale`) REFERENCES `craft_locales` (`locale`) ON DELETE CASCADE ON UPDATE CASCADE,
	ADD CONSTRAINT `craft_relations_targetId_fk` FOREIGN KEY (`targetId`) REFERENCES `craft_elements` (`id`) ON DELETE CASCADE;

--
-- Constraints for table `craft_routes`
--
ALTER TABLE `craft_routes`
	ADD CONSTRAINT `craft_routes_locale_fk` FOREIGN KEY (`locale`) REFERENCES `craft_locales` (`locale`) ON DELETE CASCADE ON UPDATE CASCADE;

--
-- Constraints for table `craft_sections`
--
ALTER TABLE `craft_sections`
	ADD CONSTRAINT `craft_sections_structureId_fk` FOREIGN KEY (`structureId`) REFERENCES `craft_structures` (`id`) ON DELETE SET NULL;

--
-- Constraints for table `craft_sections_i18n`
--
ALTER TABLE `craft_sections_i18n`
	ADD CONSTRAINT `craft_sections_i18n_locale_fk` FOREIGN KEY (`locale`) REFERENCES `craft_locales` (`locale`) ON DELETE CASCADE ON UPDATE CASCADE,
	ADD CONSTRAINT `craft_sections_i18n_sectionId_fk` FOREIGN KEY (`sectionId`) REFERENCES `craft_sections` (`id`) ON DELETE CASCADE;

--
-- Constraints for table `craft_seomatic_meta`
--
ALTER TABLE `craft_seomatic_meta`
	ADD CONSTRAINT `craft_seomatic_meta_id_fk` FOREIGN KEY (`id`) REFERENCES `craft_elements` (`id`) ON DELETE CASCADE,
	ADD CONSTRAINT `craft_seomatic_meta_seoFacebookImageId_fk` FOREIGN KEY (`seoFacebookImageId`) REFERENCES `craft_assetfiles` (`id`) ON DELETE SET NULL,
	ADD CONSTRAINT `craft_seomatic_meta_seoImageId_fk` FOREIGN KEY (`seoImageId`) REFERENCES `craft_assetfiles` (`id`) ON DELETE SET NULL,
	ADD CONSTRAINT `craft_seomatic_meta_seoTwitterImageId_fk` FOREIGN KEY (`seoTwitterImageId`) REFERENCES `craft_assetfiles` (`id`) ON DELETE SET NULL;

--
-- Constraints for table `craft_seomatic_settings`
--
ALTER TABLE `craft_seomatic_settings`
	ADD CONSTRAINT `craft_seomatic_settings_genericCreatorImageId_fk` FOREIGN KEY (`genericCreatorImageId`) REFERENCES `craft_assetfiles` (`id`) ON DELETE SET NULL,
	ADD CONSTRAINT `craft_seomatic_settings_genericOwnerImageId_fk` FOREIGN KEY (`genericOwnerImageId`) REFERENCES `craft_assetfiles` (`id`) ON DELETE SET NULL,
	ADD CONSTRAINT `craft_seomatic_settings_siteSeoFacebookImageId_fk` FOREIGN KEY (`siteSeoFacebookImageId`) REFERENCES `craft_assetfiles` (`id`) ON DELETE SET NULL,
	ADD CONSTRAINT `craft_seomatic_settings_siteSeoImageId_fk` FOREIGN KEY (`siteSeoImageId`) REFERENCES `craft_assetfiles` (`id`) ON DELETE SET NULL,
	ADD CONSTRAINT `craft_seomatic_settings_siteSeoTwitterImageId_fk` FOREIGN KEY (`siteSeoTwitterImageId`) REFERENCES `craft_assetfiles` (`id`) ON DELETE SET NULL;

--
-- Constraints for table `craft_sessions`
--
ALTER TABLE `craft_sessions`
	ADD CONSTRAINT `craft_sessions_userId_fk` FOREIGN KEY (`userId`) REFERENCES `craft_users` (`id`) ON DELETE CASCADE;

--
-- Constraints for table `craft_shunnedmessages`
--
ALTER TABLE `craft_shunnedmessages`
	ADD CONSTRAINT `craft_shunnedmessages_userId_fk` FOREIGN KEY (`userId`) REFERENCES `craft_users` (`id`) ON DELETE CASCADE;

--
-- Constraints for table `craft_structureelements`
--
ALTER TABLE `craft_structureelements`
	ADD CONSTRAINT `craft_structureelements_elementId_fk` FOREIGN KEY (`elementId`) REFERENCES `craft_elements` (`id`) ON DELETE CASCADE,
	ADD CONSTRAINT `craft_structureelements_structureId_fk` FOREIGN KEY (`structureId`) REFERENCES `craft_structures` (`id`) ON DELETE CASCADE;

--
-- Constraints for table `craft_taggroups`
--
ALTER TABLE `craft_taggroups`
	ADD CONSTRAINT `craft_taggroups_fieldLayoutId_fk` FOREIGN KEY (`fieldLayoutId`) REFERENCES `craft_fieldlayouts` (`id`) ON DELETE SET NULL;

--
-- Constraints for table `craft_tags`
--
ALTER TABLE `craft_tags`
	ADD CONSTRAINT `craft_tags_groupId_fk` FOREIGN KEY (`groupId`) REFERENCES `craft_taggroups` (`id`) ON DELETE CASCADE,
	ADD CONSTRAINT `craft_tags_id_fk` FOREIGN KEY (`id`) REFERENCES `craft_elements` (`id`) ON DELETE CASCADE;

--
-- Constraints for table `craft_templatecachecriteria`
--
ALTER TABLE `craft_templatecachecriteria`
	ADD CONSTRAINT `craft_templatecachecriteria_cacheId_fk` FOREIGN KEY (`cacheId`) REFERENCES `craft_templatecaches` (`id`) ON DELETE CASCADE;

--
-- Constraints for table `craft_templatecacheelements`
--
ALTER TABLE `craft_templatecacheelements`
	ADD CONSTRAINT `craft_templatecacheelements_cacheId_fk` FOREIGN KEY (`cacheId`) REFERENCES `craft_templatecaches` (`id`) ON DELETE CASCADE,
	ADD CONSTRAINT `craft_templatecacheelements_elementId_fk` FOREIGN KEY (`elementId`) REFERENCES `craft_elements` (`id`) ON DELETE CASCADE;

--
-- Constraints for table `craft_templatecaches`
--
ALTER TABLE `craft_templatecaches`
	ADD CONSTRAINT `craft_templatecaches_locale_fk` FOREIGN KEY (`locale`) REFERENCES `craft_locales` (`locale`) ON DELETE CASCADE ON UPDATE CASCADE;

--
-- Constraints for table `craft_usergroups_users`
--
ALTER TABLE `craft_usergroups_users`
	ADD CONSTRAINT `craft_usergroups_users_groupId_fk` FOREIGN KEY (`groupId`) REFERENCES `craft_usergroups` (`id`) ON DELETE CASCADE,
	ADD CONSTRAINT `craft_usergroups_users_userId_fk` FOREIGN KEY (`userId`) REFERENCES `craft_users` (`id`) ON DELETE CASCADE;

--
-- Constraints for table `craft_userpermissions_usergroups`
--
ALTER TABLE `craft_userpermissions_usergroups`
	ADD CONSTRAINT `craft_userpermissions_usergroups_groupId_fk` FOREIGN KEY (`groupId`) REFERENCES `craft_usergroups` (`id`) ON DELETE CASCADE,
	ADD CONSTRAINT `craft_userpermissions_usergroups_permissionId_fk` FOREIGN KEY (`permissionId`) REFERENCES `craft_userpermissions` (`id`) ON DELETE CASCADE;

--
-- Constraints for table `craft_userpermissions_users`
--
ALTER TABLE `craft_userpermissions_users`
	ADD CONSTRAINT `craft_userpermissions_users_permissionId_fk` FOREIGN KEY (`permissionId`) REFERENCES `craft_userpermissions` (`id`) ON DELETE CASCADE,
	ADD CONSTRAINT `craft_userpermissions_users_userId_fk` FOREIGN KEY (`userId`) REFERENCES `craft_users` (`id`) ON DELETE CASCADE;

--
-- Constraints for table `craft_users`
--
ALTER TABLE `craft_users`
	ADD CONSTRAINT `craft_users_id_fk` FOREIGN KEY (`id`) REFERENCES `craft_elements` (`id`) ON DELETE CASCADE,
	ADD CONSTRAINT `craft_users_preferredLocale_fk` FOREIGN KEY (`preferredLocale`) REFERENCES `craft_locales` (`locale`) ON DELETE SET NULL ON UPDATE CASCADE;

--
-- Constraints for table `craft_widgets`
--
ALTER TABLE `craft_widgets`
	ADD CONSTRAINT `craft_widgets_userId_fk` FOREIGN KEY (`userId`) REFERENCES `craft_users` (`id`) ON DELETE CASCADE;

SET FOREIGN_KEY_CHECKS = 1;
